fmisid,obs_time_utc,t2m_c,ws_10min_ms,r_1h_mm,ri_10min_mmh,t2m_status,ws_10min_status,r_1h_status,ri_10min_status,is_null_any,r_1h_convention,timezone_handling,source_snapshot_id,source_files,source_row_lineage
100949,2020-10-05T00:00:00Z,13.3,5.3,0.0,0.0,OK,OK,OK,OK,false,hour_ending,SOURCE_UTC_STATED,fmi-8ab7d7d344b4,fmi_100949_20201005_20201011.xml,fmi_100949_20201005_20201011.xml#1;fmi_100949_20201005_20201011.xml#2;fmi_100949_20201005_20201011.xml#3;fmi_100949_20201005_20201011.xml#4
100949,2020-10-05T01:00:00Z,13.8,5.0,0.0,0.0,OK,OK,OK,OK,false,hour_ending,SOURCE_UTC_STATED,fmi-8ab7d7d344b4,fmi_100949_20201005_20201011.xml,fmi_100949_20201005_20201011.xml#5;fmi_100949_20201005_20201011.xml#6;fmi_100949_20201005_20201011.xml#7;fmi_100949_20201005_20201011.xml#8
100949,2020-10-05T02:00:00Z,13.7,4.8,0.0,0.0,OK,OK,OK,OK,false,hour_ending,SOURCE_UTC_STATED,fmi-8ab7d7d344b4,fmi_100949_20201005_20201011.xml,fmi_100949_20201005_20201011.xml#10;fmi_100949_20201005_20201011.xml#11;fmi_100949_20201005_20201011.xml#12;fmi_100949_20201005_20201011.xml#9
100949,2020-10-05T03:00:00Z,14.5,5.5,0.0,0.0,OK,OK,OK,OK,false,hour_ending,SOURCE_UTC_STATED,fmi-8ab7d7d344b4,fmi_100949_20201005_20201011.xml,fmi_100949_20201005_20201011.xml#13;fmi_100949_20201005_20201011.xml#14;fmi_100949_20201005_20201011.xml#15;fmi_100949_20201005_20201011.xml#16
100949,2020-10-05T04:00:00Z,13.9,6.8,0.1,0.3,OK,OK,OK,OK,false,hour_ending,SOURCE_UTC_STATED,fmi-8ab7d7d344b4,fmi_100949_20201005_20201011.xml,fmi_100949_20201005_20201011.xml#17;fmi_100949_20201005_20201011.xml#18;fmi_100949_20201005_20201011.xml#19;fmi_100949_20201005_20201011.xml#20
100949,2020-10-05T05:00:00Z,14.1,5.1,0.6,0.0,OK,OK,OK,OK,false,hour_ending,SOURCE_UTC_STATED,fmi-8ab7d7d344b4,fmi_100949_20201005_20201011.xml,fmi_100949_20201005_20201011.xml#21;fmi_100949_20201005_20201011.xml#22;fmi_100949_20201005_20201011.xml#23;fmi_100949_20201005_20201011.xml#24
100949,2020-10-05T06:00:00Z,14.6,7.3,0.0,0.0,OK,OK,OK,OK,false,hour_ending,SOURCE_UTC_STATED,fmi-8ab7d7d344b4,fmi_100949_20201005_20201011.xml,fmi_100949_20201005_20201011.xml#25;fmi_100949_20201005_20201011.xml#26;fmi_100949_20201005_20201011.xml#27;fmi_100949_20201005_20201011.xml#28
100949,2020-10-05T07:00:00Z,15.2,7.3,0.0,0.0,OK,OK,OK,OK,false,hour_ending,SOURCE_UTC_STATED,fmi-8ab7d7d344b4,fmi_100949_20201005_20201011.xml,fmi_100949_20201005_20201011.xml#29;fmi_100949_20201005_20201011.xml#30;fmi_100949_20201005_20201011.xml#31;fmi_100949_20201005_20201011.xml#32
100949,2020-10-05T08:00:00Z,15.9,6.3,0.0,0.0,OK,OK,OK,OK,false,hour_ending,SOURCE_UTC_STATED,fmi-8ab7d7d344b4,fmi_100949_20201005_20201011.xml,fmi_100949_20201005_20201011.xml#33;fmi_100949_20201005_20201011.xml#34;fmi_100949_20201005_20201011.xml#35;fmi_100949_20201005_20201011.xml#36
100949,2020-10-05T09:00:00Z,15.6,6.7,0.0,0.0,OK,OK,OK,OK,false,hour_ending,SOURCE_UTC_STATED,fmi-8ab7d7d344b4,fmi_100949_20201005_20201011.xml,fmi_100949_20201005_20201011.xml#37;fmi_100949_20201005_20201011.xml#38;fmi_100949_20201005_20201011.xml#39;fmi_100949_20201005_20201011.xml#40
100949,2020-10-05T10:00:00Z,15.9,5.0,0.0,0.0,OK,OK,OK,OK,false,hour_ending,SOURCE_UTC_STATED,fmi-8ab7d7d344b4,fmi_100949_20201005_20201011.xml,fmi_100949_20201005_20201011.xml#41;fmi_100949_20201005_20201011.xml#42;fmi_100949_20201005_20201011.xml#43;fmi_100949_20201005_20201011.xml#44
100949,2020-10-05T11:00:00Z,16.5,6.2,0.0,0.0,OK,OK,OK,OK,false,hour_ending,SOURCE_UTC_STATED,fmi-8ab7d7d344b4,fmi_100949_20201005_20201011.xml,fmi_100949_20201005_20201011.xml#45;fmi_100949_20201005_20201011.xml#46;fmi_100949_20201005_20201011.xml#47;fmi_100949_20201005_20201011.xml#48
100949,2020-10-05T12:00:00Z,16.4,4.5,0.0,0.0,OK,OK,OK,OK,false,hour_ending,SOURCE_UTC_STATED,fmi-8ab7d7d344b4,fmi_100949_20201005_20201011.xml,fmi_100949_20201005_20201011.xml#49;fmi_100949_20201005_20201011.xml#50;fmi_100949_20201005_20201011.xml#51;fmi_100949_20201005_20201011.xml#52
100949,2020-10-05T13:00:00Z,16.4,4.0,0.0,0.0,OK,OK,OK,OK,false,hour_ending,SOURCE_UTC_STATED,fmi-8ab7d7d344b4,fmi_100949_20201005_20201011.xml,fmi_100949_20201005_20201011.xml#53;fmi_100949_20201005_20201011.xml#54;fmi_100949_20201005_20201011.xml#55;fmi_100949_20201005_20201011.xml#56
100949,2020-10-05T14:00:00Z,15.8,2.8,0.0,0.0,OK,OK,OK,OK,false,hour_ending,SOURCE_UTC_STATED,fmi-8ab7d7d344b4,fmi_100949_20201005_20201011.xml,fmi_100949_20201005_20201011.xml#57;fmi_100949_20201005_20201011.xml#58;fmi_100949_20201005_20201011.xml#59;fmi_100949_20201005_20201011.xml#60
100949,2020-10-05T15:00:00Z,14.9,2.5,0.0,0.0,OK,OK,OK,OK,false,hour_ending,SOURCE_UTC_STATED,fmi-8ab7d7d344b4,fmi_100949_20201005_20201011.xml,fmi_100949_20201005_20201011.xml#61;fmi_100949_20201005_20201011.xml#62;fmi_100949_20201005_20201011.xml#63;fmi_100949_20201005_20201011.xml#64
100949,2020-10-05T16:00:00Z,13.5,1.5,0.0,0.0,OK,OK,OK,OK,false,hour_ending,SOURCE_UTC_STATED,fmi-8ab7d7d344b4,fmi_100949_20201005_20201011.xml,fmi_100949_20201005_20201011.xml#65;fmi_100949_20201005_20201011.xml#66;fmi_100949_20201005_20201011.xml#67;fmi_100949_20201005_20201011.xml#68
100949,2020-10-05T17:00:00Z,12.1,1.9,0.0,0.0,OK,OK,OK,OK,false,hour_ending,SOURCE_UTC_STATED,fmi-8ab7d7d344b4,fmi_100949_20201005_20201011.xml,fmi_100949_20201005_20201011.xml#69;fmi_100949_20201005_20201011.xml#70;fmi_100949_20201005_20201011.xml#71;fmi_100949_20201005_20201011.xml#72
100949,2020-10-05T18:00:00Z,12.3,2.0,0.0,0.0,OK,OK,OK,OK,false,hour_ending,SOURCE_UTC_STATED,fmi-8ab7d7d344b4,fmi_100949_20201005_20201011.xml,fmi_100949_20201005_20201011.xml#73;fmi_100949_20201005_20201011.xml#74;fmi_100949_20201005_20201011.xml#75;fmi_100949_20201005_20201011.xml#76
100949,2020-10-05T19:00:00Z,12.1,2.3,0.0,0.0,OK,OK,OK,OK,false,hour_ending,SOURCE_UTC_STATED,fmi-8ab7d7d344b4,fmi_100949_20201005_20201011.xml,fmi_100949_20201005_20201011.xml#77;fmi_100949_20201005_20201011.xml#78;fmi_100949_20201005_20201011.xml#79;fmi_100949_20201005_20201011.xml#80
100949,2020-10-05T20:00:00Z,11.8,2.8,0.0,0.0,OK,OK,OK,OK,false,hour_ending,SOURCE_UTC_STATED,fmi-8ab7d7d344b4,fmi_100949_20201005_20201011.xml,fmi_100949_20201005_20201011.xml#81;fmi_100949_20201005_20201011.xml#82;fmi_100949_20201005_20201011.xml#83;fmi_100949_20201005_20201011.xml#84
100949,2020-10-05T21:00:00Z,11.5,2.4,0.0,0.0,OK,OK,OK,OK,false,hour_ending,SOURCE_UTC_STATED,fmi-8ab7d7d344b4,fmi_100949_20201005_20201011.xml,fmi_100949_20201005_20201011.xml#85;fmi_100949_20201005_20201011.xml#86;fmi_100949_20201005_20201011.xml#87;fmi_100949_20201005_20201011.xml#88
100949,2020-10-05T22:00:00Z,11.8,2.4,0.0,0.0,OK,OK,OK,OK,false,hour_ending,SOURCE_UTC_STATED,fmi-8ab7d7d344b4,fmi_100949_20201005_20201011.xml,fmi_100949_20201005_20201011.xml#89;fmi_100949_20201005_20201011.xml#90;fmi_100949_20201005_20201011.xml#91;fmi_100949_20201005_20201011.xml#92
100949,2020-10-05T23:00:00Z,12.3,2.5,0.0,0.0,OK,OK,OK,OK,false,hour_ending,SOURCE_UTC_STATED,fmi-8ab7d7d344b4,fmi_100949_20201005_20201011.xml,fmi_100949_20201005_20201011.xml#93;fmi_100949_20201005_20201011.xml#94;fmi_100949_20201005_20201011.xml#95;fmi_100949_20201005_20201011.xml#96
100949,2020-10-06T00:00:00Z,12.7,2.9,0.0,0.0,OK,OK,OK,OK,false,hour_ending,SOURCE_UTC_STATED,fmi-8ab7d7d344b4,fmi_100949_20201005_20201011.xml,fmi_100949_20201005_20201011.xml#100;fmi_100949_20201005_20201011.xml#97;fmi_100949_20201005_20201011.xml#98;fmi_100949_20201005_20201011.xml#99
100949,2020-10-06T01:00:00Z,13.3,3.1,0.0,0.0,OK,OK,OK,OK,false,hour_ending,SOURCE_UTC_STATED,fmi-8ab7d7d344b4,fmi_100949_20201005_20201011.xml,fmi_100949_20201005_20201011.xml#101;fmi_100949_20201005_20201011.xml#102;fmi_100949_20201005_20201011.xml#103;fmi_100949_20201005_20201011.xml#104
100949,2020-10-06T02:00:00Z,13.5,2.8,0.1,0.0,OK,OK,OK,OK,false,hour_ending,SOURCE_UTC_STATED,fmi-8ab7d7d344b4,fmi_100949_20201005_20201011.xml,fmi_100949_20201005_20201011.xml#105;fmi_100949_20201005_20201011.xml#106;fmi_100949_20201005_20201011.xml#107;fmi_100949_20201005_20201011.xml#108
100949,2020-10-06T03:00:00Z,14.0,3.0,0.0,0.0,OK,OK,OK,OK,false,hour_ending,SOURCE_UTC_STATED,fmi-8ab7d7d344b4,fmi_100949_20201005_20201011.xml,fmi_100949_20201005_20201011.xml#109;fmi_100949_20201005_20201011.xml#110;fmi_100949_20201005_20201011.xml#111;fmi_100949_20201005_20201011.xml#112
100949,2020-10-06T04:00:00Z,14.4,3.5,0.0,0.0,OK,OK,OK,OK,false,hour_ending,SOURCE_UTC_STATED,fmi-8ab7d7d344b4,fmi_100949_20201005_20201011.xml,fmi_100949_20201005_20201011.xml#113;fmi_100949_20201005_20201011.xml#114;fmi_100949_20201005_20201011.xml#115;fmi_100949_20201005_20201011.xml#116
100949,2020-10-06T05:00:00Z,14.8,3.7,0.0,0.0,OK,OK,OK,OK,false,hour_ending,SOURCE_UTC_STATED,fmi-8ab7d7d344b4,fmi_100949_20201005_20201011.xml,fmi_100949_20201005_20201011.xml#117;fmi_100949_20201005_20201011.xml#118;fmi_100949_20201005_20201011.xml#119;fmi_100949_20201005_20201011.xml#120
100949,2020-10-06T06:00:00Z,14.9,5.8,0.0,0.0,OK,OK,OK,OK,false,hour_ending,SOURCE_UTC_STATED,fmi-8ab7d7d344b4,fmi_100949_20201005_20201011.xml,fmi_100949_20201005_20201011.xml#121;fmi_100949_20201005_20201011.xml#122;fmi_100949_20201005_20201011.xml#123;fmi_100949_20201005_20201011.xml#124
100949,2020-10-06T07:00:00Z,13.7,5.3,3.7,2.0,OK,OK,OK,OK,false,hour_ending,SOURCE_UTC_STATED,fmi-8ab7d7d344b4,fmi_100949_20201005_20201011.xml,fmi_100949_20201005_20201011.xml#125;fmi_100949_20201005_20201011.xml#126;fmi_100949_20201005_20201011.xml#127;fmi_100949_20201005_20201011.xml#128
100949,2020-10-06T08:00:00Z,13.5,4.3,1.6,0.0,OK,OK,OK,OK,false,hour_ending,SOURCE_UTC_STATED,fmi-8ab7d7d344b4,fmi_100949_20201005_20201011.xml,fmi_100949_20201005_20201011.xml#129;fmi_100949_20201005_20201011.xml#130;fmi_100949_20201005_20201011.xml#131;fmi_100949_20201005_20201011.xml#132
100949,2020-10-06T09:00:00Z,13.7,5.7,0.0,0.0,OK,OK,OK,OK,false,hour_ending,SOURCE_UTC_STATED,fmi-8ab7d7d344b4,fmi_100949_20201005_20201011.xml,fmi_100949_20201005_20201011.xml#133;fmi_100949_20201005_20201011.xml#134;fmi_100949_20201005_20201011.xml#135;fmi_100949_20201005_20201011.xml#136
100949,2020-10-06T10:00:00Z,14.2,5.4,0.0,0.0,OK,OK,OK,OK,false,hour_ending,SOURCE_UTC_STATED,fmi-8ab7d7d344b4,fmi_100949_20201005_20201011.xml,fmi_100949_20201005_20201011.xml#137;fmi_100949_20201005_20201011.xml#138;fmi_100949_20201005_20201011.xml#139;fmi_100949_20201005_20201011.xml#140
100949,2020-10-06T11:00:00Z,14.2,6.0,0.1,0.0,OK,OK,OK,OK,false,hour_ending,SOURCE_UTC_STATED,fmi-8ab7d7d344b4,fmi_100949_20201005_20201011.xml,fmi_100949_20201005_20201011.xml#141;fmi_100949_20201005_20201011.xml#142;fmi_100949_20201005_20201011.xml#143;fmi_100949_20201005_20201011.xml#144
100949,2020-10-06T12:00:00Z,14.9,9.5,0.6,0.0,OK,OK,OK,OK,false,hour_ending,SOURCE_UTC_STATED,fmi-8ab7d7d344b4,fmi_100949_20201005_20201011.xml,fmi_100949_20201005_20201011.xml#145;fmi_100949_20201005_20201011.xml#146;fmi_100949_20201005_20201011.xml#147;fmi_100949_20201005_20201011.xml#148
100949,2020-10-06T13:00:00Z,14.6,10.3,0.1,0.3,OK,OK,OK,OK,false,hour_ending,SOURCE_UTC_STATED,fmi-8ab7d7d344b4,fmi_100949_20201005_20201011.xml,fmi_100949_20201005_20201011.xml#149;fmi_100949_20201005_20201011.xml#150;fmi_100949_20201005_20201011.xml#151;fmi_100949_20201005_20201011.xml#152
100949,2020-10-06T14:00:00Z,15.1,7.2,0.1,0.0,OK,OK,OK,OK,false,hour_ending,SOURCE_UTC_STATED,fmi-8ab7d7d344b4,fmi_100949_20201005_20201011.xml,fmi_100949_20201005_20201011.xml#153;fmi_100949_20201005_20201011.xml#154;fmi_100949_20201005_20201011.xml#155;fmi_100949_20201005_20201011.xml#156
100949,2020-10-06T15:00:00Z,14.7,5.8,0.0,0.0,OK,OK,OK,OK,false,hour_ending,SOURCE_UTC_STATED,fmi-8ab7d7d344b4,fmi_100949_20201005_20201011.xml,fmi_100949_20201005_20201011.xml#157;fmi_100949_20201005_20201011.xml#158;fmi_100949_20201005_20201011.xml#159;fmi_100949_20201005_20201011.xml#160
100949,2020-10-06T16:00:00Z,14.5,5.9,0.0,0.0,OK,OK,OK,OK,false,hour_ending,SOURCE_UTC_STATED,fmi-8ab7d7d344b4,fmi_100949_20201005_20201011.xml,fmi_100949_20201005_20201011.xml#161;fmi_100949_20201005_20201011.xml#162;fmi_100949_20201005_20201011.xml#163;fmi_100949_20201005_20201011.xml#164
100949,2020-10-06T17:00:00Z,14.1,6.9,0.0,0.0,OK,OK,OK,OK,false,hour_ending,SOURCE_UTC_STATED,fmi-8ab7d7d344b4,fmi_100949_20201005_20201011.xml,fmi_100949_20201005_20201011.xml#165;fmi_100949_20201005_20201011.xml#166;fmi_100949_20201005_20201011.xml#167;fmi_100949_20201005_20201011.xml#168
100949,2020-10-06T18:00:00Z,13.9,6.6,0.0,0.0,OK,OK,OK,OK,false,hour_ending,SOURCE_UTC_STATED,fmi-8ab7d7d344b4,fmi_100949_20201005_20201011.xml,fmi_100949_20201005_20201011.xml#169;fmi_100949_20201005_20201011.xml#170;fmi_100949_20201005_20201011.xml#171;fmi_100949_20201005_20201011.xml#172
100949,2020-10-06T19:00:00Z,13.7,5.4,0.0,0.0,OK,OK,OK,OK,false,hour_ending,SOURCE_UTC_STATED,fmi-8ab7d7d344b4,fmi_100949_20201005_20201011.xml,fmi_100949_20201005_20201011.xml#173;fmi_100949_20201005_20201011.xml#174;fmi_100949_20201005_20201011.xml#175;fmi_100949_20201005_20201011.xml#176
100949,2020-10-06T20:00:00Z,13.3,5.8,0.1,0.4,OK,OK,OK,OK,false,hour_ending,SOURCE_UTC_STATED,fmi-8ab7d7d344b4,fmi_100949_20201005_20201011.xml,fmi_100949_20201005_20201011.xml#177;fmi_100949_20201005_20201011.xml#178;fmi_100949_20201005_20201011.xml#179;fmi_100949_20201005_20201011.xml#180
100949,2020-10-06T21:00:00Z,12.9,5.0,0.0,0.0,OK,OK,OK,OK,false,hour_ending,SOURCE_UTC_STATED,fmi-8ab7d7d344b4,fmi_100949_20201005_20201011.xml,fmi_100949_20201005_20201011.xml#181;fmi_100949_20201005_20201011.xml#182;fmi_100949_20201005_20201011.xml#183;fmi_100949_20201005_20201011.xml#184
100949,2020-10-06T22:00:00Z,12.1,3.0,0.7,0.0,OK,OK,OK,OK,false,hour_ending,SOURCE_UTC_STATED,fmi-8ab7d7d344b4,fmi_100949_20201005_20201011.xml,fmi_100949_20201005_20201011.xml#185;fmi_100949_20201005_20201011.xml#186;fmi_100949_20201005_20201011.xml#187;fmi_100949_20201005_20201011.xml#188
100949,2020-10-06T23:00:00Z,12.5,4.5,0.0,0.0,OK,OK,OK,OK,false,hour_ending,SOURCE_UTC_STATED,fmi-8ab7d7d344b4,fmi_100949_20201005_20201011.xml,fmi_100949_20201005_20201011.xml#189;fmi_100949_20201005_20201011.xml#190;fmi_100949_20201005_20201011.xml#191;fmi_100949_20201005_20201011.xml#192
100949,2020-10-07T00:00:00Z,13.0,3.9,0.0,0.0,OK,OK,OK,OK,false,hour_ending,SOURCE_UTC_STATED,fmi-8ab7d7d344b4,fmi_100949_20201005_20201011.xml,fmi_100949_20201005_20201011.xml#193;fmi_100949_20201005_20201011.xml#194;fmi_100949_20201005_20201011.xml#195;fmi_100949_20201005_20201011.xml#196
100949,2020-10-07T01:00:00Z,13.1,4.8,0.0,0.0,OK,OK,OK,OK,false,hour_ending,SOURCE_UTC_STATED,fmi-8ab7d7d344b4,fmi_100949_20201005_20201011.xml,fmi_100949_20201005_20201011.xml#197;fmi_100949_20201005_20201011.xml#198;fmi_100949_20201005_20201011.xml#199;fmi_100949_20201005_20201011.xml#200
100949,2020-10-07T02:00:00Z,13.2,4.7,0.0,0.0,OK,OK,OK,OK,false,hour_ending,SOURCE_UTC_STATED,fmi-8ab7d7d344b4,fmi_100949_20201005_20201011.xml,fmi_100949_20201005_20201011.xml#201;fmi_100949_20201005_20201011.xml#202;fmi_100949_20201005_20201011.xml#203;fmi_100949_20201005_20201011.xml#204
100949,2020-10-07T03:00:00Z,13.2,3.7,0.0,0.0,OK,OK,OK,OK,false,hour_ending,SOURCE_UTC_STATED,fmi-8ab7d7d344b4,fmi_100949_20201005_20201011.xml,fmi_100949_20201005_20201011.xml#205;fmi_100949_20201005_20201011.xml#206;fmi_100949_20201005_20201011.xml#207;fmi_100949_20201005_20201011.xml#208
100949,2020-10-07T04:00:00Z,13.5,4.2,0.0,0.0,OK,OK,OK,OK,false,hour_ending,SOURCE_UTC_STATED,fmi-8ab7d7d344b4,fmi_100949_20201005_20201011.xml,fmi_100949_20201005_20201011.xml#209;fmi_100949_20201005_20201011.xml#210;fmi_100949_20201005_20201011.xml#211;fmi_100949_20201005_20201011.xml#212
100949,2020-10-07T05:00:00Z,13.2,4.1,0.0,0.0,OK,OK,OK,OK,false,hour_ending,SOURCE_UTC_STATED,fmi-8ab7d7d344b4,fmi_100949_20201005_20201011.xml,fmi_100949_20201005_20201011.xml#213;fmi_100949_20201005_20201011.xml#214;fmi_100949_20201005_20201011.xml#215;fmi_100949_20201005_20201011.xml#216
100949,2020-10-07T06:00:00Z,12.6,4.5,0.0,0.0,OK,OK,OK,OK,false,hour_ending,SOURCE_UTC_STATED,fmi-8ab7d7d344b4,fmi_100949_20201005_20201011.xml,fmi_100949_20201005_20201011.xml#217;fmi_100949_20201005_20201011.xml#218;fmi_100949_20201005_20201011.xml#219;fmi_100949_20201005_20201011.xml#220
100949,2020-10-07T07:00:00Z,13.9,3.7,0.0,0.0,OK,OK,OK,OK,false,hour_ending,SOURCE_UTC_STATED,fmi-8ab7d7d344b4,fmi_100949_20201005_20201011.xml,fmi_100949_20201005_20201011.xml#221;fmi_100949_20201005_20201011.xml#222;fmi_100949_20201005_20201011.xml#223;fmi_100949_20201005_20201011.xml#224
100949,2020-10-07T08:00:00Z,14.2,4.3,0.0,0.0,OK,OK,OK,OK,false,hour_ending,SOURCE_UTC_STATED,fmi-8ab7d7d344b4,fmi_100949_20201005_20201011.xml,fmi_100949_20201005_20201011.xml#225;fmi_100949_20201005_20201011.xml#226;fmi_100949_20201005_20201011.xml#227;fmi_100949_20201005_20201011.xml#228
100949,2020-10-07T09:00:00Z,14.3,5.2,0.0,0.0,OK,OK,OK,OK,false,hour_ending,SOURCE_UTC_STATED,fmi-8ab7d7d344b4,fmi_100949_20201005_20201011.xml,fmi_100949_20201005_20201011.xml#229;fmi_100949_20201005_20201011.xml#230;fmi_100949_20201005_20201011.xml#231;fmi_100949_20201005_20201011.xml#232
100949,2020-10-07T10:00:00Z,14.0,4.8,0.0,0.0,OK,OK,OK,OK,false,hour_ending,SOURCE_UTC_STATED,fmi-8ab7d7d344b4,fmi_100949_20201005_20201011.xml,fmi_100949_20201005_20201011.xml#233;fmi_100949_20201005_20201011.xml#234;fmi_100949_20201005_20201011.xml#235;fmi_100949_20201005_20201011.xml#236
100949,2020-10-07T11:00:00Z,14.1,3.7,0.0,0.0,OK,OK,OK,OK,false,hour_ending,SOURCE_UTC_STATED,fmi-8ab7d7d344b4,fmi_100949_20201005_20201011.xml,fmi_100949_20201005_20201011.xml#237;fmi_100949_20201005_20201011.xml#238;fmi_100949_20201005_20201011.xml#239;fmi_100949_20201005_20201011.xml#240
100949,2020-10-07T12:00:00Z,14.0,4.0,0.1,0.0,OK,OK,OK,OK,false,hour_ending,SOURCE_UTC_STATED,fmi-8ab7d7d344b4,fmi_100949_20201005_20201011.xml,fmi_100949_20201005_20201011.xml#241;fmi_100949_20201005_20201011.xml#242;fmi_100949_20201005_20201011.xml#243;fmi_100949_20201005_20201011.xml#244
100949,2020-10-07T13:00:00Z,14.2,4.1,0.0,0.0,OK,OK,OK,OK,false,hour_ending,SOURCE_UTC_STATED,fmi-8ab7d7d344b4,fmi_100949_20201005_20201011.xml,fmi_100949_20201005_20201011.xml#245;fmi_100949_20201005_20201011.xml#246;fmi_100949_20201005_20201011.xml#247;fmi_100949_20201005_20201011.xml#248
100949,2020-10-07T14:00:00Z,14.2,4.0,0.0,0.0,OK,OK,OK,OK,false,hour_ending,SOURCE_UTC_STATED,fmi-8ab7d7d344b4,fmi_100949_20201005_20201011.xml,fmi_100949_20201005_20201011.xml#249;fmi_100949_20201005_20201011.xml#250;fmi_100949_20201005_20201011.xml#251;fmi_100949_20201005_20201011.xml#252
100949,2020-10-07T15:00:00Z,14.1,4.0,0.0,0.0,OK,OK,OK,OK,false,hour_ending,SOURCE_UTC_STATED,fmi-8ab7d7d344b4,fmi_100949_20201005_20201011.xml,fmi_100949_20201005_20201011.xml#253;fmi_100949_20201005_20201011.xml#254;fmi_100949_20201005_20201011.xml#255;fmi_100949_20201005_20201011.xml#256
100949,2020-10-07T16:00:00Z,14.0,4.6,0.0,0.0,OK,OK,OK,OK,false,hour_ending,SOURCE_UTC_STATED,fmi-8ab7d7d344b4,fmi_100949_20201005_20201011.xml,fmi_100949_20201005_20201011.xml#257;fmi_100949_20201005_20201011.xml#258;fmi_100949_20201005_20201011.xml#259;fmi_100949_20201005_20201011.xml#260
100949,2020-10-07T17:00:00Z,13.7,3.5,0.0,0.0,OK,OK,OK,OK,false,hour_ending,SOURCE_UTC_STATED,fmi-8ab7d7d344b4,fmi_100949_20201005_20201011.xml,fmi_100949_20201005_20201011.xml#261;fmi_100949_20201005_20201011.xml#262;fmi_100949_20201005_20201011.xml#263;fmi_100949_20201005_20201011.xml#264
100949,2020-10-07T18:00:00Z,12.9,2.0,0.0,0.0,OK,OK,OK,OK,false,hour_ending,SOURCE_UTC_STATED,fmi-8ab7d7d344b4,fmi_100949_20201005_20201011.xml,fmi_100949_20201005_20201011.xml#265;fmi_100949_20201005_20201011.xml#266;fmi_100949_20201005_20201011.xml#267;fmi_100949_20201005_20201011.xml#268
100949,2020-10-07T19:00:00Z,12.2,1.7,0.0,0.0,OK,OK,OK,OK,false,hour_ending,SOURCE_UTC_STATED,fmi-8ab7d7d344b4,fmi_100949_20201005_20201011.xml,fmi_100949_20201005_20201011.xml#269;fmi_100949_20201005_20201011.xml#270;fmi_100949_20201005_20201011.xml#271;fmi_100949_20201005_20201011.xml#272
100949,2020-10-07T20:00:00Z,11.6,1.6,0.0,0.0,OK,OK,OK,OK,false,hour_ending,SOURCE_UTC_STATED,fmi-8ab7d7d344b4,fmi_100949_20201005_20201011.xml,fmi_100949_20201005_20201011.xml#273;fmi_100949_20201005_20201011.xml#274;fmi_100949_20201005_20201011.xml#275;fmi_100949_20201005_20201011.xml#276
100949,2020-10-07T21:00:00Z,12.6,1.8,0.0,0.0,OK,OK,OK,OK,false,hour_ending,SOURCE_UTC_STATED,fmi-8ab7d7d344b4,fmi_100949_20201005_20201011.xml,fmi_100949_20201005_20201011.xml#277;fmi_100949_20201005_20201011.xml#278;fmi_100949_20201005_20201011.xml#279;fmi_100949_20201005_20201011.xml#280
100949,2020-10-07T22:00:00Z,12.9,4.0,0.0,0.0,OK,OK,OK,OK,false,hour_ending,SOURCE_UTC_STATED,fmi-8ab7d7d344b4,fmi_100949_20201005_20201011.xml,fmi_100949_20201005_20201011.xml#281;fmi_100949_20201005_20201011.xml#282;fmi_100949_20201005_20201011.xml#283;fmi_100949_20201005_20201011.xml#284
100949,2020-10-07T23:00:00Z,12.9,3.6,0.0,0.0,OK,OK,OK,OK,false,hour_ending,SOURCE_UTC_STATED,fmi-8ab7d7d344b4,fmi_100949_20201005_20201011.xml,fmi_100949_20201005_20201011.xml#285;fmi_100949_20201005_20201011.xml#286;fmi_100949_20201005_20201011.xml#287;fmi_100949_20201005_20201011.xml#288
100949,2020-10-08T00:00:00Z,13.0,3.4,0.0,0.0,OK,OK,OK,OK,false,hour_ending,SOURCE_UTC_STATED,fmi-8ab7d7d344b4,fmi_100949_20201005_20201011.xml,fmi_100949_20201005_20201011.xml#289;fmi_100949_20201005_20201011.xml#290;fmi_100949_20201005_20201011.xml#291;fmi_100949_20201005_20201011.xml#292
100949,2020-10-08T01:00:00Z,13.2,3.1,0.0,0.0,OK,OK,OK,OK,false,hour_ending,SOURCE_UTC_STATED,fmi-8ab7d7d344b4,fmi_100949_20201005_20201011.xml,fmi_100949_20201005_20201011.xml#293;fmi_100949_20201005_20201011.xml#294;fmi_100949_20201005_20201011.xml#295;fmi_100949_20201005_20201011.xml#296
100949,2020-10-08T02:00:00Z,13.6,4.4,0.0,0.0,OK,OK,OK,OK,false,hour_ending,SOURCE_UTC_STATED,fmi-8ab7d7d344b4,fmi_100949_20201005_20201011.xml,fmi_100949_20201005_20201011.xml#297;fmi_100949_20201005_20201011.xml#298;fmi_100949_20201005_20201011.xml#299;fmi_100949_20201005_20201011.xml#300
100949,2020-10-08T03:00:00Z,13.6,3.8,0.0,0.0,OK,OK,OK,OK,false,hour_ending,SOURCE_UTC_STATED,fmi-8ab7d7d344b4,fmi_100949_20201005_20201011.xml,fmi_100949_20201005_20201011.xml#301;fmi_100949_20201005_20201011.xml#302;fmi_100949_20201005_20201011.xml#303;fmi_100949_20201005_20201011.xml#304
100949,2020-10-08T04:00:00Z,13.3,3.3,0.0,0.0,OK,OK,OK,OK,false,hour_ending,SOURCE_UTC_STATED,fmi-8ab7d7d344b4,fmi_100949_20201005_20201011.xml,fmi_100949_20201005_20201011.xml#305;fmi_100949_20201005_20201011.xml#306;fmi_100949_20201005_20201011.xml#307;fmi_100949_20201005_20201011.xml#308
100949,2020-10-08T05:00:00Z,12.8,3.0,0.0,0.0,OK,OK,OK,OK,false,hour_ending,SOURCE_UTC_STATED,fmi-8ab7d7d344b4,fmi_100949_20201005_20201011.xml,fmi_100949_20201005_20201011.xml#309;fmi_100949_20201005_20201011.xml#310;fmi_100949_20201005_20201011.xml#311;fmi_100949_20201005_20201011.xml#312
100949,2020-10-08T06:00:00Z,13.5,3.5,0.0,0.0,OK,OK,OK,OK,false,hour_ending,SOURCE_UTC_STATED,fmi-8ab7d7d344b4,fmi_100949_20201005_20201011.xml,fmi_100949_20201005_20201011.xml#313;fmi_100949_20201005_20201011.xml#314;fmi_100949_20201005_20201011.xml#315;fmi_100949_20201005_20201011.xml#316
100949,2020-10-08T07:00:00Z,13.9,3.7,0.0,0.0,OK,OK,OK,OK,false,hour_ending,SOURCE_UTC_STATED,fmi-8ab7d7d344b4,fmi_100949_20201005_20201011.xml,fmi_100949_20201005_20201011.xml#317;fmi_100949_20201005_20201011.xml#318;fmi_100949_20201005_20201011.xml#319;fmi_100949_20201005_20201011.xml#320
100949,2020-10-08T08:00:00Z,14.3,4.4,0.0,0.0,OK,OK,OK,OK,false,hour_ending,SOURCE_UTC_STATED,fmi-8ab7d7d344b4,fmi_100949_20201005_20201011.xml,fmi_100949_20201005_20201011.xml#321;fmi_100949_20201005_20201011.xml#322;fmi_100949_20201005_20201011.xml#323;fmi_100949_20201005_20201011.xml#324
100949,2020-10-08T09:00:00Z,14.4,4.1,0.0,0.0,OK,OK,OK,OK,false,hour_ending,SOURCE_UTC_STATED,fmi-8ab7d7d344b4,fmi_100949_20201005_20201011.xml,fmi_100949_20201005_20201011.xml#325;fmi_100949_20201005_20201011.xml#326;fmi_100949_20201005_20201011.xml#327;fmi_100949_20201005_20201011.xml#328
100949,2020-10-08T10:00:00Z,14.9,5.5,0.0,0.0,OK,OK,OK,OK,false,hour_ending,SOURCE_UTC_STATED,fmi-8ab7d7d344b4,fmi_100949_20201005_20201011.xml,fmi_100949_20201005_20201011.xml#329;fmi_100949_20201005_20201011.xml#330;fmi_100949_20201005_20201011.xml#331;fmi_100949_20201005_20201011.xml#332
100949,2020-10-08T11:00:00Z,13.6,5.6,1.1,0.0,OK,OK,OK,OK,false,hour_ending,SOURCE_UTC_STATED,fmi-8ab7d7d344b4,fmi_100949_20201005_20201011.xml,fmi_100949_20201005_20201011.xml#333;fmi_100949_20201005_20201011.xml#334;fmi_100949_20201005_20201011.xml#335;fmi_100949_20201005_20201011.xml#336
100949,2020-10-08T12:00:00Z,14.1,4.7,0.0,0.0,OK,OK,OK,OK,false,hour_ending,SOURCE_UTC_STATED,fmi-8ab7d7d344b4,fmi_100949_20201005_20201011.xml,fmi_100949_20201005_20201011.xml#337;fmi_100949_20201005_20201011.xml#338;fmi_100949_20201005_20201011.xml#339;fmi_100949_20201005_20201011.xml#340
100949,2020-10-08T13:00:00Z,14.5,4.6,0.0,0.0,OK,OK,OK,OK,false,hour_ending,SOURCE_UTC_STATED,fmi-8ab7d7d344b4,fmi_100949_20201005_20201011.xml,fmi_100949_20201005_20201011.xml#341;fmi_100949_20201005_20201011.xml#342;fmi_100949_20201005_20201011.xml#343;fmi_100949_20201005_20201011.xml#344
100949,2020-10-08T14:00:00Z,13.5,3.9,0.0,0.0,OK,OK,OK,OK,false,hour_ending,SOURCE_UTC_STATED,fmi-8ab7d7d344b4,fmi_100949_20201005_20201011.xml,fmi_100949_20201005_20201011.xml#345;fmi_100949_20201005_20201011.xml#346;fmi_100949_20201005_20201011.xml#347;fmi_100949_20201005_20201011.xml#348
100949,2020-10-08T15:00:00Z,13.6,3.4,0.0,0.0,OK,OK,OK,OK,false,hour_ending,SOURCE_UTC_STATED,fmi-8ab7d7d344b4,fmi_100949_20201005_20201011.xml,fmi_100949_20201005_20201011.xml#349;fmi_100949_20201005_20201011.xml#350;fmi_100949_20201005_20201011.xml#351;fmi_100949_20201005_20201011.xml#352
100949,2020-10-08T16:00:00Z,13.5,5.1,0.0,0.0,OK,OK,OK,OK,false,hour_ending,SOURCE_UTC_STATED,fmi-8ab7d7d344b4,fmi_100949_20201005_20201011.xml,fmi_100949_20201005_20201011.xml#353;fmi_100949_20201005_20201011.xml#354;fmi_100949_20201005_20201011.xml#355;fmi_100949_20201005_20201011.xml#356
100949,2020-10-08T17:00:00Z,13.4,4.2,0.0,0.0,OK,OK,OK,OK,false,hour_ending,SOURCE_UTC_STATED,fmi-8ab7d7d344b4,fmi_100949_20201005_20201011.xml,fmi_100949_20201005_20201011.xml#357;fmi_100949_20201005_20201011.xml#358;fmi_100949_20201005_20201011.xml#359;fmi_100949_20201005_20201011.xml#360
100949,2020-10-08T18:00:00Z,13.2,4.3,0.0,0.0,OK,OK,OK,OK,false,hour_ending,SOURCE_UTC_STATED,fmi-8ab7d7d344b4,fmi_100949_20201005_20201011.xml,fmi_100949_20201005_20201011.xml#361;fmi_100949_20201005_20201011.xml#362;fmi_100949_20201005_20201011.xml#363;fmi_100949_20201005_20201011.xml#364
100949,2020-10-08T19:00:00Z,13.0,4.7,0.0,0.0,OK,OK,OK,OK,false,hour_ending,SOURCE_UTC_STATED,fmi-8ab7d7d344b4,fmi_100949_20201005_20201011.xml,fmi_100949_20201005_20201011.xml#365;fmi_100949_20201005_20201011.xml#366;fmi_100949_20201005_20201011.xml#367;fmi_100949_20201005_20201011.xml#368
100949,2020-10-08T20:00:00Z,12.8,3.5,0.0,0.0,OK,OK,OK,OK,false,hour_ending,SOURCE_UTC_STATED,fmi-8ab7d7d344b4,fmi_100949_20201005_20201011.xml,fmi_100949_20201005_20201011.xml#369;fmi_100949_20201005_20201011.xml#370;fmi_100949_20201005_20201011.xml#371;fmi_100949_20201005_20201011.xml#372
100949,2020-10-08T21:00:00Z,12.7,2.9,0.0,0.0,OK,OK,OK,OK,false,hour_ending,SOURCE_UTC_STATED,fmi-8ab7d7d344b4,fmi_100949_20201005_20201011.xml,fmi_100949_20201005_20201011.xml#373;fmi_100949_20201005_20201011.xml#374;fmi_100949_20201005_20201011.xml#375;fmi_100949_20201005_20201011.xml#376
100949,2020-10-08T22:00:00Z,12.1,2.2,0.0,0.0,OK,OK,OK,OK,false,hour_ending,SOURCE_UTC_STATED,fmi-8ab7d7d344b4,fmi_100949_20201005_20201011.xml,fmi_100949_20201005_20201011.xml#377;fmi_100949_20201005_20201011.xml#378;fmi_100949_20201005_20201011.xml#379;fmi_100949_20201005_20201011.xml#380
100949,2020-10-08T23:00:00Z,12.1,2.3,0.0,0.0,OK,OK,OK,OK,false,hour_ending,SOURCE_UTC_STATED,fmi-8ab7d7d344b4,fmi_100949_20201005_20201011.xml,fmi_100949_20201005_20201011.xml#381;fmi_100949_20201005_20201011.xml#382;fmi_100949_20201005_20201011.xml#383;fmi_100949_20201005_20201011.xml#384
100949,2020-10-09T00:00:00Z,12.3,2.3,0.0,0.0,OK,OK,OK,OK,false,hour_ending,SOURCE_UTC_STATED,fmi-8ab7d7d344b4,fmi_100949_20201005_20201011.xml,fmi_100949_20201005_20201011.xml#385;fmi_100949_20201005_20201011.xml#386;fmi_100949_20201005_20201011.xml#387;fmi_100949_20201005_20201011.xml#388
100949,2020-10-09T01:00:00Z,12.7,2.5,0.1,0.1,OK,OK,OK,OK,false,hour_ending,SOURCE_UTC_STATED,fmi-8ab7d7d344b4,fmi_100949_20201005_20201011.xml,fmi_100949_20201005_20201011.xml#389;fmi_100949_20201005_20201011.xml#390;fmi_100949_20201005_20201011.xml#391;fmi_100949_20201005_20201011.xml#392
100949,2020-10-09T02:00:00Z,12.3,2.9,0.3,0.0,OK,OK,OK,OK,false,hour_ending,SOURCE_UTC_STATED,fmi-8ab7d7d344b4,fmi_100949_20201005_20201011.xml,fmi_100949_20201005_20201011.xml#393;fmi_100949_20201005_20201011.xml#394;fmi_100949_20201005_20201011.xml#395;fmi_100949_20201005_20201011.xml#396
100949,2020-10-09T03:00:00Z,11.4,2.8,0.0,0.0,OK,OK,OK,OK,false,hour_ending,SOURCE_UTC_STATED,fmi-8ab7d7d344b4,fmi_100949_20201005_20201011.xml,fmi_100949_20201005_20201011.xml#397;fmi_100949_20201005_20201011.xml#398;fmi_100949_20201005_20201011.xml#399;fmi_100949_20201005_20201011.xml#400
100949,2020-10-09T04:00:00Z,11.2,3.0,0.0,0.0,OK,OK,OK,OK,false,hour_ending,SOURCE_UTC_STATED,fmi-8ab7d7d344b4,fmi_100949_20201005_20201011.xml,fmi_100949_20201005_20201011.xml#401;fmi_100949_20201005_20201011.xml#402;fmi_100949_20201005_20201011.xml#403;fmi_100949_20201005_20201011.xml#404
100949,2020-10-09T05:00:00Z,11.4,3.2,0.0,0.0,OK,OK,OK,OK,false,hour_ending,SOURCE_UTC_STATED,fmi-8ab7d7d344b4,fmi_100949_20201005_20201011.xml,fmi_100949_20201005_20201011.xml#405;fmi_100949_20201005_20201011.xml#406;fmi_100949_20201005_20201011.xml#407;fmi_100949_20201005_20201011.xml#408
100949,2020-10-09T06:00:00Z,11.8,3.7,0.0,0.0,OK,OK,OK,OK,false,hour_ending,SOURCE_UTC_STATED,fmi-8ab7d7d344b4,fmi_100949_20201005_20201011.xml,fmi_100949_20201005_20201011.xml#409;fmi_100949_20201005_20201011.xml#410;fmi_100949_20201005_20201011.xml#411;fmi_100949_20201005_20201011.xml#412
100949,2020-10-09T07:00:00Z,12.6,4.1,0.0,0.0,OK,OK,OK,OK,false,hour_ending,SOURCE_UTC_STATED,fmi-8ab7d7d344b4,fmi_100949_20201005_20201011.xml,fmi_100949_20201005_20201011.xml#413;fmi_100949_20201005_20201011.xml#414;fmi_100949_20201005_20201011.xml#415;fmi_100949_20201005_20201011.xml#416
100949,2020-10-09T08:00:00Z,12.7,4.6,0.0,0.0,OK,OK,OK,OK,false,hour_ending,SOURCE_UTC_STATED,fmi-8ab7d7d344b4,fmi_100949_20201005_20201011.xml,fmi_100949_20201005_20201011.xml#417;fmi_100949_20201005_20201011.xml#418;fmi_100949_20201005_20201011.xml#419;fmi_100949_20201005_20201011.xml#420
100949,2020-10-09T09:00:00Z,13.0,5.7,0.0,0.0,OK,OK,OK,OK,false,hour_ending,SOURCE_UTC_STATED,fmi-8ab7d7d344b4,fmi_100949_20201005_20201011.xml,fmi_100949_20201005_20201011.xml#421;fmi_100949_20201005_20201011.xml#422;fmi_100949_20201005_20201011.xml#423;fmi_100949_20201005_20201011.xml#424
100949,2020-10-09T10:00:00Z,12.4,6.9,0.1,0.0,OK,OK,OK,OK,false,hour_ending,SOURCE_UTC_STATED,fmi-8ab7d7d344b4,fmi_100949_20201005_20201011.xml,fmi_100949_20201005_20201011.xml#425;fmi_100949_20201005_20201011.xml#426;fmi_100949_20201005_20201011.xml#427;fmi_100949_20201005_20201011.xml#428
100949,2020-10-09T11:00:00Z,12.1,7.3,0.6,1.2,OK,OK,OK,OK,false,hour_ending,SOURCE_UTC_STATED,fmi-8ab7d7d344b4,fmi_100949_20201005_20201011.xml,fmi_100949_20201005_20201011.xml#429;fmi_100949_20201005_20201011.xml#430;fmi_100949_20201005_20201011.xml#431;fmi_100949_20201005_20201011.xml#432
100949,2020-10-09T12:00:00Z,12.2,6.8,1.6,1.2,OK,OK,OK,OK,false,hour_ending,SOURCE_UTC_STATED,fmi-8ab7d7d344b4,fmi_100949_20201005_20201011.xml,fmi_100949_20201005_20201011.xml#433;fmi_100949_20201005_20201011.xml#434;fmi_100949_20201005_20201011.xml#435;fmi_100949_20201005_20201011.xml#436
100949,2020-10-09T13:00:00Z,13.2,5.3,0.2,0.0,OK,OK,OK,OK,false,hour_ending,SOURCE_UTC_STATED,fmi-8ab7d7d344b4,fmi_100949_20201005_20201011.xml,fmi_100949_20201005_20201011.xml#437;fmi_100949_20201005_20201011.xml#438;fmi_100949_20201005_20201011.xml#439;fmi_100949_20201005_20201011.xml#440
100949,2020-10-09T14:00:00Z,12.3,4.5,0.0,0.0,OK,OK,OK,OK,false,hour_ending,SOURCE_UTC_STATED,fmi-8ab7d7d344b4,fmi_100949_20201005_20201011.xml,fmi_100949_20201005_20201011.xml#441;fmi_100949_20201005_20201011.xml#442;fmi_100949_20201005_20201011.xml#443;fmi_100949_20201005_20201011.xml#444
100949,2020-10-09T15:00:00Z,11.8,3.6,0.0,0.0,OK,OK,OK,OK,false,hour_ending,SOURCE_UTC_STATED,fmi-8ab7d7d344b4,fmi_100949_20201005_20201011.xml,fmi_100949_20201005_20201011.xml#445;fmi_100949_20201005_20201011.xml#446;fmi_100949_20201005_20201011.xml#447;fmi_100949_20201005_20201011.xml#448
100949,2020-10-09T16:00:00Z,11.2,2.6,0.0,0.0,OK,OK,OK,OK,false,hour_ending,SOURCE_UTC_STATED,fmi-8ab7d7d344b4,fmi_100949_20201005_20201011.xml,fmi_100949_20201005_20201011.xml#449;fmi_100949_20201005_20201011.xml#450;fmi_100949_20201005_20201011.xml#451;fmi_100949_20201005_20201011.xml#452
100949,2020-10-09T17:00:00Z,11.6,3.3,0.0,0.0,OK,OK,OK,OK,false,hour_ending,SOURCE_UTC_STATED,fmi-8ab7d7d344b4,fmi_100949_20201005_20201011.xml,fmi_100949_20201005_20201011.xml#453;fmi_100949_20201005_20201011.xml#454;fmi_100949_20201005_20201011.xml#455;fmi_100949_20201005_20201011.xml#456
100949,2020-10-09T18:00:00Z,11.9,3.8,0.0,0.0,OK,OK,OK,OK,false,hour_ending,SOURCE_UTC_STATED,fmi-8ab7d7d344b4,fmi_100949_20201005_20201011.xml,fmi_100949_20201005_20201011.xml#457;fmi_100949_20201005_20201011.xml#458;fmi_100949_20201005_20201011.xml#459;fmi_100949_20201005_20201011.xml#460
100949,2020-10-09T19:00:00Z,12.2,5.3,0.0,0.0,OK,OK,OK,OK,false,hour_ending,SOURCE_UTC_STATED,fmi-8ab7d7d344b4,fmi_100949_20201005_20201011.xml,fmi_100949_20201005_20201011.xml#461;fmi_100949_20201005_20201011.xml#462;fmi_100949_20201005_20201011.xml#463;fmi_100949_20201005_20201011.xml#464
100949,2020-10-09T20:00:00Z,11.7,3.6,0.0,0.0,OK,OK,OK,OK,false,hour_ending,SOURCE_UTC_STATED,fmi-8ab7d7d344b4,fmi_100949_20201005_20201011.xml,fmi_100949_20201005_20201011.xml#465;fmi_100949_20201005_20201011.xml#466;fmi_100949_20201005_20201011.xml#467;fmi_100949_20201005_20201011.xml#468
100949,2020-10-09T21:00:00Z,11.9,3.3,0.0,0.0,OK,OK,OK,OK,false,hour_ending,SOURCE_UTC_STATED,fmi-8ab7d7d344b4,fmi_100949_20201005_20201011.xml,fmi_100949_20201005_20201011.xml#469;fmi_100949_20201005_20201011.xml#470;fmi_100949_20201005_20201011.xml#471;fmi_100949_20201005_20201011.xml#472
100949,2020-10-09T22:00:00Z,12.1,4.3,0.0,0.0,OK,OK,OK,OK,false,hour_ending,SOURCE_UTC_STATED,fmi-8ab7d7d344b4,fmi_100949_20201005_20201011.xml,fmi_100949_20201005_20201011.xml#473;fmi_100949_20201005_20201011.xml#474;fmi_100949_20201005_20201011.xml#475;fmi_100949_20201005_20201011.xml#476
100949,2020-10-09T23:00:00Z,11.0,3.5,0.0,0.0,OK,OK,OK,OK,false,hour_ending,SOURCE_UTC_STATED,fmi-8ab7d7d344b4,fmi_100949_20201005_20201011.xml,fmi_100949_20201005_20201011.xml#477;fmi_100949_20201005_20201011.xml#478;fmi_100949_20201005_20201011.xml#479;fmi_100949_20201005_20201011.xml#480
100949,2020-10-10T00:00:00Z,10.6,2.9,0.0,0.0,OK,OK,OK,OK,false,hour_ending,SOURCE_UTC_STATED,fmi-8ab7d7d344b4,fmi_100949_20201005_20201011.xml,fmi_100949_20201005_20201011.xml#481;fmi_100949_20201005_20201011.xml#482;fmi_100949_20201005_20201011.xml#483;fmi_100949_20201005_20201011.xml#484
100949,2020-10-10T01:00:00Z,10.2,2.9,0.0,0.0,OK,OK,OK,OK,false,hour_ending,SOURCE_UTC_STATED,fmi-8ab7d7d344b4,fmi_100949_20201005_20201011.xml,fmi_100949_20201005_20201011.xml#485;fmi_100949_20201005_20201011.xml#486;fmi_100949_20201005_20201011.xml#487;fmi_100949_20201005_20201011.xml#488
100949,2020-10-10T02:00:00Z,10.3,3.2,0.0,0.0,OK,OK,OK,OK,false,hour_ending,SOURCE_UTC_STATED,fmi-8ab7d7d344b4,fmi_100949_20201005_20201011.xml,fmi_100949_20201005_20201011.xml#489;fmi_100949_20201005_20201011.xml#490;fmi_100949_20201005_20201011.xml#491;fmi_100949_20201005_20201011.xml#492
100949,2020-10-10T03:00:00Z,10.4,3.1,0.0,0.0,OK,OK,OK,OK,false,hour_ending,SOURCE_UTC_STATED,fmi-8ab7d7d344b4,fmi_100949_20201005_20201011.xml,fmi_100949_20201005_20201011.xml#493;fmi_100949_20201005_20201011.xml#494;fmi_100949_20201005_20201011.xml#495;fmi_100949_20201005_20201011.xml#496
100949,2020-10-10T04:00:00Z,10.4,3.2,0.0,0.0,OK,OK,OK,OK,false,hour_ending,SOURCE_UTC_STATED,fmi-8ab7d7d344b4,fmi_100949_20201005_20201011.xml,fmi_100949_20201005_20201011.xml#497;fmi_100949_20201005_20201011.xml#498;fmi_100949_20201005_20201011.xml#499;fmi_100949_20201005_20201011.xml#500
100949,2020-10-10T05:00:00Z,10.2,3.3,0.0,0.0,OK,OK,OK,OK,false,hour_ending,SOURCE_UTC_STATED,fmi-8ab7d7d344b4,fmi_100949_20201005_20201011.xml,fmi_100949_20201005_20201011.xml#501;fmi_100949_20201005_20201011.xml#502;fmi_100949_20201005_20201011.xml#503;fmi_100949_20201005_20201011.xml#504
100949,2020-10-10T06:00:00Z,10.5,2.4,0.0,0.0,OK,OK,OK,OK,false,hour_ending,SOURCE_UTC_STATED,fmi-8ab7d7d344b4,fmi_100949_20201005_20201011.xml,fmi_100949_20201005_20201011.xml#505;fmi_100949_20201005_20201011.xml#506;fmi_100949_20201005_20201011.xml#507;fmi_100949_20201005_20201011.xml#508
100949,2020-10-10T07:00:00Z,11.2,2.0,0.0,0.0,OK,OK,OK,OK,false,hour_ending,SOURCE_UTC_STATED,fmi-8ab7d7d344b4,fmi_100949_20201005_20201011.xml,fmi_100949_20201005_20201011.xml#509;fmi_100949_20201005_20201011.xml#510;fmi_100949_20201005_20201011.xml#511;fmi_100949_20201005_20201011.xml#512
100949,2020-10-10T08:00:00Z,12.8,3.5,0.0,0.0,OK,OK,OK,OK,false,hour_ending,SOURCE_UTC_STATED,fmi-8ab7d7d344b4,fmi_100949_20201005_20201011.xml,fmi_100949_20201005_20201011.xml#513;fmi_100949_20201005_20201011.xml#514;fmi_100949_20201005_20201011.xml#515;fmi_100949_20201005_20201011.xml#516
100949,2020-10-10T09:00:00Z,12.6,3.6,0.0,0.0,OK,OK,OK,OK,false,hour_ending,SOURCE_UTC_STATED,fmi-8ab7d7d344b4,fmi_100949_20201005_20201011.xml,fmi_100949_20201005_20201011.xml#517;fmi_100949_20201005_20201011.xml#518;fmi_100949_20201005_20201011.xml#519;fmi_100949_20201005_20201011.xml#520
100949,2020-10-10T10:00:00Z,13.1,4.0,0.0,0.0,OK,OK,OK,OK,false,hour_ending,SOURCE_UTC_STATED,fmi-8ab7d7d344b4,fmi_100949_20201005_20201011.xml,fmi_100949_20201005_20201011.xml#521;fmi_100949_20201005_20201011.xml#522;fmi_100949_20201005_20201011.xml#523;fmi_100949_20201005_20201011.xml#524
100949,2020-10-10T11:00:00Z,13.6,2.5,0.0,0.0,OK,OK,OK,OK,false,hour_ending,SOURCE_UTC_STATED,fmi-8ab7d7d344b4,fmi_100949_20201005_20201011.xml,fmi_100949_20201005_20201011.xml#525;fmi_100949_20201005_20201011.xml#526;fmi_100949_20201005_20201011.xml#527;fmi_100949_20201005_20201011.xml#528
100949,2020-10-10T12:00:00Z,13.5,2.4,0.0,0.0,OK,OK,OK,OK,false,hour_ending,SOURCE_UTC_STATED,fmi-8ab7d7d344b4,fmi_100949_20201005_20201011.xml,fmi_100949_20201005_20201011.xml#529;fmi_100949_20201005_20201011.xml#530;fmi_100949_20201005_20201011.xml#531;fmi_100949_20201005_20201011.xml#532
100949,2020-10-10T13:00:00Z,13.2,2.2,0.0,0.0,OK,OK,OK,OK,false,hour_ending,SOURCE_UTC_STATED,fmi-8ab7d7d344b4,fmi_100949_20201005_20201011.xml,fmi_100949_20201005_20201011.xml#533;fmi_100949_20201005_20201011.xml#534;fmi_100949_20201005_20201011.xml#535;fmi_100949_20201005_20201011.xml#536
100949,2020-10-10T14:00:00Z,12.8,1.5,0.0,0.0,OK,OK,OK,OK,false,hour_ending,SOURCE_UTC_STATED,fmi-8ab7d7d344b4,fmi_100949_20201005_20201011.xml,fmi_100949_20201005_20201011.xml#537;fmi_100949_20201005_20201011.xml#538;fmi_100949_20201005_20201011.xml#539;fmi_100949_20201005_20201011.xml#540
100949,2020-10-10T15:00:00Z,11.8,2.0,0.0,0.0,OK,OK,OK,OK,false,hour_ending,SOURCE_UTC_STATED,fmi-8ab7d7d344b4,fmi_100949_20201005_20201011.xml,fmi_100949_20201005_20201011.xml#541;fmi_100949_20201005_20201011.xml#542;fmi_100949_20201005_20201011.xml#543;fmi_100949_20201005_20201011.xml#544
100949,2020-10-10T16:00:00Z,11.4,2.6,0.0,0.0,OK,OK,OK,OK,false,hour_ending,SOURCE_UTC_STATED,fmi-8ab7d7d344b4,fmi_100949_20201005_20201011.xml,fmi_100949_20201005_20201011.xml#545;fmi_100949_20201005_20201011.xml#546;fmi_100949_20201005_20201011.xml#547;fmi_100949_20201005_20201011.xml#548
100949,2020-10-10T17:00:00Z,11.2,2.0,0.0,0.0,OK,OK,OK,OK,false,hour_ending,SOURCE_UTC_STATED,fmi-8ab7d7d344b4,fmi_100949_20201005_20201011.xml,fmi_100949_20201005_20201011.xml#549;fmi_100949_20201005_20201011.xml#550;fmi_100949_20201005_20201011.xml#551;fmi_100949_20201005_20201011.xml#552
100949,2020-10-10T18:00:00Z,11.3,2.8,0.0,0.0,OK,OK,OK,OK,false,hour_ending,SOURCE_UTC_STATED,fmi-8ab7d7d344b4,fmi_100949_20201005_20201011.xml,fmi_100949_20201005_20201011.xml#553;fmi_100949_20201005_20201011.xml#554;fmi_100949_20201005_20201011.xml#555;fmi_100949_20201005_20201011.xml#556
100949,2020-10-10T19:00:00Z,10.9,2.9,0.0,0.0,OK,OK,OK,OK,false,hour_ending,SOURCE_UTC_STATED,fmi-8ab7d7d344b4,fmi_100949_20201005_20201011.xml,fmi_100949_20201005_20201011.xml#557;fmi_100949_20201005_20201011.xml#558;fmi_100949_20201005_20201011.xml#559;fmi_100949_20201005_20201011.xml#560
100949,2020-10-10T20:00:00Z,11.1,3.2,0.0,0.0,OK,OK,OK,OK,false,hour_ending,SOURCE_UTC_STATED,fmi-8ab7d7d344b4,fmi_100949_20201005_20201011.xml,fmi_100949_20201005_20201011.xml#561;fmi_100949_20201005_20201011.xml#562;fmi_100949_20201005_20201011.xml#563;fmi_100949_20201005_20201011.xml#564
100949,2020-10-10T21:00:00Z,10.7,3.5,0.5,0.4,OK,OK,OK,OK,false,hour_ending,SOURCE_UTC_STATED,fmi-8ab7d7d344b4,fmi_100949_20201005_20201011.xml,fmi_100949_20201005_20201011.xml#565;fmi_100949_20201005_20201011.xml#566;fmi_100949_20201005_20201011.xml#567;fmi_100949_20201005_20201011.xml#568
100949,2020-10-10T22:00:00Z,10.5,4.1,0.3,0.4,OK,OK,OK,OK,false,hour_ending,SOURCE_UTC_STATED,fmi-8ab7d7d344b4,fmi_100949_20201005_20201011.xml,fmi_100949_20201005_20201011.xml#569;fmi_100949_20201005_20201011.xml#570;fmi_100949_20201005_20201011.xml#571;fmi_100949_20201005_20201011.xml#572
100949,2020-10-10T23:00:00Z,10.1,4.7,0.4,0.2,OK,OK,OK,OK,false,hour_ending,SOURCE_UTC_STATED,fmi-8ab7d7d344b4,fmi_100949_20201005_20201011.xml,fmi_100949_20201005_20201011.xml#573;fmi_100949_20201005_20201011.xml#574;fmi_100949_20201005_20201011.xml#575;fmi_100949_20201005_20201011.xml#576
100949,2020-10-11T00:00:00Z,10.1,4.4,0.4,0.7,OK,OK,OK,OK,false,hour_ending,SOURCE_UTC_STATED,fmi-8ab7d7d344b4,fmi_100949_20201005_20201011.xml,fmi_100949_20201005_20201011.xml#577;fmi_100949_20201005_20201011.xml#578;fmi_100949_20201005_20201011.xml#579;fmi_100949_20201005_20201011.xml#580
100949,2020-10-11T01:00:00Z,10.4,4.2,1.4,1.0,OK,OK,OK,OK,false,hour_ending,SOURCE_UTC_STATED,fmi-8ab7d7d344b4,fmi_100949_20201005_20201011.xml,fmi_100949_20201005_20201011.xml#581;fmi_100949_20201005_20201011.xml#582;fmi_100949_20201005_20201011.xml#583;fmi_100949_20201005_20201011.xml#584
100949,2020-10-11T02:00:00Z,10.6,2.0,0.4,0.5,OK,OK,OK,OK,false,hour_ending,SOURCE_UTC_STATED,fmi-8ab7d7d344b4,fmi_100949_20201005_20201011.xml,fmi_100949_20201005_20201011.xml#585;fmi_100949_20201005_20201011.xml#586;fmi_100949_20201005_20201011.xml#587;fmi_100949_20201005_20201011.xml#588
100949,2020-10-11T03:00:00Z,10.5,1.5,0.1,0.0,OK,OK,OK,OK,false,hour_ending,SOURCE_UTC_STATED,fmi-8ab7d7d344b4,fmi_100949_20201005_20201011.xml,fmi_100949_20201005_20201011.xml#589;fmi_100949_20201005_20201011.xml#590;fmi_100949_20201005_20201011.xml#591;fmi_100949_20201005_20201011.xml#592
100949,2020-10-11T04:00:00Z,10.9,2.4,0.1,0.5,OK,OK,OK,OK,false,hour_ending,SOURCE_UTC_STATED,fmi-8ab7d7d344b4,fmi_100949_20201005_20201011.xml,fmi_100949_20201005_20201011.xml#593;fmi_100949_20201005_20201011.xml#594;fmi_100949_20201005_20201011.xml#595;fmi_100949_20201005_20201011.xml#596
100949,2020-10-11T05:00:00Z,11.1,2.3,0.8,4.9,OK,OK,OK,OK,false,hour_ending,SOURCE_UTC_STATED,fmi-8ab7d7d344b4,fmi_100949_20201005_20201011.xml,fmi_100949_20201005_20201011.xml#597;fmi_100949_20201005_20201011.xml#598;fmi_100949_20201005_20201011.xml#599;fmi_100949_20201005_20201011.xml#600
100949,2020-10-11T06:00:00Z,10.4,2.3,0.5,0.0,OK,OK,OK,OK,false,hour_ending,SOURCE_UTC_STATED,fmi-8ab7d7d344b4,fmi_100949_20201005_20201011.xml,fmi_100949_20201005_20201011.xml#601;fmi_100949_20201005_20201011.xml#602;fmi_100949_20201005_20201011.xml#603;fmi_100949_20201005_20201011.xml#604
100949,2020-10-11T07:00:00Z,9.8,2.6,0.0,0.0,OK,OK,OK,OK,false,hour_ending,SOURCE_UTC_STATED,fmi-8ab7d7d344b4,fmi_100949_20201005_20201011.xml,fmi_100949_20201005_20201011.xml#605;fmi_100949_20201005_20201011.xml#606;fmi_100949_20201005_20201011.xml#607;fmi_100949_20201005_20201011.xml#608
100949,2020-10-11T08:00:00Z,10.8,3.3,0.0,0.0,OK,OK,OK,OK,false,hour_ending,SOURCE_UTC_STATED,fmi-8ab7d7d344b4,fmi_100949_20201005_20201011.xml,fmi_100949_20201005_20201011.xml#609;fmi_100949_20201005_20201011.xml#610;fmi_100949_20201005_20201011.xml#611;fmi_100949_20201005_20201011.xml#612
100949,2020-10-11T09:00:00Z,10.9,2.5,0.0,0.0,OK,OK,OK,OK,false,hour_ending,SOURCE_UTC_STATED,fmi-8ab7d7d344b4,fmi_100949_20201005_20201011.xml,fmi_100949_20201005_20201011.xml#613;fmi_100949_20201005_20201011.xml#614;fmi_100949_20201005_20201011.xml#615;fmi_100949_20201005_20201011.xml#616
100949,2020-10-11T10:00:00Z,11.4,2.8,0.0,0.0,OK,OK,OK,OK,false,hour_ending,SOURCE_UTC_STATED,fmi-8ab7d7d344b4,fmi_100949_20201005_20201011.xml,fmi_100949_20201005_20201011.xml#617;fmi_100949_20201005_20201011.xml#618;fmi_100949_20201005_20201011.xml#619;fmi_100949_20201005_20201011.xml#620
100949,2020-10-11T11:00:00Z,11.9,2.6,0.0,0.0,OK,OK,OK,OK,false,hour_ending,SOURCE_UTC_STATED,fmi-8ab7d7d344b4,fmi_100949_20201005_20201011.xml,fmi_100949_20201005_20201011.xml#621;fmi_100949_20201005_20201011.xml#622;fmi_100949_20201005_20201011.xml#623;fmi_100949_20201005_20201011.xml#624
100949,2020-10-11T12:00:00Z,12.2,3.3,0.0,0.0,OK,OK,OK,OK,false,hour_ending,SOURCE_UTC_STATED,fmi-8ab7d7d344b4,fmi_100949_20201005_20201011.xml,fmi_100949_20201005_20201011.xml#625;fmi_100949_20201005_20201011.xml#626;fmi_100949_20201005_20201011.xml#627;fmi_100949_20201005_20201011.xml#628
100949,2020-10-11T13:00:00Z,11.6,2.0,0.0,0.0,OK,OK,OK,OK,false,hour_ending,SOURCE_UTC_STATED,fmi-8ab7d7d344b4,fmi_100949_20201005_20201011.xml,fmi_100949_20201005_20201011.xml#629;fmi_100949_20201005_20201011.xml#630;fmi_100949_20201005_20201011.xml#631;fmi_100949_20201005_20201011.xml#632
100949,2020-10-11T14:00:00Z,11.8,1.9,0.0,0.0,OK,OK,OK,OK,false,hour_ending,SOURCE_UTC_STATED,fmi-8ab7d7d344b4,fmi_100949_20201005_20201011.xml,fmi_100949_20201005_20201011.xml#633;fmi_100949_20201005_20201011.xml#634;fmi_100949_20201005_20201011.xml#635;fmi_100949_20201005_20201011.xml#636
100949,2020-10-11T15:00:00Z,10.9,2.4,0.0,0.0,OK,OK,OK,OK,false,hour_ending,SOURCE_UTC_STATED,fmi-8ab7d7d344b4,fmi_100949_20201005_20201011.xml,fmi_100949_20201005_20201011.xml#637;fmi_100949_20201005_20201011.xml#638;fmi_100949_20201005_20201011.xml#639;fmi_100949_20201005_20201011.xml#640
100949,2020-10-11T16:00:00Z,10.3,2.3,0.0,0.0,OK,OK,OK,OK,false,hour_ending,SOURCE_UTC_STATED,fmi-8ab7d7d344b4,fmi_100949_20201005_20201011.xml,fmi_100949_20201005_20201011.xml#641;fmi_100949_20201005_20201011.xml#642;fmi_100949_20201005_20201011.xml#643;fmi_100949_20201005_20201011.xml#644
100949,2020-10-11T17:00:00Z,9.0,2.6,0.0,0.0,OK,OK,OK,OK,false,hour_ending,SOURCE_UTC_STATED,fmi-8ab7d7d344b4,fmi_100949_20201005_20201011.xml,fmi_100949_20201005_20201011.xml#645;fmi_100949_20201005_20201011.xml#646;fmi_100949_20201005_20201011.xml#647;fmi_100949_20201005_20201011.xml#648
100949,2020-10-11T18:00:00Z,8.2,1.8,0.0,0.0,OK,OK,OK,OK,false,hour_ending,SOURCE_UTC_STATED,fmi-8ab7d7d344b4,fmi_100949_20201005_20201011.xml,fmi_100949_20201005_20201011.xml#649;fmi_100949_20201005_20201011.xml#650;fmi_100949_20201005_20201011.xml#651;fmi_100949_20201005_20201011.xml#652
100949,2020-10-11T19:00:00Z,7.0,1.1,0.0,0.0,OK,OK,OK,OK,false,hour_ending,SOURCE_UTC_STATED,fmi-8ab7d7d344b4,fmi_100949_20201005_20201011.xml,fmi_100949_20201005_20201011.xml#653;fmi_100949_20201005_20201011.xml#654;fmi_100949_20201005_20201011.xml#655;fmi_100949_20201005_20201011.xml#656
100949,2020-10-11T20:00:00Z,6.1,0.0,0.0,0.0,OK,OK,OK,OK,false,hour_ending,SOURCE_UTC_STATED,fmi-8ab7d7d344b4,fmi_100949_20201005_20201011.xml,fmi_100949_20201005_20201011.xml#657;fmi_100949_20201005_20201011.xml#658;fmi_100949_20201005_20201011.xml#659;fmi_100949_20201005_20201011.xml#660
100949,2020-10-11T21:00:00Z,6.1,0.9,0.0,0.0,OK,OK,OK,OK,false,hour_ending,SOURCE_UTC_STATED,fmi-8ab7d7d344b4,fmi_100949_20201005_20201011.xml,fmi_100949_20201005_20201011.xml#661;fmi_100949_20201005_20201011.xml#662;fmi_100949_20201005_20201011.xml#663;fmi_100949_20201005_20201011.xml#664
100949,2020-10-11T22:00:00Z,6.2,0.9,0.0,0.0,OK,OK,OK,OK,false,hour_ending,SOURCE_UTC_STATED,fmi-8ab7d7d344b4,fmi_100949_20201005_20201011.xml,fmi_100949_20201005_20201011.xml#665;fmi_100949_20201005_20201011.xml#666;fmi_100949_20201005_20201011.xml#667;fmi_100949_20201005_20201011.xml#668
100949,2020-10-11T23:00:00Z,6.8,1.1,0.0,0.0,OK,OK,OK,OK,false,hour_ending,SOURCE_UTC_STATED,fmi-8ab7d7d344b4,fmi_100949_20201005_20201011.xml,fmi_100949_20201005_20201011.xml#669;fmi_100949_20201005_20201011.xml#670;fmi_100949_20201005_20201011.xml#671;fmi_100949_20201005_20201011.xml#672
100949,2020-10-12T00:00:00Z,7.2,1.1,0.0,0.0,OK,OK,OK,OK,false,hour_ending,SOURCE_UTC_STATED,fmi-8ab7d7d344b4,fmi_100949_20201012_20201018.xml,fmi_100949_20201012_20201018.xml#1;fmi_100949_20201012_20201018.xml#2;fmi_100949_20201012_20201018.xml#3;fmi_100949_20201012_20201018.xml#4
100949,2020-10-12T01:00:00Z,7.7,1.6,0.0,0.0,OK,OK,OK,OK,false,hour_ending,SOURCE_UTC_STATED,fmi-8ab7d7d344b4,fmi_100949_20201012_20201018.xml,fmi_100949_20201012_20201018.xml#5;fmi_100949_20201012_20201018.xml#6;fmi_100949_20201012_20201018.xml#7;fmi_100949_20201012_20201018.xml#8
100949,2020-10-12T02:00:00Z,7.3,1.2,0.0,0.0,OK,OK,OK,OK,false,hour_ending,SOURCE_UTC_STATED,fmi-8ab7d7d344b4,fmi_100949_20201012_20201018.xml,fmi_100949_20201012_20201018.xml#10;fmi_100949_20201012_20201018.xml#11;fmi_100949_20201012_20201018.xml#12;fmi_100949_20201012_20201018.xml#9
100949,2020-10-12T03:00:00Z,7.7,1.1,0.0,0.0,OK,OK,OK,OK,false,hour_ending,SOURCE_UTC_STATED,fmi-8ab7d7d344b4,fmi_100949_20201012_20201018.xml,fmi_100949_20201012_20201018.xml#13;fmi_100949_20201012_20201018.xml#14;fmi_100949_20201012_20201018.xml#15;fmi_100949_20201012_20201018.xml#16
100949,2020-10-12T04:00:00Z,7.9,1.0,0.5,0.5,OK,OK,OK,OK,false,hour_ending,SOURCE_UTC_STATED,fmi-8ab7d7d344b4,fmi_100949_20201012_20201018.xml,fmi_100949_20201012_20201018.xml#17;fmi_100949_20201012_20201018.xml#18;fmi_100949_20201012_20201018.xml#19;fmi_100949_20201012_20201018.xml#20
100949,2020-10-12T05:00:00Z,7.3,0.9,0.1,0.0,OK,OK,OK,OK,false,hour_ending,SOURCE_UTC_STATED,fmi-8ab7d7d344b4,fmi_100949_20201012_20201018.xml,fmi_100949_20201012_20201018.xml#21;fmi_100949_20201012_20201018.xml#22;fmi_100949_20201012_20201018.xml#23;fmi_100949_20201012_20201018.xml#24
100949,2020-10-12T06:00:00Z,7.4,1.3,0.0,0.0,OK,OK,OK,OK,false,hour_ending,SOURCE_UTC_STATED,fmi-8ab7d7d344b4,fmi_100949_20201012_20201018.xml,fmi_100949_20201012_20201018.xml#25;fmi_100949_20201012_20201018.xml#26;fmi_100949_20201012_20201018.xml#27;fmi_100949_20201012_20201018.xml#28
100949,2020-10-12T07:00:00Z,8.3,2.5,0.0,0.0,OK,OK,OK,OK,false,hour_ending,SOURCE_UTC_STATED,fmi-8ab7d7d344b4,fmi_100949_20201012_20201018.xml,fmi_100949_20201012_20201018.xml#29;fmi_100949_20201012_20201018.xml#30;fmi_100949_20201012_20201018.xml#31;fmi_100949_20201012_20201018.xml#32
100949,2020-10-12T08:00:00Z,8.2,3.2,2.0,0.0,OK,OK,OK,OK,false,hour_ending,SOURCE_UTC_STATED,fmi-8ab7d7d344b4,fmi_100949_20201012_20201018.xml,fmi_100949_20201012_20201018.xml#33;fmi_100949_20201012_20201018.xml#34;fmi_100949_20201012_20201018.xml#35;fmi_100949_20201012_20201018.xml#36
100949,2020-10-12T09:00:00Z,9.5,2.7,0.1,0.0,OK,OK,OK,OK,false,hour_ending,SOURCE_UTC_STATED,fmi-8ab7d7d344b4,fmi_100949_20201012_20201018.xml,fmi_100949_20201012_20201018.xml#37;fmi_100949_20201012_20201018.xml#38;fmi_100949_20201012_20201018.xml#39;fmi_100949_20201012_20201018.xml#40
100949,2020-10-12T10:00:00Z,10.6,3.2,0.0,0.0,OK,OK,OK,OK,false,hour_ending,SOURCE_UTC_STATED,fmi-8ab7d7d344b4,fmi_100949_20201012_20201018.xml,fmi_100949_20201012_20201018.xml#41;fmi_100949_20201012_20201018.xml#42;fmi_100949_20201012_20201018.xml#43;fmi_100949_20201012_20201018.xml#44
100949,2020-10-12T11:00:00Z,10.8,3.6,0.5,0.0,OK,OK,OK,OK,false,hour_ending,SOURCE_UTC_STATED,fmi-8ab7d7d344b4,fmi_100949_20201012_20201018.xml,fmi_100949_20201012_20201018.xml#45;fmi_100949_20201012_20201018.xml#46;fmi_100949_20201012_20201018.xml#47;fmi_100949_20201012_20201018.xml#48
100949,2020-10-12T12:00:00Z,10.7,4.8,0.0,0.0,OK,OK,OK,OK,false,hour_ending,SOURCE_UTC_STATED,fmi-8ab7d7d344b4,fmi_100949_20201012_20201018.xml,fmi_100949_20201012_20201018.xml#49;fmi_100949_20201012_20201018.xml#50;fmi_100949_20201012_20201018.xml#51;fmi_100949_20201012_20201018.xml#52
100949,2020-10-12T13:00:00Z,9.9,3.8,0.0,0.0,OK,OK,OK,OK,false,hour_ending,SOURCE_UTC_STATED,fmi-8ab7d7d344b4,fmi_100949_20201012_20201018.xml,fmi_100949_20201012_20201018.xml#53;fmi_100949_20201012_20201018.xml#54;fmi_100949_20201012_20201018.xml#55;fmi_100949_20201012_20201018.xml#56
100949,2020-10-12T14:00:00Z,9.4,3.5,0.0,0.0,OK,OK,OK,OK,false,hour_ending,SOURCE_UTC_STATED,fmi-8ab7d7d344b4,fmi_100949_20201012_20201018.xml,fmi_100949_20201012_20201018.xml#57;fmi_100949_20201012_20201018.xml#58;fmi_100949_20201012_20201018.xml#59;fmi_100949_20201012_20201018.xml#60
100949,2020-10-12T15:00:00Z,8.4,2.3,0.0,0.0,OK,OK,OK,OK,false,hour_ending,SOURCE_UTC_STATED,fmi-8ab7d7d344b4,fmi_100949_20201012_20201018.xml,fmi_100949_20201012_20201018.xml#61;fmi_100949_20201012_20201018.xml#62;fmi_100949_20201012_20201018.xml#63;fmi_100949_20201012_20201018.xml#64
100949,2020-10-12T16:00:00Z,8.5,3.0,0.0,0.0,OK,OK,OK,OK,false,hour_ending,SOURCE_UTC_STATED,fmi-8ab7d7d344b4,fmi_100949_20201012_20201018.xml,fmi_100949_20201012_20201018.xml#65;fmi_100949_20201012_20201018.xml#66;fmi_100949_20201012_20201018.xml#67;fmi_100949_20201012_20201018.xml#68
100949,2020-10-12T17:00:00Z,8.5,2.6,0.0,0.0,OK,OK,OK,OK,false,hour_ending,SOURCE_UTC_STATED,fmi-8ab7d7d344b4,fmi_100949_20201012_20201018.xml,fmi_100949_20201012_20201018.xml#69;fmi_100949_20201012_20201018.xml#70;fmi_100949_20201012_20201018.xml#71;fmi_100949_20201012_20201018.xml#72
100949,2020-10-12T18:00:00Z,8.5,2.2,0.0,0.0,OK,OK,OK,OK,false,hour_ending,SOURCE_UTC_STATED,fmi-8ab7d7d344b4,fmi_100949_20201012_20201018.xml,fmi_100949_20201012_20201018.xml#73;fmi_100949_20201012_20201018.xml#74;fmi_100949_20201012_20201018.xml#75;fmi_100949_20201012_20201018.xml#76
100949,2020-10-12T19:00:00Z,8.5,2.6,0.0,0.0,OK,OK,OK,OK,false,hour_ending,SOURCE_UTC_STATED,fmi-8ab7d7d344b4,fmi_100949_20201012_20201018.xml,fmi_100949_20201012_20201018.xml#77;fmi_100949_20201012_20201018.xml#78;fmi_100949_20201012_20201018.xml#79;fmi_100949_20201012_20201018.xml#80
100949,2020-10-12T20:00:00Z,8.7,2.4,0.0,0.0,OK,OK,OK,OK,false,hour_ending,SOURCE_UTC_STATED,fmi-8ab7d7d344b4,fmi_100949_20201012_20201018.xml,fmi_100949_20201012_20201018.xml#81;fmi_100949_20201012_20201018.xml#82;fmi_100949_20201012_20201018.xml#83;fmi_100949_20201012_20201018.xml#84
100949,2020-10-12T21:00:00Z,8.6,1.6,0.0,0.0,OK,OK,OK,OK,false,hour_ending,SOURCE_UTC_STATED,fmi-8ab7d7d344b4,fmi_100949_20201012_20201018.xml,fmi_100949_20201012_20201018.xml#85;fmi_100949_20201012_20201018.xml#86;fmi_100949_20201012_20201018.xml#87;fmi_100949_20201012_20201018.xml#88
100949,2020-10-12T22:00:00Z,7.9,2.0,0.0,0.0,OK,OK,OK,OK,false,hour_ending,SOURCE_UTC_STATED,fmi-8ab7d7d344b4,fmi_100949_20201012_20201018.xml,fmi_100949_20201012_20201018.xml#89;fmi_100949_20201012_20201018.xml#90;fmi_100949_20201012_20201018.xml#91;fmi_100949_20201012_20201018.xml#92
100949,2020-10-12T23:00:00Z,7.7,0.8,0.1,0.0,OK,OK,OK,OK,false,hour_ending,SOURCE_UTC_STATED,fmi-8ab7d7d344b4,fmi_100949_20201012_20201018.xml,fmi_100949_20201012_20201018.xml#93;fmi_100949_20201012_20201018.xml#94;fmi_100949_20201012_20201018.xml#95;fmi_100949_20201012_20201018.xml#96
100949,2020-10-13T00:00:00Z,6.3,1.7,0.0,0.0,OK,OK,OK,OK,false,hour_ending,SOURCE_UTC_STATED,fmi-8ab7d7d344b4,fmi_100949_20201012_20201018.xml,fmi_100949_20201012_20201018.xml#100;fmi_100949_20201012_20201018.xml#97;fmi_100949_20201012_20201018.xml#98;fmi_100949_20201012_20201018.xml#99
100949,2020-10-13T01:00:00Z,7.0,1.6,0.0,0.0,OK,OK,OK,OK,false,hour_ending,SOURCE_UTC_STATED,fmi-8ab7d7d344b4,fmi_100949_20201012_20201018.xml,fmi_100949_20201012_20201018.xml#101;fmi_100949_20201012_20201018.xml#102;fmi_100949_20201012_20201018.xml#103;fmi_100949_20201012_20201018.xml#104
100949,2020-10-13T02:00:00Z,8.2,1.9,0.0,0.0,OK,OK,OK,OK,false,hour_ending,SOURCE_UTC_STATED,fmi-8ab7d7d344b4,fmi_100949_20201012_20201018.xml,fmi_100949_20201012_20201018.xml#105;fmi_100949_20201012_20201018.xml#106;fmi_100949_20201012_20201018.xml#107;fmi_100949_20201012_20201018.xml#108
100949,2020-10-13T03:00:00Z,8.4,2.0,0.0,0.0,OK,OK,OK,OK,false,hour_ending,SOURCE_UTC_STATED,fmi-8ab7d7d344b4,fmi_100949_20201012_20201018.xml,fmi_100949_20201012_20201018.xml#109;fmi_100949_20201012_20201018.xml#110;fmi_100949_20201012_20201018.xml#111;fmi_100949_20201012_20201018.xml#112
100949,2020-10-13T04:00:00Z,8.6,2.3,0.0,0.0,OK,OK,OK,OK,false,hour_ending,SOURCE_UTC_STATED,fmi-8ab7d7d344b4,fmi_100949_20201012_20201018.xml,fmi_100949_20201012_20201018.xml#113;fmi_100949_20201012_20201018.xml#114;fmi_100949_20201012_20201018.xml#115;fmi_100949_20201012_20201018.xml#116
100949,2020-10-13T05:00:00Z,8.0,1.7,0.0,0.0,OK,OK,OK,OK,false,hour_ending,SOURCE_UTC_STATED,fmi-8ab7d7d344b4,fmi_100949_20201012_20201018.xml,fmi_100949_20201012_20201018.xml#117;fmi_100949_20201012_20201018.xml#118;fmi_100949_20201012_20201018.xml#119;fmi_100949_20201012_20201018.xml#120
100949,2020-10-13T06:00:00Z,8.9,2.7,0.0,0.0,OK,OK,OK,OK,false,hour_ending,SOURCE_UTC_STATED,fmi-8ab7d7d344b4,fmi_100949_20201012_20201018.xml,fmi_100949_20201012_20201018.xml#121;fmi_100949_20201012_20201018.xml#122;fmi_100949_20201012_20201018.xml#123;fmi_100949_20201012_20201018.xml#124
100949,2020-10-13T07:00:00Z,8.1,1.8,0.8,0.5,OK,OK,OK,OK,false,hour_ending,SOURCE_UTC_STATED,fmi-8ab7d7d344b4,fmi_100949_20201012_20201018.xml,fmi_100949_20201012_20201018.xml#125;fmi_100949_20201012_20201018.xml#126;fmi_100949_20201012_20201018.xml#127;fmi_100949_20201012_20201018.xml#128
100949,2020-10-13T08:00:00Z,9.3,1.5,0.1,0.0,OK,OK,OK,OK,false,hour_ending,SOURCE_UTC_STATED,fmi-8ab7d7d344b4,fmi_100949_20201012_20201018.xml,fmi_100949_20201012_20201018.xml#129;fmi_100949_20201012_20201018.xml#130;fmi_100949_20201012_20201018.xml#131;fmi_100949_20201012_20201018.xml#132
100949,2020-10-13T09:00:00Z,10.3,2.5,0.0,0.0,OK,OK,OK,OK,false,hour_ending,SOURCE_UTC_STATED,fmi-8ab7d7d344b4,fmi_100949_20201012_20201018.xml,fmi_100949_20201012_20201018.xml#133;fmi_100949_20201012_20201018.xml#134;fmi_100949_20201012_20201018.xml#135;fmi_100949_20201012_20201018.xml#136
100949,2020-10-13T10:00:00Z,10.0,2.0,0.0,0.0,OK,OK,OK,OK,false,hour_ending,SOURCE_UTC_STATED,fmi-8ab7d7d344b4,fmi_100949_20201012_20201018.xml,fmi_100949_20201012_20201018.xml#137;fmi_100949_20201012_20201018.xml#138;fmi_100949_20201012_20201018.xml#139;fmi_100949_20201012_20201018.xml#140
100949,2020-10-13T11:00:00Z,10.1,2.9,0.0,0.0,OK,OK,OK,OK,false,hour_ending,SOURCE_UTC_STATED,fmi-8ab7d7d344b4,fmi_100949_20201012_20201018.xml,fmi_100949_20201012_20201018.xml#141;fmi_100949_20201012_20201018.xml#142;fmi_100949_20201012_20201018.xml#143;fmi_100949_20201012_20201018.xml#144
100949,2020-10-13T12:00:00Z,10.2,3.4,0.0,0.0,OK,OK,OK,OK,false,hour_ending,SOURCE_UTC_STATED,fmi-8ab7d7d344b4,fmi_100949_20201012_20201018.xml,fmi_100949_20201012_20201018.xml#145;fmi_100949_20201012_20201018.xml#146;fmi_100949_20201012_20201018.xml#147;fmi_100949_20201012_20201018.xml#148
100949,2020-10-13T13:00:00Z,9.6,2.7,0.0,0.0,OK,OK,OK,OK,false,hour_ending,SOURCE_UTC_STATED,fmi-8ab7d7d344b4,fmi_100949_20201012_20201018.xml,fmi_100949_20201012_20201018.xml#149;fmi_100949_20201012_20201018.xml#150;fmi_100949_20201012_20201018.xml#151;fmi_100949_20201012_20201018.xml#152
100949,2020-10-13T14:00:00Z,9.2,2.9,0.0,0.0,OK,OK,OK,OK,false,hour_ending,SOURCE_UTC_STATED,fmi-8ab7d7d344b4,fmi_100949_20201012_20201018.xml,fmi_100949_20201012_20201018.xml#153;fmi_100949_20201012_20201018.xml#154;fmi_100949_20201012_20201018.xml#155;fmi_100949_20201012_20201018.xml#156
100949,2020-10-13T15:00:00Z,8.8,1.7,0.0,0.0,OK,OK,OK,OK,false,hour_ending,SOURCE_UTC_STATED,fmi-8ab7d7d344b4,fmi_100949_20201012_20201018.xml,fmi_100949_20201012_20201018.xml#157;fmi_100949_20201012_20201018.xml#158;fmi_100949_20201012_20201018.xml#159;fmi_100949_20201012_20201018.xml#160
100949,2020-10-13T16:00:00Z,8.3,1.8,0.0,0.0,OK,OK,OK,OK,false,hour_ending,SOURCE_UTC_STATED,fmi-8ab7d7d344b4,fmi_100949_20201012_20201018.xml,fmi_100949_20201012_20201018.xml#161;fmi_100949_20201012_20201018.xml#162;fmi_100949_20201012_20201018.xml#163;fmi_100949_20201012_20201018.xml#164
100949,2020-10-13T17:00:00Z,7.1,2.3,0.0,0.0,OK,OK,OK,OK,false,hour_ending,SOURCE_UTC_STATED,fmi-8ab7d7d344b4,fmi_100949_20201012_20201018.xml,fmi_100949_20201012_20201018.xml#165;fmi_100949_20201012_20201018.xml#166;fmi_100949_20201012_20201018.xml#167;fmi_100949_20201012_20201018.xml#168
100949,2020-10-13T18:00:00Z,6.1,2.3,0.0,0.0,OK,OK,OK,OK,false,hour_ending,SOURCE_UTC_STATED,fmi-8ab7d7d344b4,fmi_100949_20201012_20201018.xml,fmi_100949_20201012_20201018.xml#169;fmi_100949_20201012_20201018.xml#170;fmi_100949_20201012_20201018.xml#171;fmi_100949_20201012_20201018.xml#172
100949,2020-10-13T19:00:00Z,5.7,2.6,0.0,0.0,OK,OK,OK,OK,false,hour_ending,SOURCE_UTC_STATED,fmi-8ab7d7d344b4,fmi_100949_20201012_20201018.xml,fmi_100949_20201012_20201018.xml#173;fmi_100949_20201012_20201018.xml#174;fmi_100949_20201012_20201018.xml#175;fmi_100949_20201012_20201018.xml#176
100949,2020-10-13T20:00:00Z,5.6,2.9,0.0,0.0,OK,OK,OK,OK,false,hour_ending,SOURCE_UTC_STATED,fmi-8ab7d7d344b4,fmi_100949_20201012_20201018.xml,fmi_100949_20201012_20201018.xml#177;fmi_100949_20201012_20201018.xml#178;fmi_100949_20201012_20201018.xml#179;fmi_100949_20201012_20201018.xml#180
100949,2020-10-13T21:00:00Z,5.3,2.0,0.0,0.0,OK,OK,OK,OK,false,hour_ending,SOURCE_UTC_STATED,fmi-8ab7d7d344b4,fmi_100949_20201012_20201018.xml,fmi_100949_20201012_20201018.xml#181;fmi_100949_20201012_20201018.xml#182;fmi_100949_20201012_20201018.xml#183;fmi_100949_20201012_20201018.xml#184
100949,2020-10-13T22:00:00Z,5.6,2.3,0.0,0.0,OK,OK,OK,OK,false,hour_ending,SOURCE_UTC_STATED,fmi-8ab7d7d344b4,fmi_100949_20201012_20201018.xml,fmi_100949_20201012_20201018.xml#185;fmi_100949_20201012_20201018.xml#186;fmi_100949_20201012_20201018.xml#187;fmi_100949_20201012_20201018.xml#188
100949,2020-10-13T23:00:00Z,5.2,2.0,0.0,0.0,OK,OK,OK,OK,false,hour_ending,SOURCE_UTC_STATED,fmi-8ab7d7d344b4,fmi_100949_20201012_20201018.xml,fmi_100949_20201012_20201018.xml#189;fmi_100949_20201012_20201018.xml#190;fmi_100949_20201012_20201018.xml#191;fmi_100949_20201012_20201018.xml#192
100949,2020-10-14T00:00:00Z,4.6,1.5,0.0,0.0,OK,OK,OK,OK,false,hour_ending,SOURCE_UTC_STATED,fmi-8ab7d7d344b4,fmi_100949_20201012_20201018.xml,fmi_100949_20201012_20201018.xml#193;fmi_100949_20201012_20201018.xml#194;fmi_100949_20201012_20201018.xml#195;fmi_100949_20201012_20201018.xml#196
100949,2020-10-14T01:00:00Z,5.6,3.0,0.0,0.0,OK,OK,OK,OK,false,hour_ending,SOURCE_UTC_STATED,fmi-8ab7d7d344b4,fmi_100949_20201012_20201018.xml,fmi_100949_20201012_20201018.xml#197;fmi_100949_20201012_20201018.xml#198;fmi_100949_20201012_20201018.xml#199;fmi_100949_20201012_20201018.xml#200
100949,2020-10-14T02:00:00Z,5.7,2.9,0.0,0.0,OK,OK,OK,OK,false,hour_ending,SOURCE_UTC_STATED,fmi-8ab7d7d344b4,fmi_100949_20201012_20201018.xml,fmi_100949_20201012_20201018.xml#201;fmi_100949_20201012_20201018.xml#202;fmi_100949_20201012_20201018.xml#203;fmi_100949_20201012_20201018.xml#204
100949,2020-10-14T03:00:00Z,6.1,3.5,0.0,0.0,OK,OK,OK,OK,false,hour_ending,SOURCE_UTC_STATED,fmi-8ab7d7d344b4,fmi_100949_20201012_20201018.xml,fmi_100949_20201012_20201018.xml#205;fmi_100949_20201012_20201018.xml#206;fmi_100949_20201012_20201018.xml#207;fmi_100949_20201012_20201018.xml#208
100949,2020-10-14T04:00:00Z,6.2,3.5,0.0,0.0,OK,OK,OK,OK,false,hour_ending,SOURCE_UTC_STATED,fmi-8ab7d7d344b4,fmi_100949_20201012_20201018.xml,fmi_100949_20201012_20201018.xml#209;fmi_100949_20201012_20201018.xml#210;fmi_100949_20201012_20201018.xml#211;fmi_100949_20201012_20201018.xml#212
100949,2020-10-14T05:00:00Z,6.1,4.0,0.0,0.0,OK,OK,OK,OK,false,hour_ending,SOURCE_UTC_STATED,fmi-8ab7d7d344b4,fmi_100949_20201012_20201018.xml,fmi_100949_20201012_20201018.xml#213;fmi_100949_20201012_20201018.xml#214;fmi_100949_20201012_20201018.xml#215;fmi_100949_20201012_20201018.xml#216
100949,2020-10-14T06:00:00Z,6.3,3.2,0.0,0.0,OK,OK,OK,OK,false,hour_ending,SOURCE_UTC_STATED,fmi-8ab7d7d344b4,fmi_100949_20201012_20201018.xml,fmi_100949_20201012_20201018.xml#217;fmi_100949_20201012_20201018.xml#218;fmi_100949_20201012_20201018.xml#219;fmi_100949_20201012_20201018.xml#220
100949,2020-10-14T07:00:00Z,6.5,3.5,0.0,0.0,OK,OK,OK,OK,false,hour_ending,SOURCE_UTC_STATED,fmi-8ab7d7d344b4,fmi_100949_20201012_20201018.xml,fmi_100949_20201012_20201018.xml#221;fmi_100949_20201012_20201018.xml#222;fmi_100949_20201012_20201018.xml#223;fmi_100949_20201012_20201018.xml#224
100949,2020-10-14T08:00:00Z,6.4,4.3,0.0,0.0,OK,OK,OK,OK,false,hour_ending,SOURCE_UTC_STATED,fmi-8ab7d7d344b4,fmi_100949_20201012_20201018.xml,fmi_100949_20201012_20201018.xml#225;fmi_100949_20201012_20201018.xml#226;fmi_100949_20201012_20201018.xml#227;fmi_100949_20201012_20201018.xml#228
100949,2020-10-14T09:00:00Z,6.5,3.0,0.0,0.0,OK,OK,OK,OK,false,hour_ending,SOURCE_UTC_STATED,fmi-8ab7d7d344b4,fmi_100949_20201012_20201018.xml,fmi_100949_20201012_20201018.xml#229;fmi_100949_20201012_20201018.xml#230;fmi_100949_20201012_20201018.xml#231;fmi_100949_20201012_20201018.xml#232
100949,2020-10-14T10:00:00Z,7.1,4.1,0.0,0.0,OK,OK,OK,OK,false,hour_ending,SOURCE_UTC_STATED,fmi-8ab7d7d344b4,fmi_100949_20201012_20201018.xml,fmi_100949_20201012_20201018.xml#233;fmi_100949_20201012_20201018.xml#234;fmi_100949_20201012_20201018.xml#235;fmi_100949_20201012_20201018.xml#236
100949,2020-10-14T11:00:00Z,7.5,4.0,0.0,0.0,OK,OK,OK,OK,false,hour_ending,SOURCE_UTC_STATED,fmi-8ab7d7d344b4,fmi_100949_20201012_20201018.xml,fmi_100949_20201012_20201018.xml#237;fmi_100949_20201012_20201018.xml#238;fmi_100949_20201012_20201018.xml#239;fmi_100949_20201012_20201018.xml#240
100949,2020-10-14T12:00:00Z,7.8,3.9,0.0,0.0,OK,OK,OK,OK,false,hour_ending,SOURCE_UTC_STATED,fmi-8ab7d7d344b4,fmi_100949_20201012_20201018.xml,fmi_100949_20201012_20201018.xml#241;fmi_100949_20201012_20201018.xml#242;fmi_100949_20201012_20201018.xml#243;fmi_100949_20201012_20201018.xml#244
100949,2020-10-14T13:00:00Z,8.3,2.5,0.0,0.0,OK,OK,OK,OK,false,hour_ending,SOURCE_UTC_STATED,fmi-8ab7d7d344b4,fmi_100949_20201012_20201018.xml,fmi_100949_20201012_20201018.xml#245;fmi_100949_20201012_20201018.xml#246;fmi_100949_20201012_20201018.xml#247;fmi_100949_20201012_20201018.xml#248
100949,2020-10-14T14:00:00Z,8.1,2.4,0.0,0.0,OK,OK,OK,OK,false,hour_ending,SOURCE_UTC_STATED,fmi-8ab7d7d344b4,fmi_100949_20201012_20201018.xml,fmi_100949_20201012_20201018.xml#249;fmi_100949_20201012_20201018.xml#250;fmi_100949_20201012_20201018.xml#251;fmi_100949_20201012_20201018.xml#252
100949,2020-10-14T15:00:00Z,7.3,3.5,0.0,0.0,OK,OK,OK,OK,false,hour_ending,SOURCE_UTC_STATED,fmi-8ab7d7d344b4,fmi_100949_20201012_20201018.xml,fmi_100949_20201012_20201018.xml#253;fmi_100949_20201012_20201018.xml#254;fmi_100949_20201012_20201018.xml#255;fmi_100949_20201012_20201018.xml#256
100949,2020-10-14T16:00:00Z,6.4,4.2,0.0,0.0,OK,OK,OK,OK,false,hour_ending,SOURCE_UTC_STATED,fmi-8ab7d7d344b4,fmi_100949_20201012_20201018.xml,fmi_100949_20201012_20201018.xml#257;fmi_100949_20201012_20201018.xml#258;fmi_100949_20201012_20201018.xml#259;fmi_100949_20201012_20201018.xml#260
100949,2020-10-14T17:00:00Z,5.4,3.9,0.0,0.0,OK,OK,OK,OK,false,hour_ending,SOURCE_UTC_STATED,fmi-8ab7d7d344b4,fmi_100949_20201012_20201018.xml,fmi_100949_20201012_20201018.xml#261;fmi_100949_20201012_20201018.xml#262;fmi_100949_20201012_20201018.xml#263;fmi_100949_20201012_20201018.xml#264
100949,2020-10-14T18:00:00Z,5.2,3.6,0.0,0.0,OK,OK,OK,OK,false,hour_ending,SOURCE_UTC_STATED,fmi-8ab7d7d344b4,fmi_100949_20201012_20201018.xml,fmi_100949_20201012_20201018.xml#265;fmi_100949_20201012_20201018.xml#266;fmi_100949_20201012_20201018.xml#267;fmi_100949_20201012_20201018.xml#268
100949,2020-10-14T19:00:00Z,4.8,2.9,0.0,0.0,OK,OK,OK,OK,false,hour_ending,SOURCE_UTC_STATED,fmi-8ab7d7d344b4,fmi_100949_20201012_20201018.xml,fmi_100949_20201012_20201018.xml#269;fmi_100949_20201012_20201018.xml#270;fmi_100949_20201012_20201018.xml#271;fmi_100949_20201012_20201018.xml#272
100949,2020-10-14T20:00:00Z,4.2,3.9,0.0,0.0,OK,OK,OK,OK,false,hour_ending,SOURCE_UTC_STATED,fmi-8ab7d7d344b4,fmi_100949_20201012_20201018.xml,fmi_100949_20201012_20201018.xml#273;fmi_100949_20201012_20201018.xml#274;fmi_100949_20201012_20201018.xml#275;fmi_100949_20201012_20201018.xml#276
100949,2020-10-14T21:00:00Z,3.3,3.8,0.0,0.0,OK,OK,OK,OK,false,hour_ending,SOURCE_UTC_STATED,fmi-8ab7d7d344b4,fmi_100949_20201012_20201018.xml,fmi_100949_20201012_20201018.xml#277;fmi_100949_20201012_20201018.xml#278;fmi_100949_20201012_20201018.xml#279;fmi_100949_20201012_20201018.xml#280
100949,2020-10-14T22:00:00Z,2.4,3.0,0.0,0.0,OK,OK,OK,OK,false,hour_ending,SOURCE_UTC_STATED,fmi-8ab7d7d344b4,fmi_100949_20201012_20201018.xml,fmi_100949_20201012_20201018.xml#281;fmi_100949_20201012_20201018.xml#282;fmi_100949_20201012_20201018.xml#283;fmi_100949_20201012_20201018.xml#284
100949,2020-10-14T23:00:00Z,1.7,3.0,0.0,0.0,OK,OK,OK,OK,false,hour_ending,SOURCE_UTC_STATED,fmi-8ab7d7d344b4,fmi_100949_20201012_20201018.xml,fmi_100949_20201012_20201018.xml#285;fmi_100949_20201012_20201018.xml#286;fmi_100949_20201012_20201018.xml#287;fmi_100949_20201012_20201018.xml#288
100949,2020-10-15T00:00:00Z,1.2,2.3,0.0,0.0,OK,OK,OK,OK,false,hour_ending,SOURCE_UTC_STATED,fmi-8ab7d7d344b4,fmi_100949_20201012_20201018.xml,fmi_100949_20201012_20201018.xml#289;fmi_100949_20201012_20201018.xml#290;fmi_100949_20201012_20201018.xml#291;fmi_100949_20201012_20201018.xml#292
100949,2020-10-15T01:00:00Z,0.4,2.1,0.0,0.0,OK,OK,OK,OK,false,hour_ending,SOURCE_UTC_STATED,fmi-8ab7d7d344b4,fmi_100949_20201012_20201018.xml,fmi_100949_20201012_20201018.xml#293;fmi_100949_20201012_20201018.xml#294;fmi_100949_20201012_20201018.xml#295;fmi_100949_20201012_20201018.xml#296
100949,2020-10-15T02:00:00Z,0.1,2.4,0.0,0.0,OK,OK,OK,OK,false,hour_ending,SOURCE_UTC_STATED,fmi-8ab7d7d344b4,fmi_100949_20201012_20201018.xml,fmi_100949_20201012_20201018.xml#297;fmi_100949_20201012_20201018.xml#298;fmi_100949_20201012_20201018.xml#299;fmi_100949_20201012_20201018.xml#300
100949,2020-10-15T03:00:00Z,-0.3,2.0,0.0,0.0,OK,OK,OK,OK,false,hour_ending,SOURCE_UTC_STATED,fmi-8ab7d7d344b4,fmi_100949_20201012_20201018.xml,fmi_100949_20201012_20201018.xml#301;fmi_100949_20201012_20201018.xml#302;fmi_100949_20201012_20201018.xml#303;fmi_100949_20201012_20201018.xml#304
100949,2020-10-15T04:00:00Z,-0.5,2.1,0.0,0.0,OK,OK,OK,OK,false,hour_ending,SOURCE_UTC_STATED,fmi-8ab7d7d344b4,fmi_100949_20201012_20201018.xml,fmi_100949_20201012_20201018.xml#305;fmi_100949_20201012_20201018.xml#306;fmi_100949_20201012_20201018.xml#307;fmi_100949_20201012_20201018.xml#308
100949,2020-10-15T05:00:00Z,-0.8,0.9,0.0,0.0,OK,OK,OK,OK,false,hour_ending,SOURCE_UTC_STATED,fmi-8ab7d7d344b4,fmi_100949_20201012_20201018.xml,fmi_100949_20201012_20201018.xml#309;fmi_100949_20201012_20201018.xml#310;fmi_100949_20201012_20201018.xml#311;fmi_100949_20201012_20201018.xml#312
100949,2020-10-15T06:00:00Z,-0.5,1.6,0.0,0.0,OK,OK,OK,OK,false,hour_ending,SOURCE_UTC_STATED,fmi-8ab7d7d344b4,fmi_100949_20201012_20201018.xml,fmi_100949_20201012_20201018.xml#313;fmi_100949_20201012_20201018.xml#314;fmi_100949_20201012_20201018.xml#315;fmi_100949_20201012_20201018.xml#316
100949,2020-10-15T07:00:00Z,1.3,1.6,0.0,0.0,OK,OK,OK,OK,false,hour_ending,SOURCE_UTC_STATED,fmi-8ab7d7d344b4,fmi_100949_20201012_20201018.xml,fmi_100949_20201012_20201018.xml#317;fmi_100949_20201012_20201018.xml#318;fmi_100949_20201012_20201018.xml#319;fmi_100949_20201012_20201018.xml#320
100949,2020-10-15T08:00:00Z,3.8,1.6,0.0,0.0,OK,OK,OK,OK,false,hour_ending,SOURCE_UTC_STATED,fmi-8ab7d7d344b4,fmi_100949_20201012_20201018.xml,fmi_100949_20201012_20201018.xml#321;fmi_100949_20201012_20201018.xml#322;fmi_100949_20201012_20201018.xml#323;fmi_100949_20201012_20201018.xml#324
100949,2020-10-15T09:00:00Z,5.3,1.6,0.0,0.0,OK,OK,OK,OK,false,hour_ending,SOURCE_UTC_STATED,fmi-8ab7d7d344b4,fmi_100949_20201012_20201018.xml,fmi_100949_20201012_20201018.xml#325;fmi_100949_20201012_20201018.xml#326;fmi_100949_20201012_20201018.xml#327;fmi_100949_20201012_20201018.xml#328
100949,2020-10-15T10:00:00Z,6.7,3.2,0.0,0.0,OK,OK,OK,OK,false,hour_ending,SOURCE_UTC_STATED,fmi-8ab7d7d344b4,fmi_100949_20201012_20201018.xml,fmi_100949_20201012_20201018.xml#329;fmi_100949_20201012_20201018.xml#330;fmi_100949_20201012_20201018.xml#331;fmi_100949_20201012_20201018.xml#332
100949,2020-10-15T11:00:00Z,7.5,3.0,0.0,0.0,OK,OK,OK,OK,false,hour_ending,SOURCE_UTC_STATED,fmi-8ab7d7d344b4,fmi_100949_20201012_20201018.xml,fmi_100949_20201012_20201018.xml#333;fmi_100949_20201012_20201018.xml#334;fmi_100949_20201012_20201018.xml#335;fmi_100949_20201012_20201018.xml#336
100949,2020-10-15T12:00:00Z,7.9,4.2,0.0,0.0,OK,OK,OK,OK,false,hour_ending,SOURCE_UTC_STATED,fmi-8ab7d7d344b4,fmi_100949_20201012_20201018.xml,fmi_100949_20201012_20201018.xml#337;fmi_100949_20201012_20201018.xml#338;fmi_100949_20201012_20201018.xml#339;fmi_100949_20201012_20201018.xml#340
100949,2020-10-15T13:00:00Z,7.0,3.5,0.0,0.0,OK,OK,OK,OK,false,hour_ending,SOURCE_UTC_STATED,fmi-8ab7d7d344b4,fmi_100949_20201012_20201018.xml,fmi_100949_20201012_20201018.xml#341;fmi_100949_20201012_20201018.xml#342;fmi_100949_20201012_20201018.xml#343;fmi_100949_20201012_20201018.xml#344
100949,2020-10-15T14:00:00Z,6.0,3.2,0.0,0.0,OK,OK,OK,OK,false,hour_ending,SOURCE_UTC_STATED,fmi-8ab7d7d344b4,fmi_100949_20201012_20201018.xml,fmi_100949_20201012_20201018.xml#345;fmi_100949_20201012_20201018.xml#346;fmi_100949_20201012_20201018.xml#347;fmi_100949_20201012_20201018.xml#348
100949,2020-10-15T15:00:00Z,5.6,4.1,0.0,0.0,OK,OK,OK,OK,false,hour_ending,SOURCE_UTC_STATED,fmi-8ab7d7d344b4,fmi_100949_20201012_20201018.xml,fmi_100949_20201012_20201018.xml#349;fmi_100949_20201012_20201018.xml#350;fmi_100949_20201012_20201018.xml#351;fmi_100949_20201012_20201018.xml#352
100949,2020-10-15T16:00:00Z,4.3,2.0,0.0,0.0,OK,OK,OK,OK,false,hour_ending,SOURCE_UTC_STATED,fmi-8ab7d7d344b4,fmi_100949_20201012_20201018.xml,fmi_100949_20201012_20201018.xml#353;fmi_100949_20201012_20201018.xml#354;fmi_100949_20201012_20201018.xml#355;fmi_100949_20201012_20201018.xml#356
100949,2020-10-15T17:00:00Z,4.2,1.6,0.0,0.0,OK,OK,OK,OK,false,hour_ending,SOURCE_UTC_STATED,fmi-8ab7d7d344b4,fmi_100949_20201012_20201018.xml,fmi_100949_20201012_20201018.xml#357;fmi_100949_20201012_20201018.xml#358;fmi_100949_20201012_20201018.xml#359;fmi_100949_20201012_20201018.xml#360
100949,2020-10-15T18:00:00Z,4.1,1.6,0.0,0.0,OK,OK,OK,OK,false,hour_ending,SOURCE_UTC_STATED,fmi-8ab7d7d344b4,fmi_100949_20201012_20201018.xml,fmi_100949_20201012_20201018.xml#361;fmi_100949_20201012_20201018.xml#362;fmi_100949_20201012_20201018.xml#363;fmi_100949_20201012_20201018.xml#364
100949,2020-10-15T19:00:00Z,4.8,1.9,0.0,0.0,OK,OK,OK,OK,false,hour_ending,SOURCE_UTC_STATED,fmi-8ab7d7d344b4,fmi_100949_20201012_20201018.xml,fmi_100949_20201012_20201018.xml#365;fmi_100949_20201012_20201018.xml#366;fmi_100949_20201012_20201018.xml#367;fmi_100949_20201012_20201018.xml#368
100949,2020-10-15T20:00:00Z,5.1,2.2,0.0,0.0,OK,OK,OK,OK,false,hour_ending,SOURCE_UTC_STATED,fmi-8ab7d7d344b4,fmi_100949_20201012_20201018.xml,fmi_100949_20201012_20201018.xml#369;fmi_100949_20201012_20201018.xml#370;fmi_100949_20201012_20201018.xml#371;fmi_100949_20201012_20201018.xml#372
100949,2020-10-15T21:00:00Z,5.0,1.5,0.0,0.0,OK,OK,OK,OK,false,hour_ending,SOURCE_UTC_STATED,fmi-8ab7d7d344b4,fmi_100949_20201012_20201018.xml,fmi_100949_20201012_20201018.xml#373;fmi_100949_20201012_20201018.xml#374;fmi_100949_20201012_20201018.xml#375;fmi_100949_20201012_20201018.xml#376
100949,2020-10-15T22:00:00Z,5.0,1.8,0.0,0.0,OK,OK,OK,OK,false,hour_ending,SOURCE_UTC_STATED,fmi-8ab7d7d344b4,fmi_100949_20201012_20201018.xml,fmi_100949_20201012_20201018.xml#377;fmi_100949_20201012_20201018.xml#378;fmi_100949_20201012_20201018.xml#379;fmi_100949_20201012_20201018.xml#380
100949,2020-10-15T23:00:00Z,4.8,1.4,0.0,0.0,OK,OK,OK,OK,false,hour_ending,SOURCE_UTC_STATED,fmi-8ab7d7d344b4,fmi_100949_20201012_20201018.xml,fmi_100949_20201012_20201018.xml#381;fmi_100949_20201012_20201018.xml#382;fmi_100949_20201012_20201018.xml#383;fmi_100949_20201012_20201018.xml#384
100949,2020-10-16T00:00:00Z,4.5,1.9,0.0,0.0,OK,OK,OK,OK,false,hour_ending,SOURCE_UTC_STATED,fmi-8ab7d7d344b4,fmi_100949_20201012_20201018.xml,fmi_100949_20201012_20201018.xml#385;fmi_100949_20201012_20201018.xml#386;fmi_100949_20201012_20201018.xml#387;fmi_100949_20201012_20201018.xml#388
100949,2020-10-16T01:00:00Z,4.2,1.8,0.0,0.0,OK,OK,OK,OK,false,hour_ending,SOURCE_UTC_STATED,fmi-8ab7d7d344b4,fmi_100949_20201012_20201018.xml,fmi_100949_20201012_20201018.xml#389;fmi_100949_20201012_20201018.xml#390;fmi_100949_20201012_20201018.xml#391;fmi_100949_20201012_20201018.xml#392
100949,2020-10-16T02:00:00Z,3.7,1.6,0.0,0.0,OK,OK,OK,OK,false,hour_ending,SOURCE_UTC_STATED,fmi-8ab7d7d344b4,fmi_100949_20201012_20201018.xml,fmi_100949_20201012_20201018.xml#393;fmi_100949_20201012_20201018.xml#394;fmi_100949_20201012_20201018.xml#395;fmi_100949_20201012_20201018.xml#396
100949,2020-10-16T03:00:00Z,2.5,1.3,0.0,0.0,OK,OK,OK,OK,false,hour_ending,SOURCE_UTC_STATED,fmi-8ab7d7d344b4,fmi_100949_20201012_20201018.xml,fmi_100949_20201012_20201018.xml#397;fmi_100949_20201012_20201018.xml#398;fmi_100949_20201012_20201018.xml#399;fmi_100949_20201012_20201018.xml#400
100949,2020-10-16T04:00:00Z,0.9,1.5,0.0,0.0,OK,OK,OK,OK,false,hour_ending,SOURCE_UTC_STATED,fmi-8ab7d7d344b4,fmi_100949_20201012_20201018.xml,fmi_100949_20201012_20201018.xml#401;fmi_100949_20201012_20201018.xml#402;fmi_100949_20201012_20201018.xml#403;fmi_100949_20201012_20201018.xml#404
100949,2020-10-16T05:00:00Z,0.2,1.4,0.0,0.0,OK,OK,OK,OK,false,hour_ending,SOURCE_UTC_STATED,fmi-8ab7d7d344b4,fmi_100949_20201012_20201018.xml,fmi_100949_20201012_20201018.xml#405;fmi_100949_20201012_20201018.xml#406;fmi_100949_20201012_20201018.xml#407;fmi_100949_20201012_20201018.xml#408
100949,2020-10-16T06:00:00Z,1.5,2.2,0.0,0.0,OK,OK,OK,OK,false,hour_ending,SOURCE_UTC_STATED,fmi-8ab7d7d344b4,fmi_100949_20201012_20201018.xml,fmi_100949_20201012_20201018.xml#409;fmi_100949_20201012_20201018.xml#410;fmi_100949_20201012_20201018.xml#411;fmi_100949_20201012_20201018.xml#412
100949,2020-10-16T07:00:00Z,2.8,2.2,0.0,0.0,OK,OK,OK,OK,false,hour_ending,SOURCE_UTC_STATED,fmi-8ab7d7d344b4,fmi_100949_20201012_20201018.xml,fmi_100949_20201012_20201018.xml#413;fmi_100949_20201012_20201018.xml#414;fmi_100949_20201012_20201018.xml#415;fmi_100949_20201012_20201018.xml#416
100949,2020-10-16T08:00:00Z,4.7,2.5,0.0,0.0,OK,OK,OK,OK,false,hour_ending,SOURCE_UTC_STATED,fmi-8ab7d7d344b4,fmi_100949_20201012_20201018.xml,fmi_100949_20201012_20201018.xml#417;fmi_100949_20201012_20201018.xml#418;fmi_100949_20201012_20201018.xml#419;fmi_100949_20201012_20201018.xml#420
100949,2020-10-16T09:00:00Z,6.1,4.1,0.0,0.0,OK,OK,OK,OK,false,hour_ending,SOURCE_UTC_STATED,fmi-8ab7d7d344b4,fmi_100949_20201012_20201018.xml,fmi_100949_20201012_20201018.xml#421;fmi_100949_20201012_20201018.xml#422;fmi_100949_20201012_20201018.xml#423;fmi_100949_20201012_20201018.xml#424
100949,2020-10-16T10:00:00Z,6.9,3.7,0.0,0.0,OK,OK,OK,OK,false,hour_ending,SOURCE_UTC_STATED,fmi-8ab7d7d344b4,fmi_100949_20201012_20201018.xml,fmi_100949_20201012_20201018.xml#425;fmi_100949_20201012_20201018.xml#426;fmi_100949_20201012_20201018.xml#427;fmi_100949_20201012_20201018.xml#428
100949,2020-10-16T11:00:00Z,7.2,3.4,0.0,0.0,OK,OK,OK,OK,false,hour_ending,SOURCE_UTC_STATED,fmi-8ab7d7d344b4,fmi_100949_20201012_20201018.xml,fmi_100949_20201012_20201018.xml#429;fmi_100949_20201012_20201018.xml#430;fmi_100949_20201012_20201018.xml#431;fmi_100949_20201012_20201018.xml#432
100949,2020-10-16T12:00:00Z,7.3,2.2,0.0,0.0,OK,OK,OK,OK,false,hour_ending,SOURCE_UTC_STATED,fmi-8ab7d7d344b4,fmi_100949_20201012_20201018.xml,fmi_100949_20201012_20201018.xml#433;fmi_100949_20201012_20201018.xml#434;fmi_100949_20201012_20201018.xml#435;fmi_100949_20201012_20201018.xml#436
100949,2020-10-16T13:00:00Z,7.4,2.8,0.0,0.0,OK,OK,OK,OK,false,hour_ending,SOURCE_UTC_STATED,fmi-8ab7d7d344b4,fmi_100949_20201012_20201018.xml,fmi_100949_20201012_20201018.xml#437;fmi_100949_20201012_20201018.xml#438;fmi_100949_20201012_20201018.xml#439;fmi_100949_20201012_20201018.xml#440
100949,2020-10-16T14:00:00Z,7.6,2.4,0.0,0.0,OK,OK,OK,OK,false,hour_ending,SOURCE_UTC_STATED,fmi-8ab7d7d344b4,fmi_100949_20201012_20201018.xml,fmi_100949_20201012_20201018.xml#441;fmi_100949_20201012_20201018.xml#442;fmi_100949_20201012_20201018.xml#443;fmi_100949_20201012_20201018.xml#444
100949,2020-10-16T15:00:00Z,6.3,1.1,0.0,0.0,OK,OK,OK,OK,false,hour_ending,SOURCE_UTC_STATED,fmi-8ab7d7d344b4,fmi_100949_20201012_20201018.xml,fmi_100949_20201012_20201018.xml#445;fmi_100949_20201012_20201018.xml#446;fmi_100949_20201012_20201018.xml#447;fmi_100949_20201012_20201018.xml#448
100949,2020-10-16T16:00:00Z,3.0,1.3,0.0,0.0,OK,OK,OK,OK,false,hour_ending,SOURCE_UTC_STATED,fmi-8ab7d7d344b4,fmi_100949_20201012_20201018.xml,fmi_100949_20201012_20201018.xml#449;fmi_100949_20201012_20201018.xml#450;fmi_100949_20201012_20201018.xml#451;fmi_100949_20201012_20201018.xml#452
100949,2020-10-16T17:00:00Z,1.7,1.6,0.0,0.0,OK,OK,OK,OK,false,hour_ending,SOURCE_UTC_STATED,fmi-8ab7d7d344b4,fmi_100949_20201012_20201018.xml,fmi_100949_20201012_20201018.xml#453;fmi_100949_20201012_20201018.xml#454;fmi_100949_20201012_20201018.xml#455;fmi_100949_20201012_20201018.xml#456
100949,2020-10-16T18:00:00Z,0.8,0.0,0.0,0.0,OK,OK,OK,OK,false,hour_ending,SOURCE_UTC_STATED,fmi-8ab7d7d344b4,fmi_100949_20201012_20201018.xml,fmi_100949_20201012_20201018.xml#457;fmi_100949_20201012_20201018.xml#458;fmi_100949_20201012_20201018.xml#459;fmi_100949_20201012_20201018.xml#460
100949,2020-10-16T19:00:00Z,-0.2,0.0,0.0,0.0,OK,OK,OK,OK,false,hour_ending,SOURCE_UTC_STATED,fmi-8ab7d7d344b4,fmi_100949_20201012_20201018.xml,fmi_100949_20201012_20201018.xml#461;fmi_100949_20201012_20201018.xml#462;fmi_100949_20201012_20201018.xml#463;fmi_100949_20201012_20201018.xml#464
100949,2020-10-16T20:00:00Z,-0.7,0.0,0.0,0.0,OK,OK,OK,OK,false,hour_ending,SOURCE_UTC_STATED,fmi-8ab7d7d344b4,fmi_100949_20201012_20201018.xml,fmi_100949_20201012_20201018.xml#465;fmi_100949_20201012_20201018.xml#466;fmi_100949_20201012_20201018.xml#467;fmi_100949_20201012_20201018.xml#468
100949,2020-10-16T21:00:00Z,-1.3,0.0,0.0,0.0,OK,OK,OK,OK,false,hour_ending,SOURCE_UTC_STATED,fmi-8ab7d7d344b4,fmi_100949_20201012_20201018.xml,fmi_100949_20201012_20201018.xml#469;fmi_100949_20201012_20201018.xml#470;fmi_100949_20201012_20201018.xml#471;fmi_100949_20201012_20201018.xml#472
100949,2020-10-16T22:00:00Z,-1.4,0.0,0.0,0.0,OK,OK,OK,OK,false,hour_ending,SOURCE_UTC_STATED,fmi-8ab7d7d344b4,fmi_100949_20201012_20201018.xml,fmi_100949_20201012_20201018.xml#473;fmi_100949_20201012_20201018.xml#474;fmi_100949_20201012_20201018.xml#475;fmi_100949_20201012_20201018.xml#476
100949,2020-10-16T23:00:00Z,-1.5,0.0,0.0,0.0,OK,OK,OK,OK,false,hour_ending,SOURCE_UTC_STATED,fmi-8ab7d7d344b4,fmi_100949_20201012_20201018.xml,fmi_100949_20201012_20201018.xml#477;fmi_100949_20201012_20201018.xml#478;fmi_100949_20201012_20201018.xml#479;fmi_100949_20201012_20201018.xml#480
100949,2020-10-17T00:00:00Z,-1.8,0.8,0.0,0.0,OK,OK,OK,OK,false,hour_ending,SOURCE_UTC_STATED,fmi-8ab7d7d344b4,fmi_100949_20201012_20201018.xml,fmi_100949_20201012_20201018.xml#481;fmi_100949_20201012_20201018.xml#482;fmi_100949_20201012_20201018.xml#483;fmi_100949_20201012_20201018.xml#484
100949,2020-10-17T01:00:00Z,-1.9,0.6,0.0,0.0,OK,OK,OK,OK,false,hour_ending,SOURCE_UTC_STATED,fmi-8ab7d7d344b4,fmi_100949_20201012_20201018.xml,fmi_100949_20201012_20201018.xml#485;fmi_100949_20201012_20201018.xml#486;fmi_100949_20201012_20201018.xml#487;fmi_100949_20201012_20201018.xml#488
100949,2020-10-17T02:00:00Z,-1.5,0.7,0.0,0.0,OK,OK,OK,OK,false,hour_ending,SOURCE_UTC_STATED,fmi-8ab7d7d344b4,fmi_100949_20201012_20201018.xml,fmi_100949_20201012_20201018.xml#489;fmi_100949_20201012_20201018.xml#490;fmi_100949_20201012_20201018.xml#491;fmi_100949_20201012_20201018.xml#492
100949,2020-10-17T03:00:00Z,-0.2,1.1,0.0,0.0,OK,OK,OK,OK,false,hour_ending,SOURCE_UTC_STATED,fmi-8ab7d7d344b4,fmi_100949_20201012_20201018.xml,fmi_100949_20201012_20201018.xml#493;fmi_100949_20201012_20201018.xml#494;fmi_100949_20201012_20201018.xml#495;fmi_100949_20201012_20201018.xml#496
100949,2020-10-17T04:00:00Z,1.8,2.3,0.0,0.0,OK,OK,OK,OK,false,hour_ending,SOURCE_UTC_STATED,fmi-8ab7d7d344b4,fmi_100949_20201012_20201018.xml,fmi_100949_20201012_20201018.xml#497;fmi_100949_20201012_20201018.xml#498;fmi_100949_20201012_20201018.xml#499;fmi_100949_20201012_20201018.xml#500
100949,2020-10-17T05:00:00Z,6.5,2.8,0.0,0.0,OK,OK,OK,OK,false,hour_ending,SOURCE_UTC_STATED,fmi-8ab7d7d344b4,fmi_100949_20201012_20201018.xml,fmi_100949_20201012_20201018.xml#501;fmi_100949_20201012_20201018.xml#502;fmi_100949_20201012_20201018.xml#503;fmi_100949_20201012_20201018.xml#504
100949,2020-10-17T06:00:00Z,7.4,2.8,0.0,0.0,OK,OK,OK,OK,false,hour_ending,SOURCE_UTC_STATED,fmi-8ab7d7d344b4,fmi_100949_20201012_20201018.xml,fmi_100949_20201012_20201018.xml#505;fmi_100949_20201012_20201018.xml#506;fmi_100949_20201012_20201018.xml#507;fmi_100949_20201012_20201018.xml#508
100949,2020-10-17T07:00:00Z,8.3,3.3,0.0,0.0,OK,OK,OK,OK,false,hour_ending,SOURCE_UTC_STATED,fmi-8ab7d7d344b4,fmi_100949_20201012_20201018.xml,fmi_100949_20201012_20201018.xml#509;fmi_100949_20201012_20201018.xml#510;fmi_100949_20201012_20201018.xml#511;fmi_100949_20201012_20201018.xml#512
100949,2020-10-17T08:00:00Z,8.4,4.0,0.0,0.0,OK,OK,OK,OK,false,hour_ending,SOURCE_UTC_STATED,fmi-8ab7d7d344b4,fmi_100949_20201012_20201018.xml,fmi_100949_20201012_20201018.xml#513;fmi_100949_20201012_20201018.xml#514;fmi_100949_20201012_20201018.xml#515;fmi_100949_20201012_20201018.xml#516
100949,2020-10-17T09:00:00Z,8.3,4.3,0.0,0.0,OK,OK,OK,OK,false,hour_ending,SOURCE_UTC_STATED,fmi-8ab7d7d344b4,fmi_100949_20201012_20201018.xml,fmi_100949_20201012_20201018.xml#517;fmi_100949_20201012_20201018.xml#518;fmi_100949_20201012_20201018.xml#519;fmi_100949_20201012_20201018.xml#520
100949,2020-10-17T10:00:00Z,8.9,3.9,0.0,0.0,OK,OK,OK,OK,false,hour_ending,SOURCE_UTC_STATED,fmi-8ab7d7d344b4,fmi_100949_20201012_20201018.xml,fmi_100949_20201012_20201018.xml#521;fmi_100949_20201012_20201018.xml#522;fmi_100949_20201012_20201018.xml#523;fmi_100949_20201012_20201018.xml#524
100949,2020-10-17T11:00:00Z,9.7,4.1,0.0,0.0,OK,OK,OK,OK,false,hour_ending,SOURCE_UTC_STATED,fmi-8ab7d7d344b4,fmi_100949_20201012_20201018.xml,fmi_100949_20201012_20201018.xml#525;fmi_100949_20201012_20201018.xml#526;fmi_100949_20201012_20201018.xml#527;fmi_100949_20201012_20201018.xml#528
100949,2020-10-17T12:00:00Z,10.0,4.5,0.0,0.0,OK,OK,OK,OK,false,hour_ending,SOURCE_UTC_STATED,fmi-8ab7d7d344b4,fmi_100949_20201012_20201018.xml,fmi_100949_20201012_20201018.xml#529;fmi_100949_20201012_20201018.xml#530;fmi_100949_20201012_20201018.xml#531;fmi_100949_20201012_20201018.xml#532
100949,2020-10-17T13:00:00Z,10.0,4.3,0.0,0.0,OK,OK,OK,OK,false,hour_ending,SOURCE_UTC_STATED,fmi-8ab7d7d344b4,fmi_100949_20201012_20201018.xml,fmi_100949_20201012_20201018.xml#533;fmi_100949_20201012_20201018.xml#534;fmi_100949_20201012_20201018.xml#535;fmi_100949_20201012_20201018.xml#536
100949,2020-10-17T14:00:00Z,9.7,3.4,0.0,0.0,OK,OK,OK,OK,false,hour_ending,SOURCE_UTC_STATED,fmi-8ab7d7d344b4,fmi_100949_20201012_20201018.xml,fmi_100949_20201012_20201018.xml#537;fmi_100949_20201012_20201018.xml#538;fmi_100949_20201012_20201018.xml#539;fmi_100949_20201012_20201018.xml#540
100949,2020-10-17T15:00:00Z,9.7,3.7,0.0,0.0,OK,OK,OK,OK,false,hour_ending,SOURCE_UTC_STATED,fmi-8ab7d7d344b4,fmi_100949_20201012_20201018.xml,fmi_100949_20201012_20201018.xml#541;fmi_100949_20201012_20201018.xml#542;fmi_100949_20201012_20201018.xml#543;fmi_100949_20201012_20201018.xml#544
100949,2020-10-17T16:00:00Z,9.5,3.3,0.0,0.0,OK,OK,OK,OK,false,hour_ending,SOURCE_UTC_STATED,fmi-8ab7d7d344b4,fmi_100949_20201012_20201018.xml,fmi_100949_20201012_20201018.xml#545;fmi_100949_20201012_20201018.xml#546;fmi_100949_20201012_20201018.xml#547;fmi_100949_20201012_20201018.xml#548
100949,2020-10-17T17:00:00Z,9.3,3.0,0.0,0.0,OK,OK,OK,OK,false,hour_ending,SOURCE_UTC_STATED,fmi-8ab7d7d344b4,fmi_100949_20201012_20201018.xml,fmi_100949_20201012_20201018.xml#549;fmi_100949_20201012_20201018.xml#550;fmi_100949_20201012_20201018.xml#551;fmi_100949_20201012_20201018.xml#552
100949,2020-10-17T18:00:00Z,9.6,3.6,0.0,0.0,OK,OK,OK,OK,false,hour_ending,SOURCE_UTC_STATED,fmi-8ab7d7d344b4,fmi_100949_20201012_20201018.xml,fmi_100949_20201012_20201018.xml#553;fmi_100949_20201012_20201018.xml#554;fmi_100949_20201012_20201018.xml#555;fmi_100949_20201012_20201018.xml#556
100949,2020-10-17T19:00:00Z,9.6,3.2,0.0,0.0,OK,OK,OK,OK,false,hour_ending,SOURCE_UTC_STATED,fmi-8ab7d7d344b4,fmi_100949_20201012_20201018.xml,fmi_100949_20201012_20201018.xml#557;fmi_100949_20201012_20201018.xml#558;fmi_100949_20201012_20201018.xml#559;fmi_100949_20201012_20201018.xml#560
100949,2020-10-17T20:00:00Z,9.0,3.5,0.0,0.0,OK,OK,OK,OK,false,hour_ending,SOURCE_UTC_STATED,fmi-8ab7d7d344b4,fmi_100949_20201012_20201018.xml,fmi_100949_20201012_20201018.xml#561;fmi_100949_20201012_20201018.xml#562;fmi_100949_20201012_20201018.xml#563;fmi_100949_20201012_20201018.xml#564
100949,2020-10-17T21:00:00Z,8.0,1.8,0.0,0.0,OK,OK,OK,OK,false,hour_ending,SOURCE_UTC_STATED,fmi-8ab7d7d344b4,fmi_100949_20201012_20201018.xml,fmi_100949_20201012_20201018.xml#565;fmi_100949_20201012_20201018.xml#566;fmi_100949_20201012_20201018.xml#567;fmi_100949_20201012_20201018.xml#568
100949,2020-10-17T22:00:00Z,8.6,3.5,0.0,0.0,OK,OK,OK,OK,false,hour_ending,SOURCE_UTC_STATED,fmi-8ab7d7d344b4,fmi_100949_20201012_20201018.xml,fmi_100949_20201012_20201018.xml#569;fmi_100949_20201012_20201018.xml#570;fmi_100949_20201012_20201018.xml#571;fmi_100949_20201012_20201018.xml#572
100949,2020-10-17T23:00:00Z,6.1,1.4,1.5,1.1,OK,OK,OK,OK,false,hour_ending,SOURCE_UTC_STATED,fmi-8ab7d7d344b4,fmi_100949_20201012_20201018.xml,fmi_100949_20201012_20201018.xml#573;fmi_100949_20201012_20201018.xml#574;fmi_100949_20201012_20201018.xml#575;fmi_100949_20201012_20201018.xml#576
100949,2020-10-18T00:00:00Z,6.0,2.4,0.1,0.5,OK,OK,OK,OK,false,hour_ending,SOURCE_UTC_STATED,fmi-8ab7d7d344b4,fmi_100949_20201012_20201018.xml,fmi_100949_20201012_20201018.xml#577;fmi_100949_20201012_20201018.xml#578;fmi_100949_20201012_20201018.xml#579;fmi_100949_20201012_20201018.xml#580
100949,2020-10-18T01:00:00Z,5.6,1.5,0.1,0.0,OK,OK,OK,OK,false,hour_ending,SOURCE_UTC_STATED,fmi-8ab7d7d344b4,fmi_100949_20201012_20201018.xml,fmi_100949_20201012_20201018.xml#581;fmi_100949_20201012_20201018.xml#582;fmi_100949_20201012_20201018.xml#583;fmi_100949_20201012_20201018.xml#584
100949,2020-10-18T02:00:00Z,5.5,1.8,0.1,0.0,OK,OK,OK,OK,false,hour_ending,SOURCE_UTC_STATED,fmi-8ab7d7d344b4,fmi_100949_20201012_20201018.xml,fmi_100949_20201012_20201018.xml#585;fmi_100949_20201012_20201018.xml#586;fmi_100949_20201012_20201018.xml#587;fmi_100949_20201012_20201018.xml#588
100949,2020-10-18T03:00:00Z,4.2,2.1,0.0,0.0,OK,OK,OK,OK,false,hour_ending,SOURCE_UTC_STATED,fmi-8ab7d7d344b4,fmi_100949_20201012_20201018.xml,fmi_100949_20201012_20201018.xml#589;fmi_100949_20201012_20201018.xml#590;fmi_100949_20201012_20201018.xml#591;fmi_100949_20201012_20201018.xml#592
100949,2020-10-18T04:00:00Z,2.5,1.9,0.0,0.0,OK,OK,OK,OK,false,hour_ending,SOURCE_UTC_STATED,fmi-8ab7d7d344b4,fmi_100949_20201012_20201018.xml,fmi_100949_20201012_20201018.xml#593;fmi_100949_20201012_20201018.xml#594;fmi_100949_20201012_20201018.xml#595;fmi_100949_20201012_20201018.xml#596
100949,2020-10-18T05:00:00Z,2.7,1.6,0.0,0.0,OK,OK,OK,OK,false,hour_ending,SOURCE_UTC_STATED,fmi-8ab7d7d344b4,fmi_100949_20201012_20201018.xml,fmi_100949_20201012_20201018.xml#597;fmi_100949_20201012_20201018.xml#598;fmi_100949_20201012_20201018.xml#599;fmi_100949_20201012_20201018.xml#600
100949,2020-10-18T06:00:00Z,3.1,1.9,0.0,0.0,OK,OK,OK,OK,false,hour_ending,SOURCE_UTC_STATED,fmi-8ab7d7d344b4,fmi_100949_20201012_20201018.xml,fmi_100949_20201012_20201018.xml#601;fmi_100949_20201012_20201018.xml#602;fmi_100949_20201012_20201018.xml#603;fmi_100949_20201012_20201018.xml#604
100949,2020-10-18T07:00:00Z,4.1,1.3,0.0,0.0,OK,OK,OK,OK,false,hour_ending,SOURCE_UTC_STATED,fmi-8ab7d7d344b4,fmi_100949_20201012_20201018.xml,fmi_100949_20201012_20201018.xml#605;fmi_100949_20201012_20201018.xml#606;fmi_100949_20201012_20201018.xml#607;fmi_100949_20201012_20201018.xml#608
100949,2020-10-18T08:00:00Z,5.3,2.3,0.0,0.0,OK,OK,OK,OK,false,hour_ending,SOURCE_UTC_STATED,fmi-8ab7d7d344b4,fmi_100949_20201012_20201018.xml,fmi_100949_20201012_20201018.xml#609;fmi_100949_20201012_20201018.xml#610;fmi_100949_20201012_20201018.xml#611;fmi_100949_20201012_20201018.xml#612
100949,2020-10-18T09:00:00Z,5.8,2.7,0.0,0.0,OK,OK,OK,OK,false,hour_ending,SOURCE_UTC_STATED,fmi-8ab7d7d344b4,fmi_100949_20201012_20201018.xml,fmi_100949_20201012_20201018.xml#613;fmi_100949_20201012_20201018.xml#614;fmi_100949_20201012_20201018.xml#615;fmi_100949_20201012_20201018.xml#616
100949,2020-10-18T10:00:00Z,6.0,2.3,0.0,0.0,OK,OK,OK,OK,false,hour_ending,SOURCE_UTC_STATED,fmi-8ab7d7d344b4,fmi_100949_20201012_20201018.xml,fmi_100949_20201012_20201018.xml#617;fmi_100949_20201012_20201018.xml#618;fmi_100949_20201012_20201018.xml#619;fmi_100949_20201012_20201018.xml#620
100949,2020-10-18T11:00:00Z,3.8,4.2,0.3,0.0,OK,OK,OK,OK,false,hour_ending,SOURCE_UTC_STATED,fmi-8ab7d7d344b4,fmi_100949_20201012_20201018.xml,fmi_100949_20201012_20201018.xml#621;fmi_100949_20201012_20201018.xml#622;fmi_100949_20201012_20201018.xml#623;fmi_100949_20201012_20201018.xml#624
100949,2020-10-18T12:00:00Z,3.4,3.3,0.0,0.0,OK,OK,OK,OK,false,hour_ending,SOURCE_UTC_STATED,fmi-8ab7d7d344b4,fmi_100949_20201012_20201018.xml,fmi_100949_20201012_20201018.xml#625;fmi_100949_20201012_20201018.xml#626;fmi_100949_20201012_20201018.xml#627;fmi_100949_20201012_20201018.xml#628
100949,2020-10-18T13:00:00Z,2.1,3.0,0.9,1.0,OK,OK,OK,OK,false,hour_ending,SOURCE_UTC_STATED,fmi-8ab7d7d344b4,fmi_100949_20201012_20201018.xml,fmi_100949_20201012_20201018.xml#629;fmi_100949_20201012_20201018.xml#630;fmi_100949_20201012_20201018.xml#631;fmi_100949_20201012_20201018.xml#632
100949,2020-10-18T14:00:00Z,2.3,2.4,0.2,0.0,OK,OK,OK,OK,false,hour_ending,SOURCE_UTC_STATED,fmi-8ab7d7d344b4,fmi_100949_20201012_20201018.xml,fmi_100949_20201012_20201018.xml#633;fmi_100949_20201012_20201018.xml#634;fmi_100949_20201012_20201018.xml#635;fmi_100949_20201012_20201018.xml#636
100949,2020-10-18T15:00:00Z,1.7,2.9,0.5,0.5,OK,OK,OK,OK,false,hour_ending,SOURCE_UTC_STATED,fmi-8ab7d7d344b4,fmi_100949_20201012_20201018.xml,fmi_100949_20201012_20201018.xml#637;fmi_100949_20201012_20201018.xml#638;fmi_100949_20201012_20201018.xml#639;fmi_100949_20201012_20201018.xml#640
100949,2020-10-18T16:00:00Z,1.9,2.8,0.1,0.2,OK,OK,OK,OK,false,hour_ending,SOURCE_UTC_STATED,fmi-8ab7d7d344b4,fmi_100949_20201012_20201018.xml,fmi_100949_20201012_20201018.xml#641;fmi_100949_20201012_20201018.xml#642;fmi_100949_20201012_20201018.xml#643;fmi_100949_20201012_20201018.xml#644
100949,2020-10-18T17:00:00Z,1.7,2.9,0.1,0.0,OK,OK,OK,OK,false,hour_ending,SOURCE_UTC_STATED,fmi-8ab7d7d344b4,fmi_100949_20201012_20201018.xml,fmi_100949_20201012_20201018.xml#645;fmi_100949_20201012_20201018.xml#646;fmi_100949_20201012_20201018.xml#647;fmi_100949_20201012_20201018.xml#648
100949,2020-10-18T18:00:00Z,1.5,3.3,0.2,0.0,OK,OK,OK,OK,false,hour_ending,SOURCE_UTC_STATED,fmi-8ab7d7d344b4,fmi_100949_20201012_20201018.xml,fmi_100949_20201012_20201018.xml#649;fmi_100949_20201012_20201018.xml#650;fmi_100949_20201012_20201018.xml#651;fmi_100949_20201012_20201018.xml#652
100949,2020-10-18T19:00:00Z,1.3,3.1,0.1,0.0,OK,OK,OK,OK,false,hour_ending,SOURCE_UTC_STATED,fmi-8ab7d7d344b4,fmi_100949_20201012_20201018.xml,fmi_100949_20201012_20201018.xml#653;fmi_100949_20201012_20201018.xml#654;fmi_100949_20201012_20201018.xml#655;fmi_100949_20201012_20201018.xml#656
100949,2020-10-18T20:00:00Z,1.3,4.5,0.2,0.1,OK,OK,OK,OK,false,hour_ending,SOURCE_UTC_STATED,fmi-8ab7d7d344b4,fmi_100949_20201012_20201018.xml,fmi_100949_20201012_20201018.xml#657;fmi_100949_20201012_20201018.xml#658;fmi_100949_20201012_20201018.xml#659;fmi_100949_20201012_20201018.xml#660
100949,2020-10-18T21:00:00Z,1.4,3.7,0.9,0.1,OK,OK,OK,OK,false,hour_ending,SOURCE_UTC_STATED,fmi-8ab7d7d344b4,fmi_100949_20201012_20201018.xml,fmi_100949_20201012_20201018.xml#661;fmi_100949_20201012_20201018.xml#662;fmi_100949_20201012_20201018.xml#663;fmi_100949_20201012_20201018.xml#664
100949,2020-10-18T22:00:00Z,1.7,4.1,0.0,0.0,OK,OK,OK,OK,false,hour_ending,SOURCE_UTC_STATED,fmi-8ab7d7d344b4,fmi_100949_20201012_20201018.xml,fmi_100949_20201012_20201018.xml#665;fmi_100949_20201012_20201018.xml#666;fmi_100949_20201012_20201018.xml#667;fmi_100949_20201012_20201018.xml#668
100949,2020-10-18T23:00:00Z,1.4,2.7,0.3,0.0,OK,OK,OK,OK,false,hour_ending,SOURCE_UTC_STATED,fmi-8ab7d7d344b4,fmi_100949_20201012_20201018.xml,fmi_100949_20201012_20201018.xml#669;fmi_100949_20201012_20201018.xml#670;fmi_100949_20201012_20201018.xml#671;fmi_100949_20201012_20201018.xml#672
100949,2020-10-19T00:00:00Z,1.4,4.1,0.2,1.3,OK,OK,OK,OK,false,hour_ending,SOURCE_UTC_STATED,fmi-8ab7d7d344b4,fmi_100949_20201019_20201025.xml,fmi_100949_20201019_20201025.xml#1;fmi_100949_20201019_20201025.xml#2;fmi_100949_20201019_20201025.xml#3;fmi_100949_20201019_20201025.xml#4
100949,2020-10-19T01:00:00Z,1.8,3.5,0.4,0.6,OK,OK,OK,OK,false,hour_ending,SOURCE_UTC_STATED,fmi-8ab7d7d344b4,fmi_100949_20201019_20201025.xml,fmi_100949_20201019_20201025.xml#5;fmi_100949_20201019_20201025.xml#6;fmi_100949_20201019_20201025.xml#7;fmi_100949_20201019_20201025.xml#8
100949,2020-10-19T02:00:00Z,0.7,3.9,1.4,1.1,OK,OK,OK,OK,false,hour_ending,SOURCE_UTC_STATED,fmi-8ab7d7d344b4,fmi_100949_20201019_20201025.xml,fmi_100949_20201019_20201025.xml#10;fmi_100949_20201019_20201025.xml#11;fmi_100949_20201019_20201025.xml#12;fmi_100949_20201019_20201025.xml#9
100949,2020-10-19T03:00:00Z,1.0,3.3,0.3,0.3,OK,OK,OK,OK,false,hour_ending,SOURCE_UTC_STATED,fmi-8ab7d7d344b4,fmi_100949_20201019_20201025.xml,fmi_100949_20201019_20201025.xml#13;fmi_100949_20201019_20201025.xml#14;fmi_100949_20201019_20201025.xml#15;fmi_100949_20201019_20201025.xml#16
100949,2020-10-19T04:00:00Z,1.4,2.6,0.0,0.0,OK,OK,OK,OK,false,hour_ending,SOURCE_UTC_STATED,fmi-8ab7d7d344b4,fmi_100949_20201019_20201025.xml,fmi_100949_20201019_20201025.xml#17;fmi_100949_20201019_20201025.xml#18;fmi_100949_20201019_20201025.xml#19;fmi_100949_20201019_20201025.xml#20
100949,2020-10-19T05:00:00Z,0.9,2.6,0.8,0.4,OK,OK,OK,OK,false,hour_ending,SOURCE_UTC_STATED,fmi-8ab7d7d344b4,fmi_100949_20201019_20201025.xml,fmi_100949_20201019_20201025.xml#21;fmi_100949_20201019_20201025.xml#22;fmi_100949_20201019_20201025.xml#23;fmi_100949_20201019_20201025.xml#24
100949,2020-10-19T06:00:00Z,0.9,3.2,0.0,0.0,OK,OK,OK,OK,false,hour_ending,SOURCE_UTC_STATED,fmi-8ab7d7d344b4,fmi_100949_20201019_20201025.xml,fmi_100949_20201019_20201025.xml#25;fmi_100949_20201019_20201025.xml#26;fmi_100949_20201019_20201025.xml#27;fmi_100949_20201019_20201025.xml#28
100949,2020-10-19T07:00:00Z,2.2,2.1,0.1,0.0,OK,OK,OK,OK,false,hour_ending,SOURCE_UTC_STATED,fmi-8ab7d7d344b4,fmi_100949_20201019_20201025.xml,fmi_100949_20201019_20201025.xml#29;fmi_100949_20201019_20201025.xml#30;fmi_100949_20201019_20201025.xml#31;fmi_100949_20201019_20201025.xml#32
100949,2020-10-19T08:00:00Z,1.1,3.3,2.3,4.5,OK,OK,OK,OK,false,hour_ending,SOURCE_UTC_STATED,fmi-8ab7d7d344b4,fmi_100949_20201019_20201025.xml,fmi_100949_20201019_20201025.xml#33;fmi_100949_20201019_20201025.xml#34;fmi_100949_20201019_20201025.xml#35;fmi_100949_20201019_20201025.xml#36
100949,2020-10-19T09:00:00Z,2.7,1.9,0.3,0.0,OK,OK,OK,OK,false,hour_ending,SOURCE_UTC_STATED,fmi-8ab7d7d344b4,fmi_100949_20201019_20201025.xml,fmi_100949_20201019_20201025.xml#37;fmi_100949_20201019_20201025.xml#38;fmi_100949_20201019_20201025.xml#39;fmi_100949_20201019_20201025.xml#40
100949,2020-10-19T10:00:00Z,3.9,3.9,0.0,0.0,OK,OK,OK,OK,false,hour_ending,SOURCE_UTC_STATED,fmi-8ab7d7d344b4,fmi_100949_20201019_20201025.xml,fmi_100949_20201019_20201025.xml#41;fmi_100949_20201019_20201025.xml#42;fmi_100949_20201019_20201025.xml#43;fmi_100949_20201019_20201025.xml#44
100949,2020-10-19T11:00:00Z,4.6,2.9,0.0,0.0,OK,OK,OK,OK,false,hour_ending,SOURCE_UTC_STATED,fmi-8ab7d7d344b4,fmi_100949_20201019_20201025.xml,fmi_100949_20201019_20201025.xml#45;fmi_100949_20201019_20201025.xml#46;fmi_100949_20201019_20201025.xml#47;fmi_100949_20201019_20201025.xml#48
100949,2020-10-19T12:00:00Z,3.8,3.7,0.0,0.0,OK,OK,OK,OK,false,hour_ending,SOURCE_UTC_STATED,fmi-8ab7d7d344b4,fmi_100949_20201019_20201025.xml,fmi_100949_20201019_20201025.xml#49;fmi_100949_20201019_20201025.xml#50;fmi_100949_20201019_20201025.xml#51;fmi_100949_20201019_20201025.xml#52
100949,2020-10-19T13:00:00Z,2.9,4.1,0.0,0.0,OK,OK,OK,OK,false,hour_ending,SOURCE_UTC_STATED,fmi-8ab7d7d344b4,fmi_100949_20201019_20201025.xml,fmi_100949_20201019_20201025.xml#53;fmi_100949_20201019_20201025.xml#54;fmi_100949_20201019_20201025.xml#55;fmi_100949_20201019_20201025.xml#56
100949,2020-10-19T14:00:00Z,2.3,3.3,0.0,0.0,OK,OK,OK,OK,false,hour_ending,SOURCE_UTC_STATED,fmi-8ab7d7d344b4,fmi_100949_20201019_20201025.xml,fmi_100949_20201019_20201025.xml#57;fmi_100949_20201019_20201025.xml#58;fmi_100949_20201019_20201025.xml#59;fmi_100949_20201019_20201025.xml#60
100949,2020-10-19T15:00:00Z,2.1,2.4,0.0,0.0,OK,OK,OK,OK,false,hour_ending,SOURCE_UTC_STATED,fmi-8ab7d7d344b4,fmi_100949_20201019_20201025.xml,fmi_100949_20201019_20201025.xml#61;fmi_100949_20201019_20201025.xml#62;fmi_100949_20201019_20201025.xml#63;fmi_100949_20201019_20201025.xml#64
100949,2020-10-19T16:00:00Z,0.7,1.6,0.0,0.0,OK,OK,OK,OK,false,hour_ending,SOURCE_UTC_STATED,fmi-8ab7d7d344b4,fmi_100949_20201019_20201025.xml,fmi_100949_20201019_20201025.xml#65;fmi_100949_20201019_20201025.xml#66;fmi_100949_20201019_20201025.xml#67;fmi_100949_20201019_20201025.xml#68
100949,2020-10-19T17:00:00Z,1.1,2.5,0.0,0.0,OK,OK,OK,OK,false,hour_ending,SOURCE_UTC_STATED,fmi-8ab7d7d344b4,fmi_100949_20201019_20201025.xml,fmi_100949_20201019_20201025.xml#69;fmi_100949_20201019_20201025.xml#70;fmi_100949_20201019_20201025.xml#71;fmi_100949_20201019_20201025.xml#72
100949,2020-10-19T18:00:00Z,1.4,2.9,0.0,0.0,OK,OK,OK,OK,false,hour_ending,SOURCE_UTC_STATED,fmi-8ab7d7d344b4,fmi_100949_20201019_20201025.xml,fmi_100949_20201019_20201025.xml#73;fmi_100949_20201019_20201025.xml#74;fmi_100949_20201019_20201025.xml#75;fmi_100949_20201019_20201025.xml#76
100949,2020-10-19T19:00:00Z,1.1,2.4,0.0,0.0,OK,OK,OK,OK,false,hour_ending,SOURCE_UTC_STATED,fmi-8ab7d7d344b4,fmi_100949_20201019_20201025.xml,fmi_100949_20201019_20201025.xml#77;fmi_100949_20201019_20201025.xml#78;fmi_100949_20201019_20201025.xml#79;fmi_100949_20201019_20201025.xml#80
100949,2020-10-19T20:00:00Z,0.8,2.4,0.0,0.0,OK,OK,OK,OK,false,hour_ending,SOURCE_UTC_STATED,fmi-8ab7d7d344b4,fmi_100949_20201019_20201025.xml,fmi_100949_20201019_20201025.xml#81;fmi_100949_20201019_20201025.xml#82;fmi_100949_20201019_20201025.xml#83;fmi_100949_20201019_20201025.xml#84
100949,2020-10-19T21:00:00Z,0.5,2.5,0.0,0.0,OK,OK,OK,OK,false,hour_ending,SOURCE_UTC_STATED,fmi-8ab7d7d344b4,fmi_100949_20201019_20201025.xml,fmi_100949_20201019_20201025.xml#85;fmi_100949_20201019_20201025.xml#86;fmi_100949_20201019_20201025.xml#87;fmi_100949_20201019_20201025.xml#88
100949,2020-10-19T22:00:00Z,-0.3,1.8,0.0,0.0,OK,OK,OK,OK,false,hour_ending,SOURCE_UTC_STATED,fmi-8ab7d7d344b4,fmi_100949_20201019_20201025.xml,fmi_100949_20201019_20201025.xml#89;fmi_100949_20201019_20201025.xml#90;fmi_100949_20201019_20201025.xml#91;fmi_100949_20201019_20201025.xml#92
100949,2020-10-19T23:00:00Z,-0.6,2.0,0.0,0.0,OK,OK,OK,OK,false,hour_ending,SOURCE_UTC_STATED,fmi-8ab7d7d344b4,fmi_100949_20201019_20201025.xml,fmi_100949_20201019_20201025.xml#93;fmi_100949_20201019_20201025.xml#94;fmi_100949_20201019_20201025.xml#95;fmi_100949_20201019_20201025.xml#96
100949,2020-10-20T00:00:00Z,0.2,2.4,0.0,0.0,OK,OK,OK,OK,false,hour_ending,SOURCE_UTC_STATED,fmi-8ab7d7d344b4,fmi_100949_20201019_20201025.xml,fmi_100949_20201019_20201025.xml#100;fmi_100949_20201019_20201025.xml#97;fmi_100949_20201019_20201025.xml#98;fmi_100949_20201019_20201025.xml#99
100949,2020-10-20T01:00:00Z,1.0,2.0,0.0,0.0,OK,OK,OK,OK,false,hour_ending,SOURCE_UTC_STATED,fmi-8ab7d7d344b4,fmi_100949_20201019_20201025.xml,fmi_100949_20201019_20201025.xml#101;fmi_100949_20201019_20201025.xml#102;fmi_100949_20201019_20201025.xml#103;fmi_100949_20201019_20201025.xml#104
100949,2020-10-20T02:00:00Z,1.1,2.5,0.0,0.0,OK,OK,OK,OK,false,hour_ending,SOURCE_UTC_STATED,fmi-8ab7d7d344b4,fmi_100949_20201019_20201025.xml,fmi_100949_20201019_20201025.xml#105;fmi_100949_20201019_20201025.xml#106;fmi_100949_20201019_20201025.xml#107;fmi_100949_20201019_20201025.xml#108
100949,2020-10-20T03:00:00Z,0.0,1.3,0.0,0.0,OK,OK,OK,OK,false,hour_ending,SOURCE_UTC_STATED,fmi-8ab7d7d344b4,fmi_100949_20201019_20201025.xml,fmi_100949_20201019_20201025.xml#109;fmi_100949_20201019_20201025.xml#110;fmi_100949_20201019_20201025.xml#111;fmi_100949_20201019_20201025.xml#112
100949,2020-10-20T04:00:00Z,-0.9,0.0,0.0,0.0,OK,OK,OK,OK,false,hour_ending,SOURCE_UTC_STATED,fmi-8ab7d7d344b4,fmi_100949_20201019_20201025.xml,fmi_100949_20201019_20201025.xml#113;fmi_100949_20201019_20201025.xml#114;fmi_100949_20201019_20201025.xml#115;fmi_100949_20201019_20201025.xml#116
100949,2020-10-20T05:00:00Z,0.2,1.6,0.0,0.0,OK,OK,OK,OK,false,hour_ending,SOURCE_UTC_STATED,fmi-8ab7d7d344b4,fmi_100949_20201019_20201025.xml,fmi_100949_20201019_20201025.xml#117;fmi_100949_20201019_20201025.xml#118;fmi_100949_20201019_20201025.xml#119;fmi_100949_20201019_20201025.xml#120
100949,2020-10-20T06:00:00Z,0.1,1.5,0.0,0.0,OK,OK,OK,OK,false,hour_ending,SOURCE_UTC_STATED,fmi-8ab7d7d344b4,fmi_100949_20201019_20201025.xml,fmi_100949_20201019_20201025.xml#121;fmi_100949_20201019_20201025.xml#122;fmi_100949_20201019_20201025.xml#123;fmi_100949_20201019_20201025.xml#124
100949,2020-10-20T07:00:00Z,0.5,1.9,0.0,0.0,OK,OK,OK,OK,false,hour_ending,SOURCE_UTC_STATED,fmi-8ab7d7d344b4,fmi_100949_20201019_20201025.xml,fmi_100949_20201019_20201025.xml#125;fmi_100949_20201019_20201025.xml#126;fmi_100949_20201019_20201025.xml#127;fmi_100949_20201019_20201025.xml#128
100949,2020-10-20T08:00:00Z,1.0,2.7,0.0,0.0,OK,OK,OK,OK,false,hour_ending,SOURCE_UTC_STATED,fmi-8ab7d7d344b4,fmi_100949_20201019_20201025.xml,fmi_100949_20201019_20201025.xml#129;fmi_100949_20201019_20201025.xml#130;fmi_100949_20201019_20201025.xml#131;fmi_100949_20201019_20201025.xml#132
100949,2020-10-20T09:00:00Z,1.2,1.6,0.0,0.0,OK,OK,OK,OK,false,hour_ending,SOURCE_UTC_STATED,fmi-8ab7d7d344b4,fmi_100949_20201019_20201025.xml,fmi_100949_20201019_20201025.xml#133;fmi_100949_20201019_20201025.xml#134;fmi_100949_20201019_20201025.xml#135;fmi_100949_20201019_20201025.xml#136
100949,2020-10-20T10:00:00Z,1.9,1.5,0.0,0.0,OK,OK,OK,OK,false,hour_ending,SOURCE_UTC_STATED,fmi-8ab7d7d344b4,fmi_100949_20201019_20201025.xml,fmi_100949_20201019_20201025.xml#137;fmi_100949_20201019_20201025.xml#138;fmi_100949_20201019_20201025.xml#139;fmi_100949_20201019_20201025.xml#140
100949,2020-10-20T11:00:00Z,2.3,1.1,0.0,0.0,OK,OK,OK,OK,false,hour_ending,SOURCE_UTC_STATED,fmi-8ab7d7d344b4,fmi_100949_20201019_20201025.xml,fmi_100949_20201019_20201025.xml#141;fmi_100949_20201019_20201025.xml#142;fmi_100949_20201019_20201025.xml#143;fmi_100949_20201019_20201025.xml#144
100949,2020-10-20T12:00:00Z,2.7,1.4,0.0,0.0,OK,OK,OK,OK,false,hour_ending,SOURCE_UTC_STATED,fmi-8ab7d7d344b4,fmi_100949_20201019_20201025.xml,fmi_100949_20201019_20201025.xml#145;fmi_100949_20201019_20201025.xml#146;fmi_100949_20201019_20201025.xml#147;fmi_100949_20201019_20201025.xml#148
100949,2020-10-20T13:00:00Z,2.8,0.7,0.0,0.0,OK,OK,OK,OK,false,hour_ending,SOURCE_UTC_STATED,fmi-8ab7d7d344b4,fmi_100949_20201019_20201025.xml,fmi_100949_20201019_20201025.xml#149;fmi_100949_20201019_20201025.xml#150;fmi_100949_20201019_20201025.xml#151;fmi_100949_20201019_20201025.xml#152
100949,2020-10-20T14:00:00Z,2.7,1.6,0.0,0.0,OK,OK,OK,OK,false,hour_ending,SOURCE_UTC_STATED,fmi-8ab7d7d344b4,fmi_100949_20201019_20201025.xml,fmi_100949_20201019_20201025.xml#153;fmi_100949_20201019_20201025.xml#154;fmi_100949_20201019_20201025.xml#155;fmi_100949_20201019_20201025.xml#156
100949,2020-10-20T15:00:00Z,2.1,1.8,0.0,0.0,OK,OK,OK,OK,false,hour_ending,SOURCE_UTC_STATED,fmi-8ab7d7d344b4,fmi_100949_20201019_20201025.xml,fmi_100949_20201019_20201025.xml#157;fmi_100949_20201019_20201025.xml#158;fmi_100949_20201019_20201025.xml#159;fmi_100949_20201019_20201025.xml#160
100949,2020-10-20T16:00:00Z,1.7,1.5,0.0,0.0,OK,OK,OK,OK,false,hour_ending,SOURCE_UTC_STATED,fmi-8ab7d7d344b4,fmi_100949_20201019_20201025.xml,fmi_100949_20201019_20201025.xml#161;fmi_100949_20201019_20201025.xml#162;fmi_100949_20201019_20201025.xml#163;fmi_100949_20201019_20201025.xml#164
100949,2020-10-20T17:00:00Z,1.7,2.0,0.0,0.0,OK,OK,OK,OK,false,hour_ending,SOURCE_UTC_STATED,fmi-8ab7d7d344b4,fmi_100949_20201019_20201025.xml,fmi_100949_20201019_20201025.xml#165;fmi_100949_20201019_20201025.xml#166;fmi_100949_20201019_20201025.xml#167;fmi_100949_20201019_20201025.xml#168
100949,2020-10-20T18:00:00Z,1.5,2.3,0.0,0.0,OK,OK,OK,OK,false,hour_ending,SOURCE_UTC_STATED,fmi-8ab7d7d344b4,fmi_100949_20201019_20201025.xml,fmi_100949_20201019_20201025.xml#169;fmi_100949_20201019_20201025.xml#170;fmi_100949_20201019_20201025.xml#171;fmi_100949_20201019_20201025.xml#172
100949,2020-10-20T19:00:00Z,1.4,2.3,0.0,0.0,OK,OK,OK,OK,false,hour_ending,SOURCE_UTC_STATED,fmi-8ab7d7d344b4,fmi_100949_20201019_20201025.xml,fmi_100949_20201019_20201025.xml#173;fmi_100949_20201019_20201025.xml#174;fmi_100949_20201019_20201025.xml#175;fmi_100949_20201019_20201025.xml#176
100949,2020-10-20T20:00:00Z,1.6,3.7,0.0,0.0,OK,OK,OK,OK,false,hour_ending,SOURCE_UTC_STATED,fmi-8ab7d7d344b4,fmi_100949_20201019_20201025.xml,fmi_100949_20201019_20201025.xml#177;fmi_100949_20201019_20201025.xml#178;fmi_100949_20201019_20201025.xml#179;fmi_100949_20201019_20201025.xml#180
100949,2020-10-20T21:00:00Z,1.1,4.0,0.1,0.1,OK,OK,OK,OK,false,hour_ending,SOURCE_UTC_STATED,fmi-8ab7d7d344b4,fmi_100949_20201019_20201025.xml,fmi_100949_20201019_20201025.xml#181;fmi_100949_20201019_20201025.xml#182;fmi_100949_20201019_20201025.xml#183;fmi_100949_20201019_20201025.xml#184
100949,2020-10-20T22:00:00Z,1.0,3.4,0.4,0.4,OK,OK,OK,OK,false,hour_ending,SOURCE_UTC_STATED,fmi-8ab7d7d344b4,fmi_100949_20201019_20201025.xml,fmi_100949_20201019_20201025.xml#185;fmi_100949_20201019_20201025.xml#186;fmi_100949_20201019_20201025.xml#187;fmi_100949_20201019_20201025.xml#188
100949,2020-10-20T23:00:00Z,1.2,3.6,0.2,0.3,OK,OK,OK,OK,false,hour_ending,SOURCE_UTC_STATED,fmi-8ab7d7d344b4,fmi_100949_20201019_20201025.xml,fmi_100949_20201019_20201025.xml#189;fmi_100949_20201019_20201025.xml#190;fmi_100949_20201019_20201025.xml#191;fmi_100949_20201019_20201025.xml#192
100949,2020-10-21T00:00:00Z,1.6,4.1,0.3,0.0,OK,OK,OK,OK,false,hour_ending,SOURCE_UTC_STATED,fmi-8ab7d7d344b4,fmi_100949_20201019_20201025.xml,fmi_100949_20201019_20201025.xml#193;fmi_100949_20201019_20201025.xml#194;fmi_100949_20201019_20201025.xml#195;fmi_100949_20201019_20201025.xml#196
100949,2020-10-21T01:00:00Z,2.3,3.9,0.3,0.1,OK,OK,OK,OK,false,hour_ending,SOURCE_UTC_STATED,fmi-8ab7d7d344b4,fmi_100949_20201019_20201025.xml,fmi_100949_20201019_20201025.xml#197;fmi_100949_20201019_20201025.xml#198;fmi_100949_20201019_20201025.xml#199;fmi_100949_20201019_20201025.xml#200
100949,2020-10-21T02:00:00Z,3.1,3.8,0.3,0.0,OK,OK,OK,OK,false,hour_ending,SOURCE_UTC_STATED,fmi-8ab7d7d344b4,fmi_100949_20201019_20201025.xml,fmi_100949_20201019_20201025.xml#201;fmi_100949_20201019_20201025.xml#202;fmi_100949_20201019_20201025.xml#203;fmi_100949_20201019_20201025.xml#204
100949,2020-10-21T03:00:00Z,4.2,4.6,0.1,0.0,OK,OK,OK,OK,false,hour_ending,SOURCE_UTC_STATED,fmi-8ab7d7d344b4,fmi_100949_20201019_20201025.xml,fmi_100949_20201019_20201025.xml#205;fmi_100949_20201019_20201025.xml#206;fmi_100949_20201019_20201025.xml#207;fmi_100949_20201019_20201025.xml#208
100949,2020-10-21T04:00:00Z,5.0,4.6,0.1,0.1,OK,OK,OK,OK,false,hour_ending,SOURCE_UTC_STATED,fmi-8ab7d7d344b4,fmi_100949_20201019_20201025.xml,fmi_100949_20201019_20201025.xml#209;fmi_100949_20201019_20201025.xml#210;fmi_100949_20201019_20201025.xml#211;fmi_100949_20201019_20201025.xml#212
100949,2020-10-21T05:00:00Z,5.7,3.8,1.0,0.8,OK,OK,OK,OK,false,hour_ending,SOURCE_UTC_STATED,fmi-8ab7d7d344b4,fmi_100949_20201019_20201025.xml,fmi_100949_20201019_20201025.xml#213;fmi_100949_20201019_20201025.xml#214;fmi_100949_20201019_20201025.xml#215;fmi_100949_20201019_20201025.xml#216
100949,2020-10-21T06:00:00Z,6.5,4.9,0.6,0.7,OK,OK,OK,OK,false,hour_ending,SOURCE_UTC_STATED,fmi-8ab7d7d344b4,fmi_100949_20201019_20201025.xml,fmi_100949_20201019_20201025.xml#217;fmi_100949_20201019_20201025.xml#218;fmi_100949_20201019_20201025.xml#219;fmi_100949_20201019_20201025.xml#220
100949,2020-10-21T07:00:00Z,7.3,4.9,0.6,0.5,OK,OK,OK,OK,false,hour_ending,SOURCE_UTC_STATED,fmi-8ab7d7d344b4,fmi_100949_20201019_20201025.xml,fmi_100949_20201019_20201025.xml#221;fmi_100949_20201019_20201025.xml#222;fmi_100949_20201019_20201025.xml#223;fmi_100949_20201019_20201025.xml#224
100949,2020-10-21T08:00:00Z,7.5,4.4,0.4,0.4,OK,OK,OK,OK,false,hour_ending,SOURCE_UTC_STATED,fmi-8ab7d7d344b4,fmi_100949_20201019_20201025.xml,fmi_100949_20201019_20201025.xml#225;fmi_100949_20201019_20201025.xml#226;fmi_100949_20201019_20201025.xml#227;fmi_100949_20201019_20201025.xml#228
100949,2020-10-21T09:00:00Z,7.6,4.5,1.0,0.4,OK,OK,OK,OK,false,hour_ending,SOURCE_UTC_STATED,fmi-8ab7d7d344b4,fmi_100949_20201019_20201025.xml,fmi_100949_20201019_20201025.xml#229;fmi_100949_20201019_20201025.xml#230;fmi_100949_20201019_20201025.xml#231;fmi_100949_20201019_20201025.xml#232
100949,2020-10-21T10:00:00Z,7.9,4.7,0.8,0.0,OK,OK,OK,OK,false,hour_ending,SOURCE_UTC_STATED,fmi-8ab7d7d344b4,fmi_100949_20201019_20201025.xml,fmi_100949_20201019_20201025.xml#233;fmi_100949_20201019_20201025.xml#234;fmi_100949_20201019_20201025.xml#235;fmi_100949_20201019_20201025.xml#236
100949,2020-10-21T11:00:00Z,8.4,4.4,0.6,1.2,OK,OK,OK,OK,false,hour_ending,SOURCE_UTC_STATED,fmi-8ab7d7d344b4,fmi_100949_20201019_20201025.xml,fmi_100949_20201019_20201025.xml#237;fmi_100949_20201019_20201025.xml#238;fmi_100949_20201019_20201025.xml#239;fmi_100949_20201019_20201025.xml#240
100949,2020-10-21T12:00:00Z,8.9,3.7,0.7,1.0,OK,OK,OK,OK,false,hour_ending,SOURCE_UTC_STATED,fmi-8ab7d7d344b4,fmi_100949_20201019_20201025.xml,fmi_100949_20201019_20201025.xml#241;fmi_100949_20201019_20201025.xml#242;fmi_100949_20201019_20201025.xml#243;fmi_100949_20201019_20201025.xml#244
100949,2020-10-21T13:00:00Z,9.4,2.8,1.1,0.5,OK,OK,OK,OK,false,hour_ending,SOURCE_UTC_STATED,fmi-8ab7d7d344b4,fmi_100949_20201019_20201025.xml,fmi_100949_20201019_20201025.xml#245;fmi_100949_20201019_20201025.xml#246;fmi_100949_20201019_20201025.xml#247;fmi_100949_20201019_20201025.xml#248
100949,2020-10-21T14:00:00Z,9.6,3.3,0.0,0.0,OK,OK,OK,OK,false,hour_ending,SOURCE_UTC_STATED,fmi-8ab7d7d344b4,fmi_100949_20201019_20201025.xml,fmi_100949_20201019_20201025.xml#249;fmi_100949_20201019_20201025.xml#250;fmi_100949_20201019_20201025.xml#251;fmi_100949_20201019_20201025.xml#252
100949,2020-10-21T15:00:00Z,9.6,2.6,0.0,0.0,OK,OK,OK,OK,false,hour_ending,SOURCE_UTC_STATED,fmi-8ab7d7d344b4,fmi_100949_20201019_20201025.xml,fmi_100949_20201019_20201025.xml#253;fmi_100949_20201019_20201025.xml#254;fmi_100949_20201019_20201025.xml#255;fmi_100949_20201019_20201025.xml#256
100949,2020-10-21T16:00:00Z,9.6,2.6,0.0,0.0,OK,OK,OK,OK,false,hour_ending,SOURCE_UTC_STATED,fmi-8ab7d7d344b4,fmi_100949_20201019_20201025.xml,fmi_100949_20201019_20201025.xml#257;fmi_100949_20201019_20201025.xml#258;fmi_100949_20201019_20201025.xml#259;fmi_100949_20201019_20201025.xml#260
100949,2020-10-21T17:00:00Z,9.7,2.3,0.0,0.0,OK,OK,OK,OK,false,hour_ending,SOURCE_UTC_STATED,fmi-8ab7d7d344b4,fmi_100949_20201019_20201025.xml,fmi_100949_20201019_20201025.xml#261;fmi_100949_20201019_20201025.xml#262;fmi_100949_20201019_20201025.xml#263;fmi_100949_20201019_20201025.xml#264
100949,2020-10-21T18:00:00Z,9.9,2.8,0.0,0.0,OK,OK,OK,OK,false,hour_ending,SOURCE_UTC_STATED,fmi-8ab7d7d344b4,fmi_100949_20201019_20201025.xml,fmi_100949_20201019_20201025.xml#265;fmi_100949_20201019_20201025.xml#266;fmi_100949_20201019_20201025.xml#267;fmi_100949_20201019_20201025.xml#268
100949,2020-10-21T19:00:00Z,10.0,1.6,0.0,0.0,OK,OK,OK,OK,false,hour_ending,SOURCE_UTC_STATED,fmi-8ab7d7d344b4,fmi_100949_20201019_20201025.xml,fmi_100949_20201019_20201025.xml#269;fmi_100949_20201019_20201025.xml#270;fmi_100949_20201019_20201025.xml#271;fmi_100949_20201019_20201025.xml#272
100949,2020-10-21T20:00:00Z,10.0,1.5,0.1,0.4,OK,OK,OK,OK,false,hour_ending,SOURCE_UTC_STATED,fmi-8ab7d7d344b4,fmi_100949_20201019_20201025.xml,fmi_100949_20201019_20201025.xml#273;fmi_100949_20201019_20201025.xml#274;fmi_100949_20201019_20201025.xml#275;fmi_100949_20201019_20201025.xml#276
100949,2020-10-21T21:00:00Z,10.1,1.9,0.1,0.0,OK,OK,OK,OK,false,hour_ending,SOURCE_UTC_STATED,fmi-8ab7d7d344b4,fmi_100949_20201019_20201025.xml,fmi_100949_20201019_20201025.xml#277;fmi_100949_20201019_20201025.xml#278;fmi_100949_20201019_20201025.xml#279;fmi_100949_20201019_20201025.xml#280
100949,2020-10-21T22:00:00Z,10.1,2.0,0.1,0.0,OK,OK,OK,OK,false,hour_ending,SOURCE_UTC_STATED,fmi-8ab7d7d344b4,fmi_100949_20201019_20201025.xml,fmi_100949_20201019_20201025.xml#281;fmi_100949_20201019_20201025.xml#282;fmi_100949_20201019_20201025.xml#283;fmi_100949_20201019_20201025.xml#284
100949,2020-10-21T23:00:00Z,10.1,1.9,0.0,0.0,OK,OK,OK,OK,false,hour_ending,SOURCE_UTC_STATED,fmi-8ab7d7d344b4,fmi_100949_20201019_20201025.xml,fmi_100949_20201019_20201025.xml#285;fmi_100949_20201019_20201025.xml#286;fmi_100949_20201019_20201025.xml#287;fmi_100949_20201019_20201025.xml#288
100949,2020-10-22T00:00:00Z,10.0,2.1,0.1,0.0,OK,OK,OK,OK,false,hour_ending,SOURCE_UTC_STATED,fmi-8ab7d7d344b4,fmi_100949_20201019_20201025.xml,fmi_100949_20201019_20201025.xml#289;fmi_100949_20201019_20201025.xml#290;fmi_100949_20201019_20201025.xml#291;fmi_100949_20201019_20201025.xml#292
100949,2020-10-22T01:00:00Z,10.1,2.2,0.4,0.4,OK,OK,OK,OK,false,hour_ending,SOURCE_UTC_STATED,fmi-8ab7d7d344b4,fmi_100949_20201019_20201025.xml,fmi_100949_20201019_20201025.xml#293;fmi_100949_20201019_20201025.xml#294;fmi_100949_20201019_20201025.xml#295;fmi_100949_20201019_20201025.xml#296
100949,2020-10-22T02:00:00Z,10.3,2.5,0.1,0.0,OK,OK,OK,OK,false,hour_ending,SOURCE_UTC_STATED,fmi-8ab7d7d344b4,fmi_100949_20201019_20201025.xml,fmi_100949_20201019_20201025.xml#297;fmi_100949_20201019_20201025.xml#298;fmi_100949_20201019_20201025.xml#299;fmi_100949_20201019_20201025.xml#300
100949,2020-10-22T03:00:00Z,10.2,2.3,0.0,0.0,OK,OK,OK,OK,false,hour_ending,SOURCE_UTC_STATED,fmi-8ab7d7d344b4,fmi_100949_20201019_20201025.xml,fmi_100949_20201019_20201025.xml#301;fmi_100949_20201019_20201025.xml#302;fmi_100949_20201019_20201025.xml#303;fmi_100949_20201019_20201025.xml#304
100949,2020-10-22T04:00:00Z,10.3,3.8,0.1,0.0,OK,OK,OK,OK,false,hour_ending,SOURCE_UTC_STATED,fmi-8ab7d7d344b4,fmi_100949_20201019_20201025.xml,fmi_100949_20201019_20201025.xml#305;fmi_100949_20201019_20201025.xml#306;fmi_100949_20201019_20201025.xml#307;fmi_100949_20201019_20201025.xml#308
100949,2020-10-22T05:00:00Z,10.4,3.3,0.7,1.1,OK,OK,OK,OK,false,hour_ending,SOURCE_UTC_STATED,fmi-8ab7d7d344b4,fmi_100949_20201019_20201025.xml,fmi_100949_20201019_20201025.xml#309;fmi_100949_20201019_20201025.xml#310;fmi_100949_20201019_20201025.xml#311;fmi_100949_20201019_20201025.xml#312
100949,2020-10-22T06:00:00Z,10.5,4.6,0.7,0.0,OK,OK,OK,OK,false,hour_ending,SOURCE_UTC_STATED,fmi-8ab7d7d344b4,fmi_100949_20201019_20201025.xml,fmi_100949_20201019_20201025.xml#313;fmi_100949_20201019_20201025.xml#314;fmi_100949_20201019_20201025.xml#315;fmi_100949_20201019_20201025.xml#316
100949,2020-10-22T07:00:00Z,10.5,3.7,0.8,0.2,OK,OK,OK,OK,false,hour_ending,SOURCE_UTC_STATED,fmi-8ab7d7d344b4,fmi_100949_20201019_20201025.xml,fmi_100949_20201019_20201025.xml#317;fmi_100949_20201019_20201025.xml#318;fmi_100949_20201019_20201025.xml#319;fmi_100949_20201019_20201025.xml#320
100949,2020-10-22T08:00:00Z,10.6,3.8,0.1,0.0,OK,OK,OK,OK,false,hour_ending,SOURCE_UTC_STATED,fmi-8ab7d7d344b4,fmi_100949_20201019_20201025.xml,fmi_100949_20201019_20201025.xml#321;fmi_100949_20201019_20201025.xml#322;fmi_100949_20201019_20201025.xml#323;fmi_100949_20201019_20201025.xml#324
100949,2020-10-22T09:00:00Z,10.7,3.1,1.5,1.9,OK,OK,OK,OK,false,hour_ending,SOURCE_UTC_STATED,fmi-8ab7d7d344b4,fmi_100949_20201019_20201025.xml,fmi_100949_20201019_20201025.xml#325;fmi_100949_20201019_20201025.xml#326;fmi_100949_20201019_20201025.xml#327;fmi_100949_20201019_20201025.xml#328
100949,2020-10-22T10:00:00Z,10.8,3.0,1.7,1.8,OK,OK,OK,OK,false,hour_ending,SOURCE_UTC_STATED,fmi-8ab7d7d344b4,fmi_100949_20201019_20201025.xml,fmi_100949_20201019_20201025.xml#329;fmi_100949_20201019_20201025.xml#330;fmi_100949_20201019_20201025.xml#331;fmi_100949_20201019_20201025.xml#332
100949,2020-10-22T11:00:00Z,10.8,3.0,1.2,1.1,OK,OK,OK,OK,false,hour_ending,SOURCE_UTC_STATED,fmi-8ab7d7d344b4,fmi_100949_20201019_20201025.xml,fmi_100949_20201019_20201025.xml#333;fmi_100949_20201019_20201025.xml#334;fmi_100949_20201019_20201025.xml#335;fmi_100949_20201019_20201025.xml#336
100949,2020-10-22T12:00:00Z,10.9,2.4,1.5,1.0,OK,OK,OK,OK,false,hour_ending,SOURCE_UTC_STATED,fmi-8ab7d7d344b4,fmi_100949_20201019_20201025.xml,fmi_100949_20201019_20201025.xml#337;fmi_100949_20201019_20201025.xml#338;fmi_100949_20201019_20201025.xml#339;fmi_100949_20201019_20201025.xml#340
100949,2020-10-22T13:00:00Z,10.8,2.0,1.0,0.7,OK,OK,OK,OK,false,hour_ending,SOURCE_UTC_STATED,fmi-8ab7d7d344b4,fmi_100949_20201019_20201025.xml,fmi_100949_20201019_20201025.xml#341;fmi_100949_20201019_20201025.xml#342;fmi_100949_20201019_20201025.xml#343;fmi_100949_20201019_20201025.xml#344
100949,2020-10-22T14:00:00Z,10.7,2.4,0.9,1.0,OK,OK,OK,OK,false,hour_ending,SOURCE_UTC_STATED,fmi-8ab7d7d344b4,fmi_100949_20201019_20201025.xml,fmi_100949_20201019_20201025.xml#345;fmi_100949_20201019_20201025.xml#346;fmi_100949_20201019_20201025.xml#347;fmi_100949_20201019_20201025.xml#348
100949,2020-10-22T15:00:00Z,10.4,2.4,0.0,0.0,OK,OK,OK,OK,false,hour_ending,SOURCE_UTC_STATED,fmi-8ab7d7d344b4,fmi_100949_20201019_20201025.xml,fmi_100949_20201019_20201025.xml#349;fmi_100949_20201019_20201025.xml#350;fmi_100949_20201019_20201025.xml#351;fmi_100949_20201019_20201025.xml#352
100949,2020-10-22T16:00:00Z,10.0,2.2,0.0,0.0,OK,OK,OK,OK,false,hour_ending,SOURCE_UTC_STATED,fmi-8ab7d7d344b4,fmi_100949_20201019_20201025.xml,fmi_100949_20201019_20201025.xml#353;fmi_100949_20201019_20201025.xml#354;fmi_100949_20201019_20201025.xml#355;fmi_100949_20201019_20201025.xml#356
100949,2020-10-22T17:00:00Z,10.1,2.2,0.0,0.0,OK,OK,OK,OK,false,hour_ending,SOURCE_UTC_STATED,fmi-8ab7d7d344b4,fmi_100949_20201019_20201025.xml,fmi_100949_20201019_20201025.xml#357;fmi_100949_20201019_20201025.xml#358;fmi_100949_20201019_20201025.xml#359;fmi_100949_20201019_20201025.xml#360
100949,2020-10-22T18:00:00Z,10.4,2.6,0.0,0.0,OK,OK,OK,OK,false,hour_ending,SOURCE_UTC_STATED,fmi-8ab7d7d344b4,fmi_100949_20201019_20201025.xml,fmi_100949_20201019_20201025.xml#361;fmi_100949_20201019_20201025.xml#362;fmi_100949_20201019_20201025.xml#363;fmi_100949_20201019_20201025.xml#364
100949,2020-10-22T19:00:00Z,10.3,2.1,0.0,0.0,OK,OK,OK,OK,false,hour_ending,SOURCE_UTC_STATED,fmi-8ab7d7d344b4,fmi_100949_20201019_20201025.xml,fmi_100949_20201019_20201025.xml#365;fmi_100949_20201019_20201025.xml#366;fmi_100949_20201019_20201025.xml#367;fmi_100949_20201019_20201025.xml#368
100949,2020-10-22T20:00:00Z,10.0,3.6,0.0,0.0,OK,OK,OK,OK,false,hour_ending,SOURCE_UTC_STATED,fmi-8ab7d7d344b4,fmi_100949_20201019_20201025.xml,fmi_100949_20201019_20201025.xml#369;fmi_100949_20201019_20201025.xml#370;fmi_100949_20201019_20201025.xml#371;fmi_100949_20201019_20201025.xml#372
100949,2020-10-22T21:00:00Z,9.7,2.0,0.0,0.0,OK,OK,OK,OK,false,hour_ending,SOURCE_UTC_STATED,fmi-8ab7d7d344b4,fmi_100949_20201019_20201025.xml,fmi_100949_20201019_20201025.xml#373;fmi_100949_20201019_20201025.xml#374;fmi_100949_20201019_20201025.xml#375;fmi_100949_20201019_20201025.xml#376
100949,2020-10-22T22:00:00Z,9.5,0.8,0.2,0.4,OK,OK,OK,OK,false,hour_ending,SOURCE_UTC_STATED,fmi-8ab7d7d344b4,fmi_100949_20201019_20201025.xml,fmi_100949_20201019_20201025.xml#377;fmi_100949_20201019_20201025.xml#378;fmi_100949_20201019_20201025.xml#379;fmi_100949_20201019_20201025.xml#380
100949,2020-10-22T23:00:00Z,9.5,1.8,2.6,2.4,OK,OK,OK,OK,false,hour_ending,SOURCE_UTC_STATED,fmi-8ab7d7d344b4,fmi_100949_20201019_20201025.xml,fmi_100949_20201019_20201025.xml#381;fmi_100949_20201019_20201025.xml#382;fmi_100949_20201019_20201025.xml#383;fmi_100949_20201019_20201025.xml#384
100949,2020-10-23T00:00:00Z,9.6,1.4,1.1,2.2,OK,OK,OK,OK,false,hour_ending,SOURCE_UTC_STATED,fmi-8ab7d7d344b4,fmi_100949_20201019_20201025.xml,fmi_100949_20201019_20201025.xml#385;fmi_100949_20201019_20201025.xml#386;fmi_100949_20201019_20201025.xml#387;fmi_100949_20201019_20201025.xml#388
100949,2020-10-23T01:00:00Z,11.0,2.9,1.2,0.3,OK,OK,OK,OK,false,hour_ending,SOURCE_UTC_STATED,fmi-8ab7d7d344b4,fmi_100949_20201019_20201025.xml,fmi_100949_20201019_20201025.xml#389;fmi_100949_20201019_20201025.xml#390;fmi_100949_20201019_20201025.xml#391;fmi_100949_20201019_20201025.xml#392
100949,2020-10-23T02:00:00Z,11.2,2.8,0.0,0.0,OK,OK,OK,OK,false,hour_ending,SOURCE_UTC_STATED,fmi-8ab7d7d344b4,fmi_100949_20201019_20201025.xml,fmi_100949_20201019_20201025.xml#393;fmi_100949_20201019_20201025.xml#394;fmi_100949_20201019_20201025.xml#395;fmi_100949_20201019_20201025.xml#396
100949,2020-10-23T03:00:00Z,11.0,3.9,0.1,0.0,OK,OK,OK,OK,false,hour_ending,SOURCE_UTC_STATED,fmi-8ab7d7d344b4,fmi_100949_20201019_20201025.xml,fmi_100949_20201019_20201025.xml#397;fmi_100949_20201019_20201025.xml#398;fmi_100949_20201019_20201025.xml#399;fmi_100949_20201019_20201025.xml#400
100949,2020-10-23T04:00:00Z,10.8,4.1,0.0,0.0,OK,OK,OK,OK,false,hour_ending,SOURCE_UTC_STATED,fmi-8ab7d7d344b4,fmi_100949_20201019_20201025.xml,fmi_100949_20201019_20201025.xml#401;fmi_100949_20201019_20201025.xml#402;fmi_100949_20201019_20201025.xml#403;fmi_100949_20201019_20201025.xml#404
100949,2020-10-23T05:00:00Z,9.9,3.7,0.1,0.0,OK,OK,OK,OK,false,hour_ending,SOURCE_UTC_STATED,fmi-8ab7d7d344b4,fmi_100949_20201019_20201025.xml,fmi_100949_20201019_20201025.xml#405;fmi_100949_20201019_20201025.xml#406;fmi_100949_20201019_20201025.xml#407;fmi_100949_20201019_20201025.xml#408
100949,2020-10-23T06:00:00Z,8.0,3.0,0.0,0.0,OK,OK,OK,OK,false,hour_ending,SOURCE_UTC_STATED,fmi-8ab7d7d344b4,fmi_100949_20201019_20201025.xml,fmi_100949_20201019_20201025.xml#409;fmi_100949_20201019_20201025.xml#410;fmi_100949_20201019_20201025.xml#411;fmi_100949_20201019_20201025.xml#412
100949,2020-10-23T07:00:00Z,7.4,2.7,0.0,0.0,OK,OK,OK,OK,false,hour_ending,SOURCE_UTC_STATED,fmi-8ab7d7d344b4,fmi_100949_20201019_20201025.xml,fmi_100949_20201019_20201025.xml#413;fmi_100949_20201019_20201025.xml#414;fmi_100949_20201019_20201025.xml#415;fmi_100949_20201019_20201025.xml#416
100949,2020-10-23T08:00:00Z,7.6,3.0,0.0,0.0,OK,OK,OK,OK,false,hour_ending,SOURCE_UTC_STATED,fmi-8ab7d7d344b4,fmi_100949_20201019_20201025.xml,fmi_100949_20201019_20201025.xml#417;fmi_100949_20201019_20201025.xml#418;fmi_100949_20201019_20201025.xml#419;fmi_100949_20201019_20201025.xml#420
100949,2020-10-23T09:00:00Z,7.2,3.7,0.0,0.0,OK,OK,OK,OK,false,hour_ending,SOURCE_UTC_STATED,fmi-8ab7d7d344b4,fmi_100949_20201019_20201025.xml,fmi_100949_20201019_20201025.xml#421;fmi_100949_20201019_20201025.xml#422;fmi_100949_20201019_20201025.xml#423;fmi_100949_20201019_20201025.xml#424
100949,2020-10-23T10:00:00Z,6.8,3.8,0.0,0.0,OK,OK,OK,OK,false,hour_ending,SOURCE_UTC_STATED,fmi-8ab7d7d344b4,fmi_100949_20201019_20201025.xml,fmi_100949_20201019_20201025.xml#425;fmi_100949_20201019_20201025.xml#426;fmi_100949_20201019_20201025.xml#427;fmi_100949_20201019_20201025.xml#428
100949,2020-10-23T11:00:00Z,6.8,4.7,0.0,0.0,OK,OK,OK,OK,false,hour_ending,SOURCE_UTC_STATED,fmi-8ab7d7d344b4,fmi_100949_20201019_20201025.xml,fmi_100949_20201019_20201025.xml#429;fmi_100949_20201019_20201025.xml#430;fmi_100949_20201019_20201025.xml#431;fmi_100949_20201019_20201025.xml#432
100949,2020-10-23T12:00:00Z,6.2,4.1,0.0,0.0,OK,OK,OK,OK,false,hour_ending,SOURCE_UTC_STATED,fmi-8ab7d7d344b4,fmi_100949_20201019_20201025.xml,fmi_100949_20201019_20201025.xml#433;fmi_100949_20201019_20201025.xml#434;fmi_100949_20201019_20201025.xml#435;fmi_100949_20201019_20201025.xml#436
100949,2020-10-23T13:00:00Z,6.2,3.8,0.0,0.0,OK,OK,OK,OK,false,hour_ending,SOURCE_UTC_STATED,fmi-8ab7d7d344b4,fmi_100949_20201019_20201025.xml,fmi_100949_20201019_20201025.xml#437;fmi_100949_20201019_20201025.xml#438;fmi_100949_20201019_20201025.xml#439;fmi_100949_20201019_20201025.xml#440
100949,2020-10-23T14:00:00Z,5.8,3.7,0.0,0.0,OK,OK,OK,OK,false,hour_ending,SOURCE_UTC_STATED,fmi-8ab7d7d344b4,fmi_100949_20201019_20201025.xml,fmi_100949_20201019_20201025.xml#441;fmi_100949_20201019_20201025.xml#442;fmi_100949_20201019_20201025.xml#443;fmi_100949_20201019_20201025.xml#444
100949,2020-10-23T15:00:00Z,4.7,2.8,0.0,0.0,OK,OK,OK,OK,false,hour_ending,SOURCE_UTC_STATED,fmi-8ab7d7d344b4,fmi_100949_20201019_20201025.xml,fmi_100949_20201019_20201025.xml#445;fmi_100949_20201019_20201025.xml#446;fmi_100949_20201019_20201025.xml#447;fmi_100949_20201019_20201025.xml#448
100949,2020-10-23T16:00:00Z,3.9,2.4,0.0,0.0,OK,OK,OK,OK,false,hour_ending,SOURCE_UTC_STATED,fmi-8ab7d7d344b4,fmi_100949_20201019_20201025.xml,fmi_100949_20201019_20201025.xml#449;fmi_100949_20201019_20201025.xml#450;fmi_100949_20201019_20201025.xml#451;fmi_100949_20201019_20201025.xml#452
100949,2020-10-23T17:00:00Z,2.8,1.5,0.0,0.0,OK,OK,OK,OK,false,hour_ending,SOURCE_UTC_STATED,fmi-8ab7d7d344b4,fmi_100949_20201019_20201025.xml,fmi_100949_20201019_20201025.xml#453;fmi_100949_20201019_20201025.xml#454;fmi_100949_20201019_20201025.xml#455;fmi_100949_20201019_20201025.xml#456
100949,2020-10-23T18:00:00Z,1.7,0.9,0.0,0.0,OK,OK,OK,OK,false,hour_ending,SOURCE_UTC_STATED,fmi-8ab7d7d344b4,fmi_100949_20201019_20201025.xml,fmi_100949_20201019_20201025.xml#457;fmi_100949_20201019_20201025.xml#458;fmi_100949_20201019_20201025.xml#459;fmi_100949_20201019_20201025.xml#460
100949,2020-10-23T19:00:00Z,0.5,1.6,0.0,0.0,OK,OK,OK,OK,false,hour_ending,SOURCE_UTC_STATED,fmi-8ab7d7d344b4,fmi_100949_20201019_20201025.xml,fmi_100949_20201019_20201025.xml#461;fmi_100949_20201019_20201025.xml#462;fmi_100949_20201019_20201025.xml#463;fmi_100949_20201019_20201025.xml#464
100949,2020-10-23T20:00:00Z,0.1,2.1,0.0,0.0,OK,OK,OK,OK,false,hour_ending,SOURCE_UTC_STATED,fmi-8ab7d7d344b4,fmi_100949_20201019_20201025.xml,fmi_100949_20201019_20201025.xml#465;fmi_100949_20201019_20201025.xml#466;fmi_100949_20201019_20201025.xml#467;fmi_100949_20201019_20201025.xml#468
100949,2020-10-23T21:00:00Z,-0.3,1.8,0.0,0.0,OK,OK,OK,OK,false,hour_ending,SOURCE_UTC_STATED,fmi-8ab7d7d344b4,fmi_100949_20201019_20201025.xml,fmi_100949_20201019_20201025.xml#469;fmi_100949_20201019_20201025.xml#470;fmi_100949_20201019_20201025.xml#471;fmi_100949_20201019_20201025.xml#472
100949,2020-10-23T22:00:00Z,1.8,1.8,0.0,0.0,OK,OK,OK,OK,false,hour_ending,SOURCE_UTC_STATED,fmi-8ab7d7d344b4,fmi_100949_20201019_20201025.xml,fmi_100949_20201019_20201025.xml#473;fmi_100949_20201019_20201025.xml#474;fmi_100949_20201019_20201025.xml#475;fmi_100949_20201019_20201025.xml#476
100949,2020-10-23T23:00:00Z,4.1,2.0,0.0,0.0,OK,OK,OK,OK,false,hour_ending,SOURCE_UTC_STATED,fmi-8ab7d7d344b4,fmi_100949_20201019_20201025.xml,fmi_100949_20201019_20201025.xml#477;fmi_100949_20201019_20201025.xml#478;fmi_100949_20201019_20201025.xml#479;fmi_100949_20201019_20201025.xml#480
100949,2020-10-24T00:00:00Z,4.2,1.6,0.0,0.0,OK,OK,OK,OK,false,hour_ending,SOURCE_UTC_STATED,fmi-8ab7d7d344b4,fmi_100949_20201019_20201025.xml,fmi_100949_20201019_20201025.xml#481;fmi_100949_20201019_20201025.xml#482;fmi_100949_20201019_20201025.xml#483;fmi_100949_20201019_20201025.xml#484
100949,2020-10-24T01:00:00Z,3.8,1.9,0.0,0.0,OK,OK,OK,OK,false,hour_ending,SOURCE_UTC_STATED,fmi-8ab7d7d344b4,fmi_100949_20201019_20201025.xml,fmi_100949_20201019_20201025.xml#485;fmi_100949_20201019_20201025.xml#486;fmi_100949_20201019_20201025.xml#487;fmi_100949_20201019_20201025.xml#488
100949,2020-10-24T02:00:00Z,3.9,2.4,0.0,0.0,OK,OK,OK,OK,false,hour_ending,SOURCE_UTC_STATED,fmi-8ab7d7d344b4,fmi_100949_20201019_20201025.xml,fmi_100949_20201019_20201025.xml#489;fmi_100949_20201019_20201025.xml#490;fmi_100949_20201019_20201025.xml#491;fmi_100949_20201019_20201025.xml#492
100949,2020-10-24T03:00:00Z,3.0,2.5,0.0,0.0,OK,OK,OK,OK,false,hour_ending,SOURCE_UTC_STATED,fmi-8ab7d7d344b4,fmi_100949_20201019_20201025.xml,fmi_100949_20201019_20201025.xml#493;fmi_100949_20201019_20201025.xml#494;fmi_100949_20201019_20201025.xml#495;fmi_100949_20201019_20201025.xml#496
100949,2020-10-24T04:00:00Z,1.5,2.1,0.0,0.0,OK,OK,OK,OK,false,hour_ending,SOURCE_UTC_STATED,fmi-8ab7d7d344b4,fmi_100949_20201019_20201025.xml,fmi_100949_20201019_20201025.xml#497;fmi_100949_20201019_20201025.xml#498;fmi_100949_20201019_20201025.xml#499;fmi_100949_20201019_20201025.xml#500
100949,2020-10-24T05:00:00Z,1.2,1.6,0.0,0.0,OK,OK,OK,OK,false,hour_ending,SOURCE_UTC_STATED,fmi-8ab7d7d344b4,fmi_100949_20201019_20201025.xml,fmi_100949_20201019_20201025.xml#501;fmi_100949_20201019_20201025.xml#502;fmi_100949_20201019_20201025.xml#503;fmi_100949_20201019_20201025.xml#504
100949,2020-10-24T06:00:00Z,2.3,2.0,0.0,0.0,OK,OK,OK,OK,false,hour_ending,SOURCE_UTC_STATED,fmi-8ab7d7d344b4,fmi_100949_20201019_20201025.xml,fmi_100949_20201019_20201025.xml#505;fmi_100949_20201019_20201025.xml#506;fmi_100949_20201019_20201025.xml#507;fmi_100949_20201019_20201025.xml#508
100949,2020-10-24T07:00:00Z,4.1,2.1,0.0,0.0,OK,OK,OK,OK,false,hour_ending,SOURCE_UTC_STATED,fmi-8ab7d7d344b4,fmi_100949_20201019_20201025.xml,fmi_100949_20201019_20201025.xml#509;fmi_100949_20201019_20201025.xml#510;fmi_100949_20201019_20201025.xml#511;fmi_100949_20201019_20201025.xml#512
100949,2020-10-24T08:00:00Z,4.7,1.8,0.0,0.0,OK,OK,OK,OK,false,hour_ending,SOURCE_UTC_STATED,fmi-8ab7d7d344b4,fmi_100949_20201019_20201025.xml,fmi_100949_20201019_20201025.xml#513;fmi_100949_20201019_20201025.xml#514;fmi_100949_20201019_20201025.xml#515;fmi_100949_20201019_20201025.xml#516
100949,2020-10-24T09:00:00Z,6.1,2.8,0.0,0.0,OK,OK,OK,OK,false,hour_ending,SOURCE_UTC_STATED,fmi-8ab7d7d344b4,fmi_100949_20201019_20201025.xml,fmi_100949_20201019_20201025.xml#517;fmi_100949_20201019_20201025.xml#518;fmi_100949_20201019_20201025.xml#519;fmi_100949_20201019_20201025.xml#520
100949,2020-10-24T10:00:00Z,6.1,2.3,0.0,0.0,OK,OK,OK,OK,false,hour_ending,SOURCE_UTC_STATED,fmi-8ab7d7d344b4,fmi_100949_20201019_20201025.xml,fmi_100949_20201019_20201025.xml#521;fmi_100949_20201019_20201025.xml#522;fmi_100949_20201019_20201025.xml#523;fmi_100949_20201019_20201025.xml#524
100949,2020-10-24T11:00:00Z,6.0,1.4,0.0,0.0,OK,OK,OK,OK,false,hour_ending,SOURCE_UTC_STATED,fmi-8ab7d7d344b4,fmi_100949_20201019_20201025.xml,fmi_100949_20201019_20201025.xml#525;fmi_100949_20201019_20201025.xml#526;fmi_100949_20201019_20201025.xml#527;fmi_100949_20201019_20201025.xml#528
100949,2020-10-24T12:00:00Z,6.1,0.0,0.0,0.0,OK,OK,OK,OK,false,hour_ending,SOURCE_UTC_STATED,fmi-8ab7d7d344b4,fmi_100949_20201019_20201025.xml,fmi_100949_20201019_20201025.xml#529;fmi_100949_20201019_20201025.xml#530;fmi_100949_20201019_20201025.xml#531;fmi_100949_20201019_20201025.xml#532
100949,2020-10-24T13:00:00Z,5.8,1.0,0.1,0.0,OK,OK,OK,OK,false,hour_ending,SOURCE_UTC_STATED,fmi-8ab7d7d344b4,fmi_100949_20201019_20201025.xml,fmi_100949_20201019_20201025.xml#533;fmi_100949_20201019_20201025.xml#534;fmi_100949_20201019_20201025.xml#535;fmi_100949_20201019_20201025.xml#536
100949,2020-10-24T14:00:00Z,5.4,2.0,0.1,0.0,OK,OK,OK,OK,false,hour_ending,SOURCE_UTC_STATED,fmi-8ab7d7d344b4,fmi_100949_20201019_20201025.xml,fmi_100949_20201019_20201025.xml#537;fmi_100949_20201019_20201025.xml#538;fmi_100949_20201019_20201025.xml#539;fmi_100949_20201019_20201025.xml#540
100949,2020-10-24T15:00:00Z,4.9,2.7,0.1,0.0,OK,OK,OK,OK,false,hour_ending,SOURCE_UTC_STATED,fmi-8ab7d7d344b4,fmi_100949_20201019_20201025.xml,fmi_100949_20201019_20201025.xml#541;fmi_100949_20201019_20201025.xml#542;fmi_100949_20201019_20201025.xml#543;fmi_100949_20201019_20201025.xml#544
100949,2020-10-24T16:00:00Z,4.3,2.5,0.2,0.2,OK,OK,OK,OK,false,hour_ending,SOURCE_UTC_STATED,fmi-8ab7d7d344b4,fmi_100949_20201019_20201025.xml,fmi_100949_20201019_20201025.xml#545;fmi_100949_20201019_20201025.xml#546;fmi_100949_20201019_20201025.xml#547;fmi_100949_20201019_20201025.xml#548
100949,2020-10-24T17:00:00Z,4.1,1.6,0.4,0.0,OK,OK,OK,OK,false,hour_ending,SOURCE_UTC_STATED,fmi-8ab7d7d344b4,fmi_100949_20201019_20201025.xml,fmi_100949_20201019_20201025.xml#549;fmi_100949_20201019_20201025.xml#550;fmi_100949_20201019_20201025.xml#551;fmi_100949_20201019_20201025.xml#552
100949,2020-10-24T18:00:00Z,4.1,2.5,0.2,0.1,OK,OK,OK,OK,false,hour_ending,SOURCE_UTC_STATED,fmi-8ab7d7d344b4,fmi_100949_20201019_20201025.xml,fmi_100949_20201019_20201025.xml#553;fmi_100949_20201019_20201025.xml#554;fmi_100949_20201019_20201025.xml#555;fmi_100949_20201019_20201025.xml#556
100949,2020-10-24T19:00:00Z,4.0,2.8,0.1,0.0,OK,OK,OK,OK,false,hour_ending,SOURCE_UTC_STATED,fmi-8ab7d7d344b4,fmi_100949_20201019_20201025.xml,fmi_100949_20201019_20201025.xml#557;fmi_100949_20201019_20201025.xml#558;fmi_100949_20201019_20201025.xml#559;fmi_100949_20201019_20201025.xml#560
100949,2020-10-24T20:00:00Z,4.0,1.7,0.0,0.0,OK,OK,OK,OK,false,hour_ending,SOURCE_UTC_STATED,fmi-8ab7d7d344b4,fmi_100949_20201019_20201025.xml,fmi_100949_20201019_20201025.xml#561;fmi_100949_20201019_20201025.xml#562;fmi_100949_20201019_20201025.xml#563;fmi_100949_20201019_20201025.xml#564
100949,2020-10-24T21:00:00Z,3.9,2.2,0.0,0.0,OK,OK,OK,OK,false,hour_ending,SOURCE_UTC_STATED,fmi-8ab7d7d344b4,fmi_100949_20201019_20201025.xml,fmi_100949_20201019_20201025.xml#565;fmi_100949_20201019_20201025.xml#566;fmi_100949_20201019_20201025.xml#567;fmi_100949_20201019_20201025.xml#568
100949,2020-10-24T22:00:00Z,3.2,1.4,0.0,0.0,OK,OK,OK,OK,false,hour_ending,SOURCE_UTC_STATED,fmi-8ab7d7d344b4,fmi_100949_20201019_20201025.xml,fmi_100949_20201019_20201025.xml#569;fmi_100949_20201019_20201025.xml#570;fmi_100949_20201019_20201025.xml#571;fmi_100949_20201019_20201025.xml#572
100949,2020-10-24T23:00:00Z,1.9,0.5,0.0,0.0,OK,OK,OK,OK,false,hour_ending,SOURCE_UTC_STATED,fmi-8ab7d7d344b4,fmi_100949_20201019_20201025.xml,fmi_100949_20201019_20201025.xml#573;fmi_100949_20201019_20201025.xml#574;fmi_100949_20201019_20201025.xml#575;fmi_100949_20201019_20201025.xml#576
100949,2020-10-25T00:00:00Z,0.8,0.9,0.0,0.0,OK,OK,OK,OK,false,hour_ending,SOURCE_UTC_STATED,fmi-8ab7d7d344b4,fmi_100949_20201019_20201025.xml,fmi_100949_20201019_20201025.xml#577;fmi_100949_20201019_20201025.xml#578;fmi_100949_20201019_20201025.xml#579;fmi_100949_20201019_20201025.xml#580
100949,2020-10-25T01:00:00Z,-0.2,0.0,0.0,0.0,OK,OK,OK,OK,false,hour_ending,SOURCE_UTC_STATED,fmi-8ab7d7d344b4,fmi_100949_20201019_20201025.xml,fmi_100949_20201019_20201025.xml#581;fmi_100949_20201019_20201025.xml#582;fmi_100949_20201019_20201025.xml#583;fmi_100949_20201019_20201025.xml#584
100949,2020-10-25T02:00:00Z,-0.6,0.0,0.0,0.0,OK,OK,OK,OK,false,hour_ending,SOURCE_UTC_STATED,fmi-8ab7d7d344b4,fmi_100949_20201019_20201025.xml,fmi_100949_20201019_20201025.xml#585;fmi_100949_20201019_20201025.xml#586;fmi_100949_20201019_20201025.xml#587;fmi_100949_20201019_20201025.xml#588
100949,2020-10-25T03:00:00Z,-0.6,0.0,0.0,0.0,OK,OK,OK,OK,false,hour_ending,SOURCE_UTC_STATED,fmi-8ab7d7d344b4,fmi_100949_20201019_20201025.xml,fmi_100949_20201019_20201025.xml#589;fmi_100949_20201019_20201025.xml#590;fmi_100949_20201019_20201025.xml#591;fmi_100949_20201019_20201025.xml#592
100949,2020-10-25T04:00:00Z,-0.7,1.3,0.0,0.0,OK,OK,OK,OK,false,hour_ending,SOURCE_UTC_STATED,fmi-8ab7d7d344b4,fmi_100949_20201019_20201025.xml,fmi_100949_20201019_20201025.xml#593;fmi_100949_20201019_20201025.xml#594;fmi_100949_20201019_20201025.xml#595;fmi_100949_20201019_20201025.xml#596
100949,2020-10-25T05:00:00Z,-1.0,0.6,0.0,0.0,OK,OK,OK,OK,false,hour_ending,SOURCE_UTC_STATED,fmi-8ab7d7d344b4,fmi_100949_20201019_20201025.xml,fmi_100949_20201019_20201025.xml#597;fmi_100949_20201019_20201025.xml#598;fmi_100949_20201019_20201025.xml#599;fmi_100949_20201019_20201025.xml#600
100949,2020-10-25T06:00:00Z,0.1,1.6,0.0,0.0,OK,OK,OK,OK,false,hour_ending,SOURCE_UTC_STATED,fmi-8ab7d7d344b4,fmi_100949_20201019_20201025.xml,fmi_100949_20201019_20201025.xml#601;fmi_100949_20201019_20201025.xml#602;fmi_100949_20201019_20201025.xml#603;fmi_100949_20201019_20201025.xml#604
100949,2020-10-25T07:00:00Z,1.0,1.9,0.0,0.0,OK,OK,OK,OK,false,hour_ending,SOURCE_UTC_STATED,fmi-8ab7d7d344b4,fmi_100949_20201019_20201025.xml,fmi_100949_20201019_20201025.xml#605;fmi_100949_20201019_20201025.xml#606;fmi_100949_20201019_20201025.xml#607;fmi_100949_20201019_20201025.xml#608
100949,2020-10-25T08:00:00Z,2.3,1.7,0.0,0.0,OK,OK,OK,OK,false,hour_ending,SOURCE_UTC_STATED,fmi-8ab7d7d344b4,fmi_100949_20201019_20201025.xml,fmi_100949_20201019_20201025.xml#609;fmi_100949_20201019_20201025.xml#610;fmi_100949_20201019_20201025.xml#611;fmi_100949_20201019_20201025.xml#612
100949,2020-10-25T09:00:00Z,3.8,1.5,0.0,0.0,OK,OK,OK,OK,false,hour_ending,SOURCE_UTC_STATED,fmi-8ab7d7d344b4,fmi_100949_20201019_20201025.xml,fmi_100949_20201019_20201025.xml#613;fmi_100949_20201019_20201025.xml#614;fmi_100949_20201019_20201025.xml#615;fmi_100949_20201019_20201025.xml#616
100949,2020-10-25T10:00:00Z,4.9,2.9,0.0,0.0,OK,OK,OK,OK,false,hour_ending,SOURCE_UTC_STATED,fmi-8ab7d7d344b4,fmi_100949_20201019_20201025.xml,fmi_100949_20201019_20201025.xml#617;fmi_100949_20201019_20201025.xml#618;fmi_100949_20201019_20201025.xml#619;fmi_100949_20201019_20201025.xml#620
100949,2020-10-25T11:00:00Z,5.7,3.8,0.0,0.0,OK,OK,OK,OK,false,hour_ending,SOURCE_UTC_STATED,fmi-8ab7d7d344b4,fmi_100949_20201019_20201025.xml,fmi_100949_20201019_20201025.xml#621;fmi_100949_20201019_20201025.xml#622;fmi_100949_20201019_20201025.xml#623;fmi_100949_20201019_20201025.xml#624
100949,2020-10-25T12:00:00Z,6.9,3.5,0.0,0.0,OK,OK,OK,OK,false,hour_ending,SOURCE_UTC_STATED,fmi-8ab7d7d344b4,fmi_100949_20201019_20201025.xml,fmi_100949_20201019_20201025.xml#625;fmi_100949_20201019_20201025.xml#626;fmi_100949_20201019_20201025.xml#627;fmi_100949_20201019_20201025.xml#628
100949,2020-10-25T13:00:00Z,7.4,3.4,0.0,0.0,OK,OK,OK,OK,false,hour_ending,SOURCE_UTC_STATED,fmi-8ab7d7d344b4,fmi_100949_20201019_20201025.xml,fmi_100949_20201019_20201025.xml#629;fmi_100949_20201019_20201025.xml#630;fmi_100949_20201019_20201025.xml#631;fmi_100949_20201019_20201025.xml#632
100949,2020-10-25T14:00:00Z,7.9,3.3,0.0,0.0,OK,OK,OK,OK,false,hour_ending,SOURCE_UTC_STATED,fmi-8ab7d7d344b4,fmi_100949_20201019_20201025.xml,fmi_100949_20201019_20201025.xml#633;fmi_100949_20201019_20201025.xml#634;fmi_100949_20201019_20201025.xml#635;fmi_100949_20201019_20201025.xml#636
100949,2020-10-25T15:00:00Z,8.8,4.7,0.0,0.0,OK,OK,OK,OK,false,hour_ending,SOURCE_UTC_STATED,fmi-8ab7d7d344b4,fmi_100949_20201019_20201025.xml,fmi_100949_20201019_20201025.xml#637;fmi_100949_20201019_20201025.xml#638;fmi_100949_20201019_20201025.xml#639;fmi_100949_20201019_20201025.xml#640
100949,2020-10-25T16:00:00Z,9.1,4.6,0.1,0.0,OK,OK,OK,OK,false,hour_ending,SOURCE_UTC_STATED,fmi-8ab7d7d344b4,fmi_100949_20201019_20201025.xml,fmi_100949_20201019_20201025.xml#641;fmi_100949_20201019_20201025.xml#642;fmi_100949_20201019_20201025.xml#643;fmi_100949_20201019_20201025.xml#644
100949,2020-10-25T17:00:00Z,9.7,4.7,0.0,0.0,OK,OK,OK,OK,false,hour_ending,SOURCE_UTC_STATED,fmi-8ab7d7d344b4,fmi_100949_20201019_20201025.xml,fmi_100949_20201019_20201025.xml#645;fmi_100949_20201019_20201025.xml#646;fmi_100949_20201019_20201025.xml#647;fmi_100949_20201019_20201025.xml#648
100949,2020-10-25T18:00:00Z,10.3,5.0,0.0,0.0,OK,OK,OK,OK,false,hour_ending,SOURCE_UTC_STATED,fmi-8ab7d7d344b4,fmi_100949_20201019_20201025.xml,fmi_100949_20201019_20201025.xml#649;fmi_100949_20201019_20201025.xml#650;fmi_100949_20201019_20201025.xml#651;fmi_100949_20201019_20201025.xml#652
100949,2020-10-25T19:00:00Z,10.9,5.4,0.0,0.0,OK,OK,OK,OK,false,hour_ending,SOURCE_UTC_STATED,fmi-8ab7d7d344b4,fmi_100949_20201019_20201025.xml,fmi_100949_20201019_20201025.xml#653;fmi_100949_20201019_20201025.xml#654;fmi_100949_20201019_20201025.xml#655;fmi_100949_20201019_20201025.xml#656
100949,2020-10-25T20:00:00Z,11.3,5.5,0.0,0.0,OK,OK,OK,OK,false,hour_ending,SOURCE_UTC_STATED,fmi-8ab7d7d344b4,fmi_100949_20201019_20201025.xml,fmi_100949_20201019_20201025.xml#657;fmi_100949_20201019_20201025.xml#658;fmi_100949_20201019_20201025.xml#659;fmi_100949_20201019_20201025.xml#660
100949,2020-10-25T21:00:00Z,11.3,5.5,0.1,0.4,OK,OK,OK,OK,false,hour_ending,SOURCE_UTC_STATED,fmi-8ab7d7d344b4,fmi_100949_20201019_20201025.xml,fmi_100949_20201019_20201025.xml#661;fmi_100949_20201019_20201025.xml#662;fmi_100949_20201019_20201025.xml#663;fmi_100949_20201019_20201025.xml#664
100949,2020-10-25T22:00:00Z,11.6,4.6,0.2,0.0,OK,OK,OK,OK,false,hour_ending,SOURCE_UTC_STATED,fmi-8ab7d7d344b4,fmi_100949_20201019_20201025.xml,fmi_100949_20201019_20201025.xml#665;fmi_100949_20201019_20201025.xml#666;fmi_100949_20201019_20201025.xml#667;fmi_100949_20201019_20201025.xml#668
100949,2020-10-25T23:00:00Z,12.1,4.2,0.0,0.0,OK,OK,OK,OK,false,hour_ending,SOURCE_UTC_STATED,fmi-8ab7d7d344b4,fmi_100949_20201019_20201025.xml,fmi_100949_20201019_20201025.xml#669;fmi_100949_20201019_20201025.xml#670;fmi_100949_20201019_20201025.xml#671;fmi_100949_20201019_20201025.xml#672
100949,2020-10-26T00:00:00Z,12.4,5.3,0.0,0.0,OK,OK,OK,OK,false,hour_ending,SOURCE_UTC_STATED,fmi-8ab7d7d344b4,fmi_100949_20201026_20201101.xml,fmi_100949_20201026_20201101.xml#1;fmi_100949_20201026_20201101.xml#2;fmi_100949_20201026_20201101.xml#3;fmi_100949_20201026_20201101.xml#4
100949,2020-10-26T01:00:00Z,12.4,4.0,0.0,0.0,OK,OK,OK,OK,false,hour_ending,SOURCE_UTC_STATED,fmi-8ab7d7d344b4,fmi_100949_20201026_20201101.xml,fmi_100949_20201026_20201101.xml#5;fmi_100949_20201026_20201101.xml#6;fmi_100949_20201026_20201101.xml#7;fmi_100949_20201026_20201101.xml#8
100949,2020-10-26T02:00:00Z,12.4,4.5,0.0,0.0,OK,OK,OK,OK,false,hour_ending,SOURCE_UTC_STATED,fmi-8ab7d7d344b4,fmi_100949_20201026_20201101.xml,fmi_100949_20201026_20201101.xml#10;fmi_100949_20201026_20201101.xml#11;fmi_100949_20201026_20201101.xml#12;fmi_100949_20201026_20201101.xml#9
100949,2020-10-26T03:00:00Z,12.4,5.2,0.0,0.0,OK,OK,OK,OK,false,hour_ending,SOURCE_UTC_STATED,fmi-8ab7d7d344b4,fmi_100949_20201026_20201101.xml,fmi_100949_20201026_20201101.xml#13;fmi_100949_20201026_20201101.xml#14;fmi_100949_20201026_20201101.xml#15;fmi_100949_20201026_20201101.xml#16
100949,2020-10-26T04:00:00Z,12.4,6.7,0.0,0.0,OK,OK,OK,OK,false,hour_ending,SOURCE_UTC_STATED,fmi-8ab7d7d344b4,fmi_100949_20201026_20201101.xml,fmi_100949_20201026_20201101.xml#17;fmi_100949_20201026_20201101.xml#18;fmi_100949_20201026_20201101.xml#19;fmi_100949_20201026_20201101.xml#20
100949,2020-10-26T05:00:00Z,12.4,5.5,0.0,0.0,OK,OK,OK,OK,false,hour_ending,SOURCE_UTC_STATED,fmi-8ab7d7d344b4,fmi_100949_20201026_20201101.xml,fmi_100949_20201026_20201101.xml#21;fmi_100949_20201026_20201101.xml#22;fmi_100949_20201026_20201101.xml#23;fmi_100949_20201026_20201101.xml#24
100949,2020-10-26T06:00:00Z,12.4,6.0,0.0,0.0,OK,OK,OK,OK,false,hour_ending,SOURCE_UTC_STATED,fmi-8ab7d7d344b4,fmi_100949_20201026_20201101.xml,fmi_100949_20201026_20201101.xml#25;fmi_100949_20201026_20201101.xml#26;fmi_100949_20201026_20201101.xml#27;fmi_100949_20201026_20201101.xml#28
100949,2020-10-26T07:00:00Z,12.3,5.5,0.0,0.0,OK,OK,OK,OK,false,hour_ending,SOURCE_UTC_STATED,fmi-8ab7d7d344b4,fmi_100949_20201026_20201101.xml,fmi_100949_20201026_20201101.xml#29;fmi_100949_20201026_20201101.xml#30;fmi_100949_20201026_20201101.xml#31;fmi_100949_20201026_20201101.xml#32
100949,2020-10-26T08:00:00Z,11.7,5.6,0.0,0.0,OK,OK,OK,OK,false,hour_ending,SOURCE_UTC_STATED,fmi-8ab7d7d344b4,fmi_100949_20201026_20201101.xml,fmi_100949_20201026_20201101.xml#33;fmi_100949_20201026_20201101.xml#34;fmi_100949_20201026_20201101.xml#35;fmi_100949_20201026_20201101.xml#36
100949,2020-10-26T09:00:00Z,11.7,6.1,0.0,0.0,OK,OK,OK,OK,false,hour_ending,SOURCE_UTC_STATED,fmi-8ab7d7d344b4,fmi_100949_20201026_20201101.xml,fmi_100949_20201026_20201101.xml#37;fmi_100949_20201026_20201101.xml#38;fmi_100949_20201026_20201101.xml#39;fmi_100949_20201026_20201101.xml#40
100949,2020-10-26T10:00:00Z,11.5,4.7,0.0,0.0,OK,OK,OK,OK,false,hour_ending,SOURCE_UTC_STATED,fmi-8ab7d7d344b4,fmi_100949_20201026_20201101.xml,fmi_100949_20201026_20201101.xml#41;fmi_100949_20201026_20201101.xml#42;fmi_100949_20201026_20201101.xml#43;fmi_100949_20201026_20201101.xml#44
100949,2020-10-26T11:00:00Z,11.4,5.7,0.0,0.0,OK,OK,OK,OK,false,hour_ending,SOURCE_UTC_STATED,fmi-8ab7d7d344b4,fmi_100949_20201026_20201101.xml,fmi_100949_20201026_20201101.xml#45;fmi_100949_20201026_20201101.xml#46;fmi_100949_20201026_20201101.xml#47;fmi_100949_20201026_20201101.xml#48
100949,2020-10-26T12:00:00Z,11.4,4.1,0.0,0.0,OK,OK,OK,OK,false,hour_ending,SOURCE_UTC_STATED,fmi-8ab7d7d344b4,fmi_100949_20201026_20201101.xml,fmi_100949_20201026_20201101.xml#49;fmi_100949_20201026_20201101.xml#50;fmi_100949_20201026_20201101.xml#51;fmi_100949_20201026_20201101.xml#52
100949,2020-10-26T13:00:00Z,11.4,4.5,0.0,0.0,OK,OK,OK,OK,false,hour_ending,SOURCE_UTC_STATED,fmi-8ab7d7d344b4,fmi_100949_20201026_20201101.xml,fmi_100949_20201026_20201101.xml#53;fmi_100949_20201026_20201101.xml#54;fmi_100949_20201026_20201101.xml#55;fmi_100949_20201026_20201101.xml#56
100949,2020-10-26T14:00:00Z,10.8,3.4,0.2,0.4,OK,OK,OK,OK,false,hour_ending,SOURCE_UTC_STATED,fmi-8ab7d7d344b4,fmi_100949_20201026_20201101.xml,fmi_100949_20201026_20201101.xml#57;fmi_100949_20201026_20201101.xml#58;fmi_100949_20201026_20201101.xml#59;fmi_100949_20201026_20201101.xml#60
100949,2020-10-26T15:00:00Z,10.8,3.6,0.3,0.3,OK,OK,OK,OK,false,hour_ending,SOURCE_UTC_STATED,fmi-8ab7d7d344b4,fmi_100949_20201026_20201101.xml,fmi_100949_20201026_20201101.xml#61;fmi_100949_20201026_20201101.xml#62;fmi_100949_20201026_20201101.xml#63;fmi_100949_20201026_20201101.xml#64
100949,2020-10-26T16:00:00Z,11.0,4.2,0.1,0.0,OK,OK,OK,OK,false,hour_ending,SOURCE_UTC_STATED,fmi-8ab7d7d344b4,fmi_100949_20201026_20201101.xml,fmi_100949_20201026_20201101.xml#65;fmi_100949_20201026_20201101.xml#66;fmi_100949_20201026_20201101.xml#67;fmi_100949_20201026_20201101.xml#68
100949,2020-10-26T17:00:00Z,11.0,4.0,0.0,0.0,OK,OK,OK,OK,false,hour_ending,SOURCE_UTC_STATED,fmi-8ab7d7d344b4,fmi_100949_20201026_20201101.xml,fmi_100949_20201026_20201101.xml#69;fmi_100949_20201026_20201101.xml#70;fmi_100949_20201026_20201101.xml#71;fmi_100949_20201026_20201101.xml#72
100949,2020-10-26T18:00:00Z,10.9,3.6,0.0,0.0,OK,OK,OK,OK,false,hour_ending,SOURCE_UTC_STATED,fmi-8ab7d7d344b4,fmi_100949_20201026_20201101.xml,fmi_100949_20201026_20201101.xml#73;fmi_100949_20201026_20201101.xml#74;fmi_100949_20201026_20201101.xml#75;fmi_100949_20201026_20201101.xml#76
100949,2020-10-26T19:00:00Z,10.8,4.0,0.2,0.1,OK,OK,OK,OK,false,hour_ending,SOURCE_UTC_STATED,fmi-8ab7d7d344b4,fmi_100949_20201026_20201101.xml,fmi_100949_20201026_20201101.xml#77;fmi_100949_20201026_20201101.xml#78;fmi_100949_20201026_20201101.xml#79;fmi_100949_20201026_20201101.xml#80
100949,2020-10-26T20:00:00Z,10.9,4.0,0.2,0.7,OK,OK,OK,OK,false,hour_ending,SOURCE_UTC_STATED,fmi-8ab7d7d344b4,fmi_100949_20201026_20201101.xml,fmi_100949_20201026_20201101.xml#81;fmi_100949_20201026_20201101.xml#82;fmi_100949_20201026_20201101.xml#83;fmi_100949_20201026_20201101.xml#84
100949,2020-10-26T21:00:00Z,10.7,3.6,0.7,0.5,OK,OK,OK,OK,false,hour_ending,SOURCE_UTC_STATED,fmi-8ab7d7d344b4,fmi_100949_20201026_20201101.xml,fmi_100949_20201026_20201101.xml#85;fmi_100949_20201026_20201101.xml#86;fmi_100949_20201026_20201101.xml#87;fmi_100949_20201026_20201101.xml#88
100949,2020-10-26T22:00:00Z,10.7,3.6,0.1,0.0,OK,OK,OK,OK,false,hour_ending,SOURCE_UTC_STATED,fmi-8ab7d7d344b4,fmi_100949_20201026_20201101.xml,fmi_100949_20201026_20201101.xml#89;fmi_100949_20201026_20201101.xml#90;fmi_100949_20201026_20201101.xml#91;fmi_100949_20201026_20201101.xml#92
100949,2020-10-26T23:00:00Z,10.4,4.7,0.1,0.0,OK,OK,OK,OK,false,hour_ending,SOURCE_UTC_STATED,fmi-8ab7d7d344b4,fmi_100949_20201026_20201101.xml,fmi_100949_20201026_20201101.xml#93;fmi_100949_20201026_20201101.xml#94;fmi_100949_20201026_20201101.xml#95;fmi_100949_20201026_20201101.xml#96
100949,2020-10-27T00:00:00Z,10.5,3.7,0.1,0.0,OK,OK,OK,OK,false,hour_ending,SOURCE_UTC_STATED,fmi-8ab7d7d344b4,fmi_100949_20201026_20201101.xml,fmi_100949_20201026_20201101.xml#100;fmi_100949_20201026_20201101.xml#97;fmi_100949_20201026_20201101.xml#98;fmi_100949_20201026_20201101.xml#99
100949,2020-10-27T01:00:00Z,10.7,3.4,0.1,0.0,OK,OK,OK,OK,false,hour_ending,SOURCE_UTC_STATED,fmi-8ab7d7d344b4,fmi_100949_20201026_20201101.xml,fmi_100949_20201026_20201101.xml#101;fmi_100949_20201026_20201101.xml#102;fmi_100949_20201026_20201101.xml#103;fmi_100949_20201026_20201101.xml#104
100949,2020-10-27T02:00:00Z,11.0,4.1,0.1,0.0,OK,OK,OK,OK,false,hour_ending,SOURCE_UTC_STATED,fmi-8ab7d7d344b4,fmi_100949_20201026_20201101.xml,fmi_100949_20201026_20201101.xml#105;fmi_100949_20201026_20201101.xml#106;fmi_100949_20201026_20201101.xml#107;fmi_100949_20201026_20201101.xml#108
100949,2020-10-27T03:00:00Z,11.1,4.4,0.0,0.0,OK,OK,OK,OK,false,hour_ending,SOURCE_UTC_STATED,fmi-8ab7d7d344b4,fmi_100949_20201026_20201101.xml,fmi_100949_20201026_20201101.xml#109;fmi_100949_20201026_20201101.xml#110;fmi_100949_20201026_20201101.xml#111;fmi_100949_20201026_20201101.xml#112
100949,2020-10-27T04:00:00Z,11.3,4.6,0.0,0.0,OK,OK,OK,OK,false,hour_ending,SOURCE_UTC_STATED,fmi-8ab7d7d344b4,fmi_100949_20201026_20201101.xml,fmi_100949_20201026_20201101.xml#113;fmi_100949_20201026_20201101.xml#114;fmi_100949_20201026_20201101.xml#115;fmi_100949_20201026_20201101.xml#116
100949,2020-10-27T05:00:00Z,11.3,4.6,0.1,0.3,OK,OK,OK,OK,false,hour_ending,SOURCE_UTC_STATED,fmi-8ab7d7d344b4,fmi_100949_20201026_20201101.xml,fmi_100949_20201026_20201101.xml#117;fmi_100949_20201026_20201101.xml#118;fmi_100949_20201026_20201101.xml#119;fmi_100949_20201026_20201101.xml#120
100949,2020-10-27T06:00:00Z,11.4,4.2,0.4,1.4,OK,OK,OK,OK,false,hour_ending,SOURCE_UTC_STATED,fmi-8ab7d7d344b4,fmi_100949_20201026_20201101.xml,fmi_100949_20201026_20201101.xml#121;fmi_100949_20201026_20201101.xml#122;fmi_100949_20201026_20201101.xml#123;fmi_100949_20201026_20201101.xml#124
100949,2020-10-27T07:00:00Z,11.6,6.3,0.8,0.0,OK,OK,OK,OK,false,hour_ending,SOURCE_UTC_STATED,fmi-8ab7d7d344b4,fmi_100949_20201026_20201101.xml,fmi_100949_20201026_20201101.xml#125;fmi_100949_20201026_20201101.xml#126;fmi_100949_20201026_20201101.xml#127;fmi_100949_20201026_20201101.xml#128
100949,2020-10-27T08:00:00Z,11.9,5.1,0.0,0.0,OK,OK,OK,OK,false,hour_ending,SOURCE_UTC_STATED,fmi-8ab7d7d344b4,fmi_100949_20201026_20201101.xml,fmi_100949_20201026_20201101.xml#129;fmi_100949_20201026_20201101.xml#130;fmi_100949_20201026_20201101.xml#131;fmi_100949_20201026_20201101.xml#132
100949,2020-10-27T09:00:00Z,12.0,4.8,0.4,0.0,OK,OK,OK,OK,false,hour_ending,SOURCE_UTC_STATED,fmi-8ab7d7d344b4,fmi_100949_20201026_20201101.xml,fmi_100949_20201026_20201101.xml#133;fmi_100949_20201026_20201101.xml#134;fmi_100949_20201026_20201101.xml#135;fmi_100949_20201026_20201101.xml#136
100949,2020-10-27T10:00:00Z,12.0,4.8,0.0,0.0,OK,OK,OK,OK,false,hour_ending,SOURCE_UTC_STATED,fmi-8ab7d7d344b4,fmi_100949_20201026_20201101.xml,fmi_100949_20201026_20201101.xml#137;fmi_100949_20201026_20201101.xml#138;fmi_100949_20201026_20201101.xml#139;fmi_100949_20201026_20201101.xml#140
100949,2020-10-27T11:00:00Z,11.5,2.9,0.0,0.0,OK,OK,OK,OK,false,hour_ending,SOURCE_UTC_STATED,fmi-8ab7d7d344b4,fmi_100949_20201026_20201101.xml,fmi_100949_20201026_20201101.xml#141;fmi_100949_20201026_20201101.xml#142;fmi_100949_20201026_20201101.xml#143;fmi_100949_20201026_20201101.xml#144
100949,2020-10-27T12:00:00Z,11.7,2.7,0.0,0.0,OK,OK,OK,OK,false,hour_ending,SOURCE_UTC_STATED,fmi-8ab7d7d344b4,fmi_100949_20201026_20201101.xml,fmi_100949_20201026_20201101.xml#145;fmi_100949_20201026_20201101.xml#146;fmi_100949_20201026_20201101.xml#147;fmi_100949_20201026_20201101.xml#148
100949,2020-10-27T13:00:00Z,11.2,2.2,0.0,0.0,OK,OK,OK,OK,false,hour_ending,SOURCE_UTC_STATED,fmi-8ab7d7d344b4,fmi_100949_20201026_20201101.xml,fmi_100949_20201026_20201101.xml#149;fmi_100949_20201026_20201101.xml#150;fmi_100949_20201026_20201101.xml#151;fmi_100949_20201026_20201101.xml#152
100949,2020-10-27T14:00:00Z,10.8,2.5,0.0,0.0,OK,OK,OK,OK,false,hour_ending,SOURCE_UTC_STATED,fmi-8ab7d7d344b4,fmi_100949_20201026_20201101.xml,fmi_100949_20201026_20201101.xml#153;fmi_100949_20201026_20201101.xml#154;fmi_100949_20201026_20201101.xml#155;fmi_100949_20201026_20201101.xml#156
100949,2020-10-27T15:00:00Z,10.5,2.4,0.0,0.0,OK,OK,OK,OK,false,hour_ending,SOURCE_UTC_STATED,fmi-8ab7d7d344b4,fmi_100949_20201026_20201101.xml,fmi_100949_20201026_20201101.xml#157;fmi_100949_20201026_20201101.xml#158;fmi_100949_20201026_20201101.xml#159;fmi_100949_20201026_20201101.xml#160
100949,2020-10-27T16:00:00Z,10.1,2.2,0.0,0.0,OK,OK,OK,OK,false,hour_ending,SOURCE_UTC_STATED,fmi-8ab7d7d344b4,fmi_100949_20201026_20201101.xml,fmi_100949_20201026_20201101.xml#161;fmi_100949_20201026_20201101.xml#162;fmi_100949_20201026_20201101.xml#163;fmi_100949_20201026_20201101.xml#164
100949,2020-10-27T17:00:00Z,10.0,2.2,0.0,0.0,OK,OK,OK,OK,false,hour_ending,SOURCE_UTC_STATED,fmi-8ab7d7d344b4,fmi_100949_20201026_20201101.xml,fmi_100949_20201026_20201101.xml#165;fmi_100949_20201026_20201101.xml#166;fmi_100949_20201026_20201101.xml#167;fmi_100949_20201026_20201101.xml#168
100949,2020-10-27T18:00:00Z,10.1,2.8,0.0,0.0,OK,OK,OK,OK,false,hour_ending,SOURCE_UTC_STATED,fmi-8ab7d7d344b4,fmi_100949_20201026_20201101.xml,fmi_100949_20201026_20201101.xml#169;fmi_100949_20201026_20201101.xml#170;fmi_100949_20201026_20201101.xml#171;fmi_100949_20201026_20201101.xml#172
100949,2020-10-27T19:00:00Z,10.6,3.4,0.0,0.0,OK,OK,OK,OK,false,hour_ending,SOURCE_UTC_STATED,fmi-8ab7d7d344b4,fmi_100949_20201026_20201101.xml,fmi_100949_20201026_20201101.xml#173;fmi_100949_20201026_20201101.xml#174;fmi_100949_20201026_20201101.xml#175;fmi_100949_20201026_20201101.xml#176
100949,2020-10-27T20:00:00Z,10.7,3.4,0.0,0.0,OK,OK,OK,OK,false,hour_ending,SOURCE_UTC_STATED,fmi-8ab7d7d344b4,fmi_100949_20201026_20201101.xml,fmi_100949_20201026_20201101.xml#177;fmi_100949_20201026_20201101.xml#178;fmi_100949_20201026_20201101.xml#179;fmi_100949_20201026_20201101.xml#180
100949,2020-10-27T21:00:00Z,10.6,3.2,0.0,0.0,OK,OK,OK,OK,false,hour_ending,SOURCE_UTC_STATED,fmi-8ab7d7d344b4,fmi_100949_20201026_20201101.xml,fmi_100949_20201026_20201101.xml#181;fmi_100949_20201026_20201101.xml#182;fmi_100949_20201026_20201101.xml#183;fmi_100949_20201026_20201101.xml#184
100949,2020-10-27T22:00:00Z,10.5,3.0,0.0,0.0,OK,OK,OK,OK,false,hour_ending,SOURCE_UTC_STATED,fmi-8ab7d7d344b4,fmi_100949_20201026_20201101.xml,fmi_100949_20201026_20201101.xml#185;fmi_100949_20201026_20201101.xml#186;fmi_100949_20201026_20201101.xml#187;fmi_100949_20201026_20201101.xml#188
100949,2020-10-27T23:00:00Z,10.6,3.8,0.2,0.0,OK,OK,OK,OK,false,hour_ending,SOURCE_UTC_STATED,fmi-8ab7d7d344b4,fmi_100949_20201026_20201101.xml,fmi_100949_20201026_20201101.xml#189;fmi_100949_20201026_20201101.xml#190;fmi_100949_20201026_20201101.xml#191;fmi_100949_20201026_20201101.xml#192
100949,2020-10-28T00:00:00Z,10.2,2.4,0.6,1.6,OK,OK,OK,OK,false,hour_ending,SOURCE_UTC_STATED,fmi-8ab7d7d344b4,fmi_100949_20201026_20201101.xml,fmi_100949_20201026_20201101.xml#193;fmi_100949_20201026_20201101.xml#194;fmi_100949_20201026_20201101.xml#195;fmi_100949_20201026_20201101.xml#196
100949,2020-10-28T01:00:00Z,9.7,4.9,0.2,1.4,OK,OK,OK,OK,false,hour_ending,SOURCE_UTC_STATED,fmi-8ab7d7d344b4,fmi_100949_20201026_20201101.xml,fmi_100949_20201026_20201101.xml#197;fmi_100949_20201026_20201101.xml#198;fmi_100949_20201026_20201101.xml#199;fmi_100949_20201026_20201101.xml#200
100949,2020-10-28T02:00:00Z,8.9,3.5,0.0,0.0,OK,OK,OK,OK,false,hour_ending,SOURCE_UTC_STATED,fmi-8ab7d7d344b4,fmi_100949_20201026_20201101.xml,fmi_100949_20201026_20201101.xml#201;fmi_100949_20201026_20201101.xml#202;fmi_100949_20201026_20201101.xml#203;fmi_100949_20201026_20201101.xml#204
100949,2020-10-28T03:00:00Z,9.1,2.9,0.0,0.0,OK,OK,OK,OK,false,hour_ending,SOURCE_UTC_STATED,fmi-8ab7d7d344b4,fmi_100949_20201026_20201101.xml,fmi_100949_20201026_20201101.xml#205;fmi_100949_20201026_20201101.xml#206;fmi_100949_20201026_20201101.xml#207;fmi_100949_20201026_20201101.xml#208
100949,2020-10-28T04:00:00Z,9.7,3.8,0.0,0.0,OK,OK,OK,OK,false,hour_ending,SOURCE_UTC_STATED,fmi-8ab7d7d344b4,fmi_100949_20201026_20201101.xml,fmi_100949_20201026_20201101.xml#209;fmi_100949_20201026_20201101.xml#210;fmi_100949_20201026_20201101.xml#211;fmi_100949_20201026_20201101.xml#212
100949,2020-10-28T05:00:00Z,9.4,3.4,0.0,0.0,OK,OK,OK,OK,false,hour_ending,SOURCE_UTC_STATED,fmi-8ab7d7d344b4,fmi_100949_20201026_20201101.xml,fmi_100949_20201026_20201101.xml#213;fmi_100949_20201026_20201101.xml#214;fmi_100949_20201026_20201101.xml#215;fmi_100949_20201026_20201101.xml#216
100949,2020-10-28T06:00:00Z,9.6,3.7,0.0,0.0,OK,OK,OK,OK,false,hour_ending,SOURCE_UTC_STATED,fmi-8ab7d7d344b4,fmi_100949_20201026_20201101.xml,fmi_100949_20201026_20201101.xml#217;fmi_100949_20201026_20201101.xml#218;fmi_100949_20201026_20201101.xml#219;fmi_100949_20201026_20201101.xml#220
100949,2020-10-28T07:00:00Z,10.1,3.6,0.0,0.0,OK,OK,OK,OK,false,hour_ending,SOURCE_UTC_STATED,fmi-8ab7d7d344b4,fmi_100949_20201026_20201101.xml,fmi_100949_20201026_20201101.xml#221;fmi_100949_20201026_20201101.xml#222;fmi_100949_20201026_20201101.xml#223;fmi_100949_20201026_20201101.xml#224
100949,2020-10-28T08:00:00Z,10.7,4.2,0.0,0.0,OK,OK,OK,OK,false,hour_ending,SOURCE_UTC_STATED,fmi-8ab7d7d344b4,fmi_100949_20201026_20201101.xml,fmi_100949_20201026_20201101.xml#225;fmi_100949_20201026_20201101.xml#226;fmi_100949_20201026_20201101.xml#227;fmi_100949_20201026_20201101.xml#228
100949,2020-10-28T09:00:00Z,10.9,4.4,0.0,0.0,OK,OK,OK,OK,false,hour_ending,SOURCE_UTC_STATED,fmi-8ab7d7d344b4,fmi_100949_20201026_20201101.xml,fmi_100949_20201026_20201101.xml#229;fmi_100949_20201026_20201101.xml#230;fmi_100949_20201026_20201101.xml#231;fmi_100949_20201026_20201101.xml#232
100949,2020-10-28T10:00:00Z,11.5,5.0,0.0,0.0,OK,OK,OK,OK,false,hour_ending,SOURCE_UTC_STATED,fmi-8ab7d7d344b4,fmi_100949_20201026_20201101.xml,fmi_100949_20201026_20201101.xml#233;fmi_100949_20201026_20201101.xml#234;fmi_100949_20201026_20201101.xml#235;fmi_100949_20201026_20201101.xml#236
100949,2020-10-28T11:00:00Z,11.4,5.7,0.0,0.0,OK,OK,OK,OK,false,hour_ending,SOURCE_UTC_STATED,fmi-8ab7d7d344b4,fmi_100949_20201026_20201101.xml,fmi_100949_20201026_20201101.xml#237;fmi_100949_20201026_20201101.xml#238;fmi_100949_20201026_20201101.xml#239;fmi_100949_20201026_20201101.xml#240
100949,2020-10-28T12:00:00Z,11.6,5.7,0.0,0.0,OK,OK,OK,OK,false,hour_ending,SOURCE_UTC_STATED,fmi-8ab7d7d344b4,fmi_100949_20201026_20201101.xml,fmi_100949_20201026_20201101.xml#241;fmi_100949_20201026_20201101.xml#242;fmi_100949_20201026_20201101.xml#243;fmi_100949_20201026_20201101.xml#244
100949,2020-10-28T13:00:00Z,11.4,5.7,0.0,0.0,OK,OK,OK,OK,false,hour_ending,SOURCE_UTC_STATED,fmi-8ab7d7d344b4,fmi_100949_20201026_20201101.xml,fmi_100949_20201026_20201101.xml#245;fmi_100949_20201026_20201101.xml#246;fmi_100949_20201026_20201101.xml#247;fmi_100949_20201026_20201101.xml#248
100949,2020-10-28T14:00:00Z,11.4,5.7,0.0,0.0,OK,OK,OK,OK,false,hour_ending,SOURCE_UTC_STATED,fmi-8ab7d7d344b4,fmi_100949_20201026_20201101.xml,fmi_100949_20201026_20201101.xml#249;fmi_100949_20201026_20201101.xml#250;fmi_100949_20201026_20201101.xml#251;fmi_100949_20201026_20201101.xml#252
100949,2020-10-28T15:00:00Z,11.3,5.7,0.0,0.0,OK,OK,OK,OK,false,hour_ending,SOURCE_UTC_STATED,fmi-8ab7d7d344b4,fmi_100949_20201026_20201101.xml,fmi_100949_20201026_20201101.xml#253;fmi_100949_20201026_20201101.xml#254;fmi_100949_20201026_20201101.xml#255;fmi_100949_20201026_20201101.xml#256
100949,2020-10-28T16:00:00Z,11.3,4.7,0.0,0.0,OK,OK,OK,OK,false,hour_ending,SOURCE_UTC_STATED,fmi-8ab7d7d344b4,fmi_100949_20201026_20201101.xml,fmi_100949_20201026_20201101.xml#257;fmi_100949_20201026_20201101.xml#258;fmi_100949_20201026_20201101.xml#259;fmi_100949_20201026_20201101.xml#260
100949,2020-10-28T17:00:00Z,11.3,5.5,0.0,0.0,OK,OK,OK,OK,false,hour_ending,SOURCE_UTC_STATED,fmi-8ab7d7d344b4,fmi_100949_20201026_20201101.xml,fmi_100949_20201026_20201101.xml#261;fmi_100949_20201026_20201101.xml#262;fmi_100949_20201026_20201101.xml#263;fmi_100949_20201026_20201101.xml#264
100949,2020-10-28T18:00:00Z,10.0,6.4,2.2,0.9,OK,OK,OK,OK,false,hour_ending,SOURCE_UTC_STATED,fmi-8ab7d7d344b4,fmi_100949_20201026_20201101.xml,fmi_100949_20201026_20201101.xml#265;fmi_100949_20201026_20201101.xml#266;fmi_100949_20201026_20201101.xml#267;fmi_100949_20201026_20201101.xml#268
100949,2020-10-28T19:00:00Z,10.0,4.6,0.3,0.1,OK,OK,OK,OK,false,hour_ending,SOURCE_UTC_STATED,fmi-8ab7d7d344b4,fmi_100949_20201026_20201101.xml,fmi_100949_20201026_20201101.xml#269;fmi_100949_20201026_20201101.xml#270;fmi_100949_20201026_20201101.xml#271;fmi_100949_20201026_20201101.xml#272
100949,2020-10-28T20:00:00Z,10.1,3.7,0.5,0.6,OK,OK,OK,OK,false,hour_ending,SOURCE_UTC_STATED,fmi-8ab7d7d344b4,fmi_100949_20201026_20201101.xml,fmi_100949_20201026_20201101.xml#273;fmi_100949_20201026_20201101.xml#274;fmi_100949_20201026_20201101.xml#275;fmi_100949_20201026_20201101.xml#276
100949,2020-10-28T21:00:00Z,10.1,3.0,0.0,0.0,OK,OK,OK,OK,false,hour_ending,SOURCE_UTC_STATED,fmi-8ab7d7d344b4,fmi_100949_20201026_20201101.xml,fmi_100949_20201026_20201101.xml#277;fmi_100949_20201026_20201101.xml#278;fmi_100949_20201026_20201101.xml#279;fmi_100949_20201026_20201101.xml#280
100949,2020-10-28T22:00:00Z,9.7,2.9,0.0,0.0,OK,OK,OK,OK,false,hour_ending,SOURCE_UTC_STATED,fmi-8ab7d7d344b4,fmi_100949_20201026_20201101.xml,fmi_100949_20201026_20201101.xml#281;fmi_100949_20201026_20201101.xml#282;fmi_100949_20201026_20201101.xml#283;fmi_100949_20201026_20201101.xml#284
100949,2020-10-28T23:00:00Z,9.6,2.0,0.0,0.0,OK,OK,OK,OK,false,hour_ending,SOURCE_UTC_STATED,fmi-8ab7d7d344b4,fmi_100949_20201026_20201101.xml,fmi_100949_20201026_20201101.xml#285;fmi_100949_20201026_20201101.xml#286;fmi_100949_20201026_20201101.xml#287;fmi_100949_20201026_20201101.xml#288
100949,2020-10-29T00:00:00Z,9.9,2.6,0.0,0.0,OK,OK,OK,OK,false,hour_ending,SOURCE_UTC_STATED,fmi-8ab7d7d344b4,fmi_100949_20201026_20201101.xml,fmi_100949_20201026_20201101.xml#289;fmi_100949_20201026_20201101.xml#290;fmi_100949_20201026_20201101.xml#291;fmi_100949_20201026_20201101.xml#292
100949,2020-10-29T01:00:00Z,9.6,3.0,0.0,0.0,OK,OK,OK,OK,false,hour_ending,SOURCE_UTC_STATED,fmi-8ab7d7d344b4,fmi_100949_20201026_20201101.xml,fmi_100949_20201026_20201101.xml#293;fmi_100949_20201026_20201101.xml#294;fmi_100949_20201026_20201101.xml#295;fmi_100949_20201026_20201101.xml#296
100949,2020-10-29T02:00:00Z,9.6,2.7,0.0,0.0,OK,OK,OK,OK,false,hour_ending,SOURCE_UTC_STATED,fmi-8ab7d7d344b4,fmi_100949_20201026_20201101.xml,fmi_100949_20201026_20201101.xml#297;fmi_100949_20201026_20201101.xml#298;fmi_100949_20201026_20201101.xml#299;fmi_100949_20201026_20201101.xml#300
100949,2020-10-29T03:00:00Z,9.8,3.0,0.0,0.0,OK,OK,OK,OK,false,hour_ending,SOURCE_UTC_STATED,fmi-8ab7d7d344b4,fmi_100949_20201026_20201101.xml,fmi_100949_20201026_20201101.xml#301;fmi_100949_20201026_20201101.xml#302;fmi_100949_20201026_20201101.xml#303;fmi_100949_20201026_20201101.xml#304
100949,2020-10-29T04:00:00Z,9.9,3.3,0.0,0.0,OK,OK,OK,OK,false,hour_ending,SOURCE_UTC_STATED,fmi-8ab7d7d344b4,fmi_100949_20201026_20201101.xml,fmi_100949_20201026_20201101.xml#305;fmi_100949_20201026_20201101.xml#306;fmi_100949_20201026_20201101.xml#307;fmi_100949_20201026_20201101.xml#308
100949,2020-10-29T05:00:00Z,9.7,3.4,0.0,0.0,OK,OK,OK,OK,false,hour_ending,SOURCE_UTC_STATED,fmi-8ab7d7d344b4,fmi_100949_20201026_20201101.xml,fmi_100949_20201026_20201101.xml#309;fmi_100949_20201026_20201101.xml#310;fmi_100949_20201026_20201101.xml#311;fmi_100949_20201026_20201101.xml#312
100949,2020-10-29T06:00:00Z,9.9,4.0,0.0,0.0,OK,OK,OK,OK,false,hour_ending,SOURCE_UTC_STATED,fmi-8ab7d7d344b4,fmi_100949_20201026_20201101.xml,fmi_100949_20201026_20201101.xml#313;fmi_100949_20201026_20201101.xml#314;fmi_100949_20201026_20201101.xml#315;fmi_100949_20201026_20201101.xml#316
100949,2020-10-29T07:00:00Z,10.1,3.9,0.0,0.0,OK,OK,OK,OK,false,hour_ending,SOURCE_UTC_STATED,fmi-8ab7d7d344b4,fmi_100949_20201026_20201101.xml,fmi_100949_20201026_20201101.xml#317;fmi_100949_20201026_20201101.xml#318;fmi_100949_20201026_20201101.xml#319;fmi_100949_20201026_20201101.xml#320
100949,2020-10-29T08:00:00Z,10.4,4.3,0.0,0.0,OK,OK,OK,OK,false,hour_ending,SOURCE_UTC_STATED,fmi-8ab7d7d344b4,fmi_100949_20201026_20201101.xml,fmi_100949_20201026_20201101.xml#321;fmi_100949_20201026_20201101.xml#322;fmi_100949_20201026_20201101.xml#323;fmi_100949_20201026_20201101.xml#324
100949,2020-10-29T09:00:00Z,10.8,3.9,0.0,0.0,OK,OK,OK,OK,false,hour_ending,SOURCE_UTC_STATED,fmi-8ab7d7d344b4,fmi_100949_20201026_20201101.xml,fmi_100949_20201026_20201101.xml#325;fmi_100949_20201026_20201101.xml#326;fmi_100949_20201026_20201101.xml#327;fmi_100949_20201026_20201101.xml#328
100949,2020-10-29T10:00:00Z,11.4,3.7,0.0,0.0,OK,OK,OK,OK,false,hour_ending,SOURCE_UTC_STATED,fmi-8ab7d7d344b4,fmi_100949_20201026_20201101.xml,fmi_100949_20201026_20201101.xml#329;fmi_100949_20201026_20201101.xml#330;fmi_100949_20201026_20201101.xml#331;fmi_100949_20201026_20201101.xml#332
100949,2020-10-29T11:00:00Z,11.4,4.1,0.0,0.0,OK,OK,OK,OK,false,hour_ending,SOURCE_UTC_STATED,fmi-8ab7d7d344b4,fmi_100949_20201026_20201101.xml,fmi_100949_20201026_20201101.xml#333;fmi_100949_20201026_20201101.xml#334;fmi_100949_20201026_20201101.xml#335;fmi_100949_20201026_20201101.xml#336
100949,2020-10-29T12:00:00Z,11.8,4.5,0.0,0.0,OK,OK,OK,OK,false,hour_ending,SOURCE_UTC_STATED,fmi-8ab7d7d344b4,fmi_100949_20201026_20201101.xml,fmi_100949_20201026_20201101.xml#337;fmi_100949_20201026_20201101.xml#338;fmi_100949_20201026_20201101.xml#339;fmi_100949_20201026_20201101.xml#340
100949,2020-10-29T13:00:00Z,11.0,4.2,0.0,0.0,OK,OK,OK,OK,false,hour_ending,SOURCE_UTC_STATED,fmi-8ab7d7d344b4,fmi_100949_20201026_20201101.xml,fmi_100949_20201026_20201101.xml#341;fmi_100949_20201026_20201101.xml#342;fmi_100949_20201026_20201101.xml#343;fmi_100949_20201026_20201101.xml#344
100949,2020-10-29T14:00:00Z,10.7,2.7,0.0,0.0,OK,OK,OK,OK,false,hour_ending,SOURCE_UTC_STATED,fmi-8ab7d7d344b4,fmi_100949_20201026_20201101.xml,fmi_100949_20201026_20201101.xml#345;fmi_100949_20201026_20201101.xml#346;fmi_100949_20201026_20201101.xml#347;fmi_100949_20201026_20201101.xml#348
100949,2020-10-29T15:00:00Z,8.9,1.3,0.0,0.0,OK,OK,OK,OK,false,hour_ending,SOURCE_UTC_STATED,fmi-8ab7d7d344b4,fmi_100949_20201026_20201101.xml,fmi_100949_20201026_20201101.xml#349;fmi_100949_20201026_20201101.xml#350;fmi_100949_20201026_20201101.xml#351;fmi_100949_20201026_20201101.xml#352
100949,2020-10-29T16:00:00Z,8.4,0.7,0.0,0.0,OK,OK,OK,OK,false,hour_ending,SOURCE_UTC_STATED,fmi-8ab7d7d344b4,fmi_100949_20201026_20201101.xml,fmi_100949_20201026_20201101.xml#353;fmi_100949_20201026_20201101.xml#354;fmi_100949_20201026_20201101.xml#355;fmi_100949_20201026_20201101.xml#356
100949,2020-10-29T17:00:00Z,8.3,0.0,0.0,0.0,OK,OK,OK,OK,false,hour_ending,SOURCE_UTC_STATED,fmi-8ab7d7d344b4,fmi_100949_20201026_20201101.xml,fmi_100949_20201026_20201101.xml#357;fmi_100949_20201026_20201101.xml#358;fmi_100949_20201026_20201101.xml#359;fmi_100949_20201026_20201101.xml#360
100949,2020-10-29T18:00:00Z,8.6,0.7,0.0,0.0,OK,OK,OK,OK,false,hour_ending,SOURCE_UTC_STATED,fmi-8ab7d7d344b4,fmi_100949_20201026_20201101.xml,fmi_100949_20201026_20201101.xml#361;fmi_100949_20201026_20201101.xml#362;fmi_100949_20201026_20201101.xml#363;fmi_100949_20201026_20201101.xml#364
100949,2020-10-29T19:00:00Z,9.0,1.1,0.0,0.0,OK,OK,OK,OK,false,hour_ending,SOURCE_UTC_STATED,fmi-8ab7d7d344b4,fmi_100949_20201026_20201101.xml,fmi_100949_20201026_20201101.xml#365;fmi_100949_20201026_20201101.xml#366;fmi_100949_20201026_20201101.xml#367;fmi_100949_20201026_20201101.xml#368
100949,2020-10-29T20:00:00Z,9.5,1.1,0.0,0.0,OK,OK,OK,OK,false,hour_ending,SOURCE_UTC_STATED,fmi-8ab7d7d344b4,fmi_100949_20201026_20201101.xml,fmi_100949_20201026_20201101.xml#369;fmi_100949_20201026_20201101.xml#370;fmi_100949_20201026_20201101.xml#371;fmi_100949_20201026_20201101.xml#372
100949,2020-10-29T21:00:00Z,10.0,1.5,0.3,0.4,OK,OK,OK,OK,false,hour_ending,SOURCE_UTC_STATED,fmi-8ab7d7d344b4,fmi_100949_20201026_20201101.xml,fmi_100949_20201026_20201101.xml#373;fmi_100949_20201026_20201101.xml#374;fmi_100949_20201026_20201101.xml#375;fmi_100949_20201026_20201101.xml#376
100949,2020-10-29T22:00:00Z,9.7,1.4,0.0,0.0,OK,OK,OK,OK,false,hour_ending,SOURCE_UTC_STATED,fmi-8ab7d7d344b4,fmi_100949_20201026_20201101.xml,fmi_100949_20201026_20201101.xml#377;fmi_100949_20201026_20201101.xml#378;fmi_100949_20201026_20201101.xml#379;fmi_100949_20201026_20201101.xml#380
100949,2020-10-29T23:00:00Z,9.0,1.4,0.0,0.0,OK,OK,OK,OK,false,hour_ending,SOURCE_UTC_STATED,fmi-8ab7d7d344b4,fmi_100949_20201026_20201101.xml,fmi_100949_20201026_20201101.xml#381;fmi_100949_20201026_20201101.xml#382;fmi_100949_20201026_20201101.xml#383;fmi_100949_20201026_20201101.xml#384
100949,2020-10-30T00:00:00Z,8.0,1.5,0.0,0.0,OK,OK,OK,OK,false,hour_ending,SOURCE_UTC_STATED,fmi-8ab7d7d344b4,fmi_100949_20201026_20201101.xml,fmi_100949_20201026_20201101.xml#385;fmi_100949_20201026_20201101.xml#386;fmi_100949_20201026_20201101.xml#387;fmi_100949_20201026_20201101.xml#388
100949,2020-10-30T01:00:00Z,7.5,0.6,0.0,0.0,OK,OK,OK,OK,false,hour_ending,SOURCE_UTC_STATED,fmi-8ab7d7d344b4,fmi_100949_20201026_20201101.xml,fmi_100949_20201026_20201101.xml#389;fmi_100949_20201026_20201101.xml#390;fmi_100949_20201026_20201101.xml#391;fmi_100949_20201026_20201101.xml#392
100949,2020-10-30T02:00:00Z,6.6,0.5,0.0,0.0,OK,OK,OK,OK,false,hour_ending,SOURCE_UTC_STATED,fmi-8ab7d7d344b4,fmi_100949_20201026_20201101.xml,fmi_100949_20201026_20201101.xml#393;fmi_100949_20201026_20201101.xml#394;fmi_100949_20201026_20201101.xml#395;fmi_100949_20201026_20201101.xml#396
100949,2020-10-30T03:00:00Z,6.8,0.0,0.0,0.0,OK,OK,OK,OK,false,hour_ending,SOURCE_UTC_STATED,fmi-8ab7d7d344b4,fmi_100949_20201026_20201101.xml,fmi_100949_20201026_20201101.xml#397;fmi_100949_20201026_20201101.xml#398;fmi_100949_20201026_20201101.xml#399;fmi_100949_20201026_20201101.xml#400
100949,2020-10-30T04:00:00Z,6.3,0.5,0.0,0.0,OK,OK,OK,OK,false,hour_ending,SOURCE_UTC_STATED,fmi-8ab7d7d344b4,fmi_100949_20201026_20201101.xml,fmi_100949_20201026_20201101.xml#401;fmi_100949_20201026_20201101.xml#402;fmi_100949_20201026_20201101.xml#403;fmi_100949_20201026_20201101.xml#404
100949,2020-10-30T05:00:00Z,6.4,0.0,0.0,0.0,OK,OK,OK,OK,false,hour_ending,SOURCE_UTC_STATED,fmi-8ab7d7d344b4,fmi_100949_20201026_20201101.xml,fmi_100949_20201026_20201101.xml#405;fmi_100949_20201026_20201101.xml#406;fmi_100949_20201026_20201101.xml#407;fmi_100949_20201026_20201101.xml#408
100949,2020-10-30T06:00:00Z,6.1,0.0,0.0,0.0,OK,OK,OK,OK,false,hour_ending,SOURCE_UTC_STATED,fmi-8ab7d7d344b4,fmi_100949_20201026_20201101.xml,fmi_100949_20201026_20201101.xml#409;fmi_100949_20201026_20201101.xml#410;fmi_100949_20201026_20201101.xml#411;fmi_100949_20201026_20201101.xml#412
100949,2020-10-30T07:00:00Z,7.4,0.7,0.0,0.0,OK,OK,OK,OK,false,hour_ending,SOURCE_UTC_STATED,fmi-8ab7d7d344b4,fmi_100949_20201026_20201101.xml,fmi_100949_20201026_20201101.xml#413;fmi_100949_20201026_20201101.xml#414;fmi_100949_20201026_20201101.xml#415;fmi_100949_20201026_20201101.xml#416
100949,2020-10-30T08:00:00Z,7.9,1.5,0.0,0.0,OK,OK,OK,OK,false,hour_ending,SOURCE_UTC_STATED,fmi-8ab7d7d344b4,fmi_100949_20201026_20201101.xml,fmi_100949_20201026_20201101.xml#417;fmi_100949_20201026_20201101.xml#418;fmi_100949_20201026_20201101.xml#419;fmi_100949_20201026_20201101.xml#420
100949,2020-10-30T09:00:00Z,8.5,0.6,0.0,0.0,OK,OK,OK,OK,false,hour_ending,SOURCE_UTC_STATED,fmi-8ab7d7d344b4,fmi_100949_20201026_20201101.xml,fmi_100949_20201026_20201101.xml#421;fmi_100949_20201026_20201101.xml#422;fmi_100949_20201026_20201101.xml#423;fmi_100949_20201026_20201101.xml#424
100949,2020-10-30T10:00:00Z,9.2,0.7,0.0,0.0,OK,OK,OK,OK,false,hour_ending,SOURCE_UTC_STATED,fmi-8ab7d7d344b4,fmi_100949_20201026_20201101.xml,fmi_100949_20201026_20201101.xml#425;fmi_100949_20201026_20201101.xml#426;fmi_100949_20201026_20201101.xml#427;fmi_100949_20201026_20201101.xml#428
100949,2020-10-30T11:00:00Z,9.6,1.6,0.0,0.0,OK,OK,OK,OK,false,hour_ending,SOURCE_UTC_STATED,fmi-8ab7d7d344b4,fmi_100949_20201026_20201101.xml,fmi_100949_20201026_20201101.xml#429;fmi_100949_20201026_20201101.xml#430;fmi_100949_20201026_20201101.xml#431;fmi_100949_20201026_20201101.xml#432
100949,2020-10-30T12:00:00Z,9.6,1.4,0.0,0.0,OK,OK,OK,OK,false,hour_ending,SOURCE_UTC_STATED,fmi-8ab7d7d344b4,fmi_100949_20201026_20201101.xml,fmi_100949_20201026_20201101.xml#433;fmi_100949_20201026_20201101.xml#434;fmi_100949_20201026_20201101.xml#435;fmi_100949_20201026_20201101.xml#436
100949,2020-10-30T13:00:00Z,9.7,0.0,0.0,0.0,OK,OK,OK,OK,false,hour_ending,SOURCE_UTC_STATED,fmi-8ab7d7d344b4,fmi_100949_20201026_20201101.xml,fmi_100949_20201026_20201101.xml#437;fmi_100949_20201026_20201101.xml#438;fmi_100949_20201026_20201101.xml#439;fmi_100949_20201026_20201101.xml#440
100949,2020-10-30T14:00:00Z,9.5,1.9,0.0,0.0,OK,OK,OK,OK,false,hour_ending,SOURCE_UTC_STATED,fmi-8ab7d7d344b4,fmi_100949_20201026_20201101.xml,fmi_100949_20201026_20201101.xml#441;fmi_100949_20201026_20201101.xml#442;fmi_100949_20201026_20201101.xml#443;fmi_100949_20201026_20201101.xml#444
100949,2020-10-30T15:00:00Z,9.0,2.1,0.0,0.0,OK,OK,OK,OK,false,hour_ending,SOURCE_UTC_STATED,fmi-8ab7d7d344b4,fmi_100949_20201026_20201101.xml,fmi_100949_20201026_20201101.xml#445;fmi_100949_20201026_20201101.xml#446;fmi_100949_20201026_20201101.xml#447;fmi_100949_20201026_20201101.xml#448
100949,2020-10-30T16:00:00Z,8.8,0.9,0.0,0.0,OK,OK,OK,OK,false,hour_ending,SOURCE_UTC_STATED,fmi-8ab7d7d344b4,fmi_100949_20201026_20201101.xml,fmi_100949_20201026_20201101.xml#449;fmi_100949_20201026_20201101.xml#450;fmi_100949_20201026_20201101.xml#451;fmi_100949_20201026_20201101.xml#452
100949,2020-10-30T17:00:00Z,7.2,1.3,0.0,0.0,OK,OK,OK,OK,false,hour_ending,SOURCE_UTC_STATED,fmi-8ab7d7d344b4,fmi_100949_20201026_20201101.xml,fmi_100949_20201026_20201101.xml#453;fmi_100949_20201026_20201101.xml#454;fmi_100949_20201026_20201101.xml#455;fmi_100949_20201026_20201101.xml#456
100949,2020-10-30T18:00:00Z,5.9,0.7,0.0,0.0,OK,OK,OK,OK,false,hour_ending,SOURCE_UTC_STATED,fmi-8ab7d7d344b4,fmi_100949_20201026_20201101.xml,fmi_100949_20201026_20201101.xml#457;fmi_100949_20201026_20201101.xml#458;fmi_100949_20201026_20201101.xml#459;fmi_100949_20201026_20201101.xml#460
100949,2020-10-30T19:00:00Z,6.1,0.9,0.0,0.0,OK,OK,OK,OK,false,hour_ending,SOURCE_UTC_STATED,fmi-8ab7d7d344b4,fmi_100949_20201026_20201101.xml,fmi_100949_20201026_20201101.xml#461;fmi_100949_20201026_20201101.xml#462;fmi_100949_20201026_20201101.xml#463;fmi_100949_20201026_20201101.xml#464
100949,2020-10-30T20:00:00Z,5.2,1.3,0.0,0.0,OK,OK,OK,OK,false,hour_ending,SOURCE_UTC_STATED,fmi-8ab7d7d344b4,fmi_100949_20201026_20201101.xml,fmi_100949_20201026_20201101.xml#465;fmi_100949_20201026_20201101.xml#466;fmi_100949_20201026_20201101.xml#467;fmi_100949_20201026_20201101.xml#468
100949,2020-10-30T21:00:00Z,5.0,1.0,0.0,0.0,OK,OK,OK,OK,false,hour_ending,SOURCE_UTC_STATED,fmi-8ab7d7d344b4,fmi_100949_20201026_20201101.xml,fmi_100949_20201026_20201101.xml#469;fmi_100949_20201026_20201101.xml#470;fmi_100949_20201026_20201101.xml#471;fmi_100949_20201026_20201101.xml#472
100949,2020-10-30T22:00:00Z,5.6,0.8,0.0,0.0,OK,OK,OK,OK,false,hour_ending,SOURCE_UTC_STATED,fmi-8ab7d7d344b4,fmi_100949_20201026_20201101.xml,fmi_100949_20201026_20201101.xml#473;fmi_100949_20201026_20201101.xml#474;fmi_100949_20201026_20201101.xml#475;fmi_100949_20201026_20201101.xml#476
100949,2020-10-30T23:00:00Z,5.5,0.8,0.0,0.0,OK,OK,OK,OK,false,hour_ending,SOURCE_UTC_STATED,fmi-8ab7d7d344b4,fmi_100949_20201026_20201101.xml,fmi_100949_20201026_20201101.xml#477;fmi_100949_20201026_20201101.xml#478;fmi_100949_20201026_20201101.xml#479;fmi_100949_20201026_20201101.xml#480
100949,2020-10-31T00:00:00Z,5.9,0.9,0.0,0.0,OK,OK,OK,OK,false,hour_ending,SOURCE_UTC_STATED,fmi-8ab7d7d344b4,fmi_100949_20201026_20201101.xml,fmi_100949_20201026_20201101.xml#481;fmi_100949_20201026_20201101.xml#482;fmi_100949_20201026_20201101.xml#483;fmi_100949_20201026_20201101.xml#484
100949,2020-10-31T01:00:00Z,6.2,0.9,0.0,0.0,OK,OK,OK,OK,false,hour_ending,SOURCE_UTC_STATED,fmi-8ab7d7d344b4,fmi_100949_20201026_20201101.xml,fmi_100949_20201026_20201101.xml#485;fmi_100949_20201026_20201101.xml#486;fmi_100949_20201026_20201101.xml#487;fmi_100949_20201026_20201101.xml#488
100949,2020-10-31T02:00:00Z,6.6,0.0,0.0,0.0,OK,OK,OK,OK,false,hour_ending,SOURCE_UTC_STATED,fmi-8ab7d7d344b4,fmi_100949_20201026_20201101.xml,fmi_100949_20201026_20201101.xml#489;fmi_100949_20201026_20201101.xml#490;fmi_100949_20201026_20201101.xml#491;fmi_100949_20201026_20201101.xml#492
100949,2020-10-31T03:00:00Z,6.7,0.0,0.0,0.0,OK,OK,OK,OK,false,hour_ending,SOURCE_UTC_STATED,fmi-8ab7d7d344b4,fmi_100949_20201026_20201101.xml,fmi_100949_20201026_20201101.xml#493;fmi_100949_20201026_20201101.xml#494;fmi_100949_20201026_20201101.xml#495;fmi_100949_20201026_20201101.xml#496
100949,2020-10-31T04:00:00Z,7.1,1.3,0.0,0.0,OK,OK,OK,OK,false,hour_ending,SOURCE_UTC_STATED,fmi-8ab7d7d344b4,fmi_100949_20201026_20201101.xml,fmi_100949_20201026_20201101.xml#497;fmi_100949_20201026_20201101.xml#498;fmi_100949_20201026_20201101.xml#499;fmi_100949_20201026_20201101.xml#500
100949,2020-10-31T05:00:00Z,7.9,1.4,0.0,0.0,OK,OK,OK,OK,false,hour_ending,SOURCE_UTC_STATED,fmi-8ab7d7d344b4,fmi_100949_20201026_20201101.xml,fmi_100949_20201026_20201101.xml#501;fmi_100949_20201026_20201101.xml#502;fmi_100949_20201026_20201101.xml#503;fmi_100949_20201026_20201101.xml#504
100949,2020-10-31T06:00:00Z,8.1,2.0,0.0,0.0,OK,OK,OK,OK,false,hour_ending,SOURCE_UTC_STATED,fmi-8ab7d7d344b4,fmi_100949_20201026_20201101.xml,fmi_100949_20201026_20201101.xml#505;fmi_100949_20201026_20201101.xml#506;fmi_100949_20201026_20201101.xml#507;fmi_100949_20201026_20201101.xml#508
100949,2020-10-31T07:00:00Z,8.4,1.4,0.0,0.0,OK,OK,OK,OK,false,hour_ending,SOURCE_UTC_STATED,fmi-8ab7d7d344b4,fmi_100949_20201026_20201101.xml,fmi_100949_20201026_20201101.xml#509;fmi_100949_20201026_20201101.xml#510;fmi_100949_20201026_20201101.xml#511;fmi_100949_20201026_20201101.xml#512
100949,2020-10-31T08:00:00Z,8.7,2.2,0.0,0.0,OK,OK,OK,OK,false,hour_ending,SOURCE_UTC_STATED,fmi-8ab7d7d344b4,fmi_100949_20201026_20201101.xml,fmi_100949_20201026_20201101.xml#513;fmi_100949_20201026_20201101.xml#514;fmi_100949_20201026_20201101.xml#515;fmi_100949_20201026_20201101.xml#516
100949,2020-10-31T09:00:00Z,8.9,2.5,0.0,0.0,OK,OK,OK,OK,false,hour_ending,SOURCE_UTC_STATED,fmi-8ab7d7d344b4,fmi_100949_20201026_20201101.xml,fmi_100949_20201026_20201101.xml#517;fmi_100949_20201026_20201101.xml#518;fmi_100949_20201026_20201101.xml#519;fmi_100949_20201026_20201101.xml#520
100949,2020-10-31T10:00:00Z,9.1,1.5,0.0,0.0,OK,OK,OK,OK,false,hour_ending,SOURCE_UTC_STATED,fmi-8ab7d7d344b4,fmi_100949_20201026_20201101.xml,fmi_100949_20201026_20201101.xml#521;fmi_100949_20201026_20201101.xml#522;fmi_100949_20201026_20201101.xml#523;fmi_100949_20201026_20201101.xml#524
100949,2020-10-31T11:00:00Z,9.7,3.3,0.0,0.0,OK,OK,OK,OK,false,hour_ending,SOURCE_UTC_STATED,fmi-8ab7d7d344b4,fmi_100949_20201026_20201101.xml,fmi_100949_20201026_20201101.xml#525;fmi_100949_20201026_20201101.xml#526;fmi_100949_20201026_20201101.xml#527;fmi_100949_20201026_20201101.xml#528
100949,2020-10-31T12:00:00Z,9.3,3.5,0.0,0.0,OK,OK,OK,OK,false,hour_ending,SOURCE_UTC_STATED,fmi-8ab7d7d344b4,fmi_100949_20201026_20201101.xml,fmi_100949_20201026_20201101.xml#529;fmi_100949_20201026_20201101.xml#530;fmi_100949_20201026_20201101.xml#531;fmi_100949_20201026_20201101.xml#532
100949,2020-10-31T13:00:00Z,8.9,3.9,0.0,0.0,OK,OK,OK,OK,false,hour_ending,SOURCE_UTC_STATED,fmi-8ab7d7d344b4,fmi_100949_20201026_20201101.xml,fmi_100949_20201026_20201101.xml#533;fmi_100949_20201026_20201101.xml#534;fmi_100949_20201026_20201101.xml#535;fmi_100949_20201026_20201101.xml#536
100949,2020-10-31T14:00:00Z,8.3,3.9,0.0,0.0,OK,OK,OK,OK,false,hour_ending,SOURCE_UTC_STATED,fmi-8ab7d7d344b4,fmi_100949_20201026_20201101.xml,fmi_100949_20201026_20201101.xml#537;fmi_100949_20201026_20201101.xml#538;fmi_100949_20201026_20201101.xml#539;fmi_100949_20201026_20201101.xml#540
100949,2020-10-31T15:00:00Z,8.0,4.6,0.0,0.0,OK,OK,OK,OK,false,hour_ending,SOURCE_UTC_STATED,fmi-8ab7d7d344b4,fmi_100949_20201026_20201101.xml,fmi_100949_20201026_20201101.xml#541;fmi_100949_20201026_20201101.xml#542;fmi_100949_20201026_20201101.xml#543;fmi_100949_20201026_20201101.xml#544
100949,2020-10-31T16:00:00Z,7.9,4.2,0.0,0.0,OK,OK,OK,OK,false,hour_ending,SOURCE_UTC_STATED,fmi-8ab7d7d344b4,fmi_100949_20201026_20201101.xml,fmi_100949_20201026_20201101.xml#545;fmi_100949_20201026_20201101.xml#546;fmi_100949_20201026_20201101.xml#547;fmi_100949_20201026_20201101.xml#548
100949,2020-10-31T17:00:00Z,7.7,3.6,0.0,0.0,OK,OK,OK,OK,false,hour_ending,SOURCE_UTC_STATED,fmi-8ab7d7d344b4,fmi_100949_20201026_20201101.xml,fmi_100949_20201026_20201101.xml#549;fmi_100949_20201026_20201101.xml#550;fmi_100949_20201026_20201101.xml#551;fmi_100949_20201026_20201101.xml#552
100949,2020-10-31T18:00:00Z,7.9,3.8,0.0,0.0,OK,OK,OK,OK,false,hour_ending,SOURCE_UTC_STATED,fmi-8ab7d7d344b4,fmi_100949_20201026_20201101.xml,fmi_100949_20201026_20201101.xml#553;fmi_100949_20201026_20201101.xml#554;fmi_100949_20201026_20201101.xml#555;fmi_100949_20201026_20201101.xml#556
100949,2020-10-31T19:00:00Z,8.3,3.8,0.0,0.0,OK,OK,OK,OK,false,hour_ending,SOURCE_UTC_STATED,fmi-8ab7d7d344b4,fmi_100949_20201026_20201101.xml,fmi_100949_20201026_20201101.xml#557;fmi_100949_20201026_20201101.xml#558;fmi_100949_20201026_20201101.xml#559;fmi_100949_20201026_20201101.xml#560
100949,2020-10-31T20:00:00Z,8.7,2.8,0.3,0.6,OK,OK,OK,OK,false,hour_ending,SOURCE_UTC_STATED,fmi-8ab7d7d344b4,fmi_100949_20201026_20201101.xml,fmi_100949_20201026_20201101.xml#561;fmi_100949_20201026_20201101.xml#562;fmi_100949_20201026_20201101.xml#563;fmi_100949_20201026_20201101.xml#564
100949,2020-10-31T21:00:00Z,9.3,3.9,0.5,0.9,OK,OK,OK,OK,false,hour_ending,SOURCE_UTC_STATED,fmi-8ab7d7d344b4,fmi_100949_20201026_20201101.xml,fmi_100949_20201026_20201101.xml#565;fmi_100949_20201026_20201101.xml#566;fmi_100949_20201026_20201101.xml#567;fmi_100949_20201026_20201101.xml#568
100949,2020-10-31T22:00:00Z,9.5,3.1,0.0,0.0,OK,OK,OK,OK,false,hour_ending,SOURCE_UTC_STATED,fmi-8ab7d7d344b4,fmi_100949_20201026_20201101.xml,fmi_100949_20201026_20201101.xml#569;fmi_100949_20201026_20201101.xml#570;fmi_100949_20201026_20201101.xml#571;fmi_100949_20201026_20201101.xml#572
100949,2020-10-31T23:00:00Z,9.5,3.5,0.1,0.8,OK,OK,OK,OK,false,hour_ending,SOURCE_UTC_STATED,fmi-8ab7d7d344b4,fmi_100949_20201026_20201101.xml,fmi_100949_20201026_20201101.xml#573;fmi_100949_20201026_20201101.xml#574;fmi_100949_20201026_20201101.xml#575;fmi_100949_20201026_20201101.xml#576
100949,2020-11-01T00:00:00Z,9.4,3.4,0.0,0.0,OK,OK,OK,OK,false,hour_ending,SOURCE_UTC_STATED,fmi-8ab7d7d344b4,fmi_100949_20201026_20201101.xml,fmi_100949_20201026_20201101.xml#577;fmi_100949_20201026_20201101.xml#578;fmi_100949_20201026_20201101.xml#579;fmi_100949_20201026_20201101.xml#580
100949,2020-11-01T01:00:00Z,9.4,4.0,0.0,0.0,OK,OK,OK,OK,false,hour_ending,SOURCE_UTC_STATED,fmi-8ab7d7d344b4,fmi_100949_20201026_20201101.xml,fmi_100949_20201026_20201101.xml#581;fmi_100949_20201026_20201101.xml#582;fmi_100949_20201026_20201101.xml#583;fmi_100949_20201026_20201101.xml#584
100949,2020-11-01T02:00:00Z,9.2,2.7,0.0,0.0,OK,OK,OK,OK,false,hour_ending,SOURCE_UTC_STATED,fmi-8ab7d7d344b4,fmi_100949_20201026_20201101.xml,fmi_100949_20201026_20201101.xml#585;fmi_100949_20201026_20201101.xml#586;fmi_100949_20201026_20201101.xml#587;fmi_100949_20201026_20201101.xml#588
100949,2020-11-01T03:00:00Z,9.4,3.6,0.0,0.0,OK,OK,OK,OK,false,hour_ending,SOURCE_UTC_STATED,fmi-8ab7d7d344b4,fmi_100949_20201026_20201101.xml,fmi_100949_20201026_20201101.xml#589;fmi_100949_20201026_20201101.xml#590;fmi_100949_20201026_20201101.xml#591;fmi_100949_20201026_20201101.xml#592
100949,2020-11-01T04:00:00Z,9.1,4.0,0.0,0.0,OK,OK,OK,OK,false,hour_ending,SOURCE_UTC_STATED,fmi-8ab7d7d344b4,fmi_100949_20201026_20201101.xml,fmi_100949_20201026_20201101.xml#593;fmi_100949_20201026_20201101.xml#594;fmi_100949_20201026_20201101.xml#595;fmi_100949_20201026_20201101.xml#596
100949,2020-11-01T05:00:00Z,9.1,4.8,0.0,0.0,OK,OK,OK,OK,false,hour_ending,SOURCE_UTC_STATED,fmi-8ab7d7d344b4,fmi_100949_20201026_20201101.xml,fmi_100949_20201026_20201101.xml#597;fmi_100949_20201026_20201101.xml#598;fmi_100949_20201026_20201101.xml#599;fmi_100949_20201026_20201101.xml#600
100949,2020-11-01T06:00:00Z,9.2,4.3,0.0,0.0,OK,OK,OK,OK,false,hour_ending,SOURCE_UTC_STATED,fmi-8ab7d7d344b4,fmi_100949_20201026_20201101.xml,fmi_100949_20201026_20201101.xml#601;fmi_100949_20201026_20201101.xml#602;fmi_100949_20201026_20201101.xml#603;fmi_100949_20201026_20201101.xml#604
100949,2020-11-01T07:00:00Z,9.4,4.5,0.0,0.0,OK,OK,OK,OK,false,hour_ending,SOURCE_UTC_STATED,fmi-8ab7d7d344b4,fmi_100949_20201026_20201101.xml,fmi_100949_20201026_20201101.xml#605;fmi_100949_20201026_20201101.xml#606;fmi_100949_20201026_20201101.xml#607;fmi_100949_20201026_20201101.xml#608
100949,2020-11-01T08:00:00Z,9.4,5.0,0.0,0.0,OK,OK,OK,OK,false,hour_ending,SOURCE_UTC_STATED,fmi-8ab7d7d344b4,fmi_100949_20201026_20201101.xml,fmi_100949_20201026_20201101.xml#609;fmi_100949_20201026_20201101.xml#610;fmi_100949_20201026_20201101.xml#611;fmi_100949_20201026_20201101.xml#612
100949,2020-11-01T09:00:00Z,9.4,4.4,0.0,0.0,OK,OK,OK,OK,false,hour_ending,SOURCE_UTC_STATED,fmi-8ab7d7d344b4,fmi_100949_20201026_20201101.xml,fmi_100949_20201026_20201101.xml#613;fmi_100949_20201026_20201101.xml#614;fmi_100949_20201026_20201101.xml#615;fmi_100949_20201026_20201101.xml#616
100949,2020-11-01T10:00:00Z,9.0,5.3,0.0,0.0,OK,OK,OK,OK,false,hour_ending,SOURCE_UTC_STATED,fmi-8ab7d7d344b4,fmi_100949_20201026_20201101.xml,fmi_100949_20201026_20201101.xml#617;fmi_100949_20201026_20201101.xml#618;fmi_100949_20201026_20201101.xml#619;fmi_100949_20201026_20201101.xml#620
100949,2020-11-01T11:00:00Z,8.5,6.5,0.0,0.0,OK,OK,OK,OK,false,hour_ending,SOURCE_UTC_STATED,fmi-8ab7d7d344b4,fmi_100949_20201026_20201101.xml,fmi_100949_20201026_20201101.xml#621;fmi_100949_20201026_20201101.xml#622;fmi_100949_20201026_20201101.xml#623;fmi_100949_20201026_20201101.xml#624
100949,2020-11-01T12:00:00Z,8.6,6.2,0.0,0.0,OK,OK,OK,OK,false,hour_ending,SOURCE_UTC_STATED,fmi-8ab7d7d344b4,fmi_100949_20201026_20201101.xml,fmi_100949_20201026_20201101.xml#625;fmi_100949_20201026_20201101.xml#626;fmi_100949_20201026_20201101.xml#627;fmi_100949_20201026_20201101.xml#628
100949,2020-11-01T13:00:00Z,8.7,5.4,0.0,0.0,OK,OK,OK,OK,false,hour_ending,SOURCE_UTC_STATED,fmi-8ab7d7d344b4,fmi_100949_20201026_20201101.xml,fmi_100949_20201026_20201101.xml#629;fmi_100949_20201026_20201101.xml#630;fmi_100949_20201026_20201101.xml#631;fmi_100949_20201026_20201101.xml#632
100949,2020-11-01T14:00:00Z,8.8,5.2,0.0,0.0,OK,OK,OK,OK,false,hour_ending,SOURCE_UTC_STATED,fmi-8ab7d7d344b4,fmi_100949_20201026_20201101.xml,fmi_100949_20201026_20201101.xml#633;fmi_100949_20201026_20201101.xml#634;fmi_100949_20201026_20201101.xml#635;fmi_100949_20201026_20201101.xml#636
100949,2020-11-01T15:00:00Z,9.0,5.8,0.0,0.0,OK,OK,OK,OK,false,hour_ending,SOURCE_UTC_STATED,fmi-8ab7d7d344b4,fmi_100949_20201026_20201101.xml,fmi_100949_20201026_20201101.xml#637;fmi_100949_20201026_20201101.xml#638;fmi_100949_20201026_20201101.xml#639;fmi_100949_20201026_20201101.xml#640
100949,2020-11-01T16:00:00Z,9.2,6.7,0.0,0.0,OK,OK,OK,OK,false,hour_ending,SOURCE_UTC_STATED,fmi-8ab7d7d344b4,fmi_100949_20201026_20201101.xml,fmi_100949_20201026_20201101.xml#641;fmi_100949_20201026_20201101.xml#642;fmi_100949_20201026_20201101.xml#643;fmi_100949_20201026_20201101.xml#644
100949,2020-11-01T17:00:00Z,9.3,5.8,0.0,0.0,OK,OK,OK,OK,false,hour_ending,SOURCE_UTC_STATED,fmi-8ab7d7d344b4,fmi_100949_20201026_20201101.xml,fmi_100949_20201026_20201101.xml#645;fmi_100949_20201026_20201101.xml#646;fmi_100949_20201026_20201101.xml#647;fmi_100949_20201026_20201101.xml#648
100949,2020-11-01T18:00:00Z,9.4,5.4,0.0,0.0,OK,OK,OK,OK,false,hour_ending,SOURCE_UTC_STATED,fmi-8ab7d7d344b4,fmi_100949_20201026_20201101.xml,fmi_100949_20201026_20201101.xml#649;fmi_100949_20201026_20201101.xml#650;fmi_100949_20201026_20201101.xml#651;fmi_100949_20201026_20201101.xml#652
100949,2020-11-01T19:00:00Z,9.5,5.8,0.0,0.0,OK,OK,OK,OK,false,hour_ending,SOURCE_UTC_STATED,fmi-8ab7d7d344b4,fmi_100949_20201026_20201101.xml,fmi_100949_20201026_20201101.xml#653;fmi_100949_20201026_20201101.xml#654;fmi_100949_20201026_20201101.xml#655;fmi_100949_20201026_20201101.xml#656
100949,2020-11-01T20:00:00Z,9.6,6.7,0.0,0.0,OK,OK,OK,OK,false,hour_ending,SOURCE_UTC_STATED,fmi-8ab7d7d344b4,fmi_100949_20201026_20201101.xml,fmi_100949_20201026_20201101.xml#657;fmi_100949_20201026_20201101.xml#658;fmi_100949_20201026_20201101.xml#659;fmi_100949_20201026_20201101.xml#660
100949,2020-11-01T21:00:00Z,9.6,6.3,0.0,0.0,OK,OK,OK,OK,false,hour_ending,SOURCE_UTC_STATED,fmi-8ab7d7d344b4,fmi_100949_20201026_20201101.xml,fmi_100949_20201026_20201101.xml#661;fmi_100949_20201026_20201101.xml#662;fmi_100949_20201026_20201101.xml#663;fmi_100949_20201026_20201101.xml#664
100949,2020-11-01T22:00:00Z,9.6,6.7,0.0,0.0,OK,OK,OK,OK,false,hour_ending,SOURCE_UTC_STATED,fmi-8ab7d7d344b4,fmi_100949_20201026_20201101.xml,fmi_100949_20201026_20201101.xml#665;fmi_100949_20201026_20201101.xml#666;fmi_100949_20201026_20201101.xml#667;fmi_100949_20201026_20201101.xml#668
100949,2020-11-01T23:00:00Z,9.7,7.6,0.0,0.0,OK,OK,OK,OK,false,hour_ending,SOURCE_UTC_STATED,fmi-8ab7d7d344b4,fmi_100949_20201026_20201101.xml,fmi_100949_20201026_20201101.xml#669;fmi_100949_20201026_20201101.xml#670;fmi_100949_20201026_20201101.xml#671;fmi_100949_20201026_20201101.xml#672
100949,2020-11-02T00:00:00Z,9.7,7.1,0.0,0.0,OK,OK,OK,OK,false,hour_ending,SOURCE_UTC_STATED,fmi-8ab7d7d344b4,fmi_100949_20201102_20201108.xml,fmi_100949_20201102_20201108.xml#1;fmi_100949_20201102_20201108.xml#2;fmi_100949_20201102_20201108.xml#3;fmi_100949_20201102_20201108.xml#4
100949,2020-11-02T01:00:00Z,9.4,5.4,0.0,0.0,OK,OK,OK,OK,false,hour_ending,SOURCE_UTC_STATED,fmi-8ab7d7d344b4,fmi_100949_20201102_20201108.xml,fmi_100949_20201102_20201108.xml#5;fmi_100949_20201102_20201108.xml#6;fmi_100949_20201102_20201108.xml#7;fmi_100949_20201102_20201108.xml#8
100949,2020-11-02T02:00:00Z,9.0,6.6,0.1,0.0,OK,OK,OK,OK,false,hour_ending,SOURCE_UTC_STATED,fmi-8ab7d7d344b4,fmi_100949_20201102_20201108.xml,fmi_100949_20201102_20201108.xml#10;fmi_100949_20201102_20201108.xml#11;fmi_100949_20201102_20201108.xml#12;fmi_100949_20201102_20201108.xml#9
100949,2020-11-02T03:00:00Z,9.3,7.2,0.1,0.0,OK,OK,OK,OK,false,hour_ending,SOURCE_UTC_STATED,fmi-8ab7d7d344b4,fmi_100949_20201102_20201108.xml,fmi_100949_20201102_20201108.xml#13;fmi_100949_20201102_20201108.xml#14;fmi_100949_20201102_20201108.xml#15;fmi_100949_20201102_20201108.xml#16
100949,2020-11-02T04:00:00Z,9.7,8.9,0.0,0.0,OK,OK,OK,OK,false,hour_ending,SOURCE_UTC_STATED,fmi-8ab7d7d344b4,fmi_100949_20201102_20201108.xml,fmi_100949_20201102_20201108.xml#17;fmi_100949_20201102_20201108.xml#18;fmi_100949_20201102_20201108.xml#19;fmi_100949_20201102_20201108.xml#20
100949,2020-11-02T05:00:00Z,9.6,6.2,0.0,0.0,OK,OK,OK,OK,false,hour_ending,SOURCE_UTC_STATED,fmi-8ab7d7d344b4,fmi_100949_20201102_20201108.xml,fmi_100949_20201102_20201108.xml#21;fmi_100949_20201102_20201108.xml#22;fmi_100949_20201102_20201108.xml#23;fmi_100949_20201102_20201108.xml#24
100949,2020-11-02T06:00:00Z,9.7,8.2,0.0,0.0,OK,OK,OK,OK,false,hour_ending,SOURCE_UTC_STATED,fmi-8ab7d7d344b4,fmi_100949_20201102_20201108.xml,fmi_100949_20201102_20201108.xml#25;fmi_100949_20201102_20201108.xml#26;fmi_100949_20201102_20201108.xml#27;fmi_100949_20201102_20201108.xml#28
100949,2020-11-02T07:00:00Z,9.7,7.7,0.0,0.0,OK,OK,OK,OK,false,hour_ending,SOURCE_UTC_STATED,fmi-8ab7d7d344b4,fmi_100949_20201102_20201108.xml,fmi_100949_20201102_20201108.xml#29;fmi_100949_20201102_20201108.xml#30;fmi_100949_20201102_20201108.xml#31;fmi_100949_20201102_20201108.xml#32
100949,2020-11-02T08:00:00Z,9.8,7.9,0.0,0.0,OK,OK,OK,OK,false,hour_ending,SOURCE_UTC_STATED,fmi-8ab7d7d344b4,fmi_100949_20201102_20201108.xml,fmi_100949_20201102_20201108.xml#33;fmi_100949_20201102_20201108.xml#34;fmi_100949_20201102_20201108.xml#35;fmi_100949_20201102_20201108.xml#36
100949,2020-11-02T09:00:00Z,9.4,8.8,0.2,0.6,OK,OK,OK,OK,false,hour_ending,SOURCE_UTC_STATED,fmi-8ab7d7d344b4,fmi_100949_20201102_20201108.xml,fmi_100949_20201102_20201108.xml#37;fmi_100949_20201102_20201108.xml#38;fmi_100949_20201102_20201108.xml#39;fmi_100949_20201102_20201108.xml#40
100949,2020-11-02T10:00:00Z,9.0,8.2,0.8,2.1,OK,OK,OK,OK,false,hour_ending,SOURCE_UTC_STATED,fmi-8ab7d7d344b4,fmi_100949_20201102_20201108.xml,fmi_100949_20201102_20201108.xml#41;fmi_100949_20201102_20201108.xml#42;fmi_100949_20201102_20201108.xml#43;fmi_100949_20201102_20201108.xml#44
100949,2020-11-02T11:00:00Z,9.1,7.0,0.7,1.7,OK,OK,OK,OK,false,hour_ending,SOURCE_UTC_STATED,fmi-8ab7d7d344b4,fmi_100949_20201102_20201108.xml,fmi_100949_20201102_20201108.xml#45;fmi_100949_20201102_20201108.xml#46;fmi_100949_20201102_20201108.xml#47;fmi_100949_20201102_20201108.xml#48
100949,2020-11-02T12:00:00Z,9.3,8.4,0.6,0.3,OK,OK,OK,OK,false,hour_ending,SOURCE_UTC_STATED,fmi-8ab7d7d344b4,fmi_100949_20201102_20201108.xml,fmi_100949_20201102_20201108.xml#49;fmi_100949_20201102_20201108.xml#50;fmi_100949_20201102_20201108.xml#51;fmi_100949_20201102_20201108.xml#52
100949,2020-11-02T13:00:00Z,9.6,8.4,0.3,0.5,OK,OK,OK,OK,false,hour_ending,SOURCE_UTC_STATED,fmi-8ab7d7d344b4,fmi_100949_20201102_20201108.xml,fmi_100949_20201102_20201108.xml#53;fmi_100949_20201102_20201108.xml#54;fmi_100949_20201102_20201108.xml#55;fmi_100949_20201102_20201108.xml#56
100949,2020-11-02T14:00:00Z,9.9,7.9,1.0,0.8,OK,OK,OK,OK,false,hour_ending,SOURCE_UTC_STATED,fmi-8ab7d7d344b4,fmi_100949_20201102_20201108.xml,fmi_100949_20201102_20201108.xml#57;fmi_100949_20201102_20201108.xml#58;fmi_100949_20201102_20201108.xml#59;fmi_100949_20201102_20201108.xml#60
100949,2020-11-02T15:00:00Z,10.3,9.3,1.1,0.8,OK,OK,OK,OK,false,hour_ending,SOURCE_UTC_STATED,fmi-8ab7d7d344b4,fmi_100949_20201102_20201108.xml,fmi_100949_20201102_20201108.xml#61;fmi_100949_20201102_20201108.xml#62;fmi_100949_20201102_20201108.xml#63;fmi_100949_20201102_20201108.xml#64
100949,2020-11-02T16:00:00Z,10.7,10.5,0.2,0.0,OK,OK,OK,OK,false,hour_ending,SOURCE_UTC_STATED,fmi-8ab7d7d344b4,fmi_100949_20201102_20201108.xml,fmi_100949_20201102_20201108.xml#65;fmi_100949_20201102_20201108.xml#66;fmi_100949_20201102_20201108.xml#67;fmi_100949_20201102_20201108.xml#68
100949,2020-11-02T17:00:00Z,11.1,9.3,0.2,0.2,OK,OK,OK,OK,false,hour_ending,SOURCE_UTC_STATED,fmi-8ab7d7d344b4,fmi_100949_20201102_20201108.xml,fmi_100949_20201102_20201108.xml#69;fmi_100949_20201102_20201108.xml#70;fmi_100949_20201102_20201108.xml#71;fmi_100949_20201102_20201108.xml#72
100949,2020-11-02T18:00:00Z,11.6,9.1,0.8,1.9,OK,OK,OK,OK,false,hour_ending,SOURCE_UTC_STATED,fmi-8ab7d7d344b4,fmi_100949_20201102_20201108.xml,fmi_100949_20201102_20201108.xml#73;fmi_100949_20201102_20201108.xml#74;fmi_100949_20201102_20201108.xml#75;fmi_100949_20201102_20201108.xml#76
100949,2020-11-02T19:00:00Z,12.1,8.7,0.6,0.0,OK,OK,OK,OK,false,hour_ending,SOURCE_UTC_STATED,fmi-8ab7d7d344b4,fmi_100949_20201102_20201108.xml,fmi_100949_20201102_20201108.xml#77;fmi_100949_20201102_20201108.xml#78;fmi_100949_20201102_20201108.xml#79;fmi_100949_20201102_20201108.xml#80
100949,2020-11-02T20:00:00Z,12.7,7.8,0.0,0.0,OK,OK,OK,OK,false,hour_ending,SOURCE_UTC_STATED,fmi-8ab7d7d344b4,fmi_100949_20201102_20201108.xml,fmi_100949_20201102_20201108.xml#81;fmi_100949_20201102_20201108.xml#82;fmi_100949_20201102_20201108.xml#83;fmi_100949_20201102_20201108.xml#84
100949,2020-11-02T21:00:00Z,13.1,9.8,0.3,0.1,OK,OK,OK,OK,false,hour_ending,SOURCE_UTC_STATED,fmi-8ab7d7d344b4,fmi_100949_20201102_20201108.xml,fmi_100949_20201102_20201108.xml#85;fmi_100949_20201102_20201108.xml#86;fmi_100949_20201102_20201108.xml#87;fmi_100949_20201102_20201108.xml#88
100949,2020-11-02T22:00:00Z,13.2,7.8,0.1,0.0,OK,OK,OK,OK,false,hour_ending,SOURCE_UTC_STATED,fmi-8ab7d7d344b4,fmi_100949_20201102_20201108.xml,fmi_100949_20201102_20201108.xml#89;fmi_100949_20201102_20201108.xml#90;fmi_100949_20201102_20201108.xml#91;fmi_100949_20201102_20201108.xml#92
100949,2020-11-02T23:00:00Z,13.3,6.3,0.1,0.0,OK,OK,OK,OK,false,hour_ending,SOURCE_UTC_STATED,fmi-8ab7d7d344b4,fmi_100949_20201102_20201108.xml,fmi_100949_20201102_20201108.xml#93;fmi_100949_20201102_20201108.xml#94;fmi_100949_20201102_20201108.xml#95;fmi_100949_20201102_20201108.xml#96
100949,2020-11-03T00:00:00Z,13.5,5.4,0.0,0.0,OK,OK,OK,OK,false,hour_ending,SOURCE_UTC_STATED,fmi-8ab7d7d344b4,fmi_100949_20201102_20201108.xml,fmi_100949_20201102_20201108.xml#100;fmi_100949_20201102_20201108.xml#97;fmi_100949_20201102_20201108.xml#98;fmi_100949_20201102_20201108.xml#99
100949,2020-11-03T01:00:00Z,13.4,5.1,0.0,0.0,OK,OK,OK,OK,false,hour_ending,SOURCE_UTC_STATED,fmi-8ab7d7d344b4,fmi_100949_20201102_20201108.xml,fmi_100949_20201102_20201108.xml#101;fmi_100949_20201102_20201108.xml#102;fmi_100949_20201102_20201108.xml#103;fmi_100949_20201102_20201108.xml#104
100949,2020-11-03T02:00:00Z,13.0,5.6,0.9,1.7,OK,OK,OK,OK,false,hour_ending,SOURCE_UTC_STATED,fmi-8ab7d7d344b4,fmi_100949_20201102_20201108.xml,fmi_100949_20201102_20201108.xml#105;fmi_100949_20201102_20201108.xml#106;fmi_100949_20201102_20201108.xml#107;fmi_100949_20201102_20201108.xml#108
100949,2020-11-03T03:00:00Z,11.8,3.5,0.2,0.0,OK,OK,OK,OK,false,hour_ending,SOURCE_UTC_STATED,fmi-8ab7d7d344b4,fmi_100949_20201102_20201108.xml,fmi_100949_20201102_20201108.xml#109;fmi_100949_20201102_20201108.xml#110;fmi_100949_20201102_20201108.xml#111;fmi_100949_20201102_20201108.xml#112
100949,2020-11-03T04:00:00Z,11.3,5.3,0.0,0.0,OK,OK,OK,OK,false,hour_ending,SOURCE_UTC_STATED,fmi-8ab7d7d344b4,fmi_100949_20201102_20201108.xml,fmi_100949_20201102_20201108.xml#113;fmi_100949_20201102_20201108.xml#114;fmi_100949_20201102_20201108.xml#115;fmi_100949_20201102_20201108.xml#116
100949,2020-11-03T05:00:00Z,10.5,3.9,0.0,0.0,OK,OK,OK,OK,false,hour_ending,SOURCE_UTC_STATED,fmi-8ab7d7d344b4,fmi_100949_20201102_20201108.xml,fmi_100949_20201102_20201108.xml#117;fmi_100949_20201102_20201108.xml#118;fmi_100949_20201102_20201108.xml#119;fmi_100949_20201102_20201108.xml#120
100949,2020-11-03T06:00:00Z,10.9,4.5,0.0,0.0,OK,OK,OK,OK,false,hour_ending,SOURCE_UTC_STATED,fmi-8ab7d7d344b4,fmi_100949_20201102_20201108.xml,fmi_100949_20201102_20201108.xml#121;fmi_100949_20201102_20201108.xml#122;fmi_100949_20201102_20201108.xml#123;fmi_100949_20201102_20201108.xml#124
100949,2020-11-03T07:00:00Z,10.9,4.0,0.0,0.0,OK,OK,OK,OK,false,hour_ending,SOURCE_UTC_STATED,fmi-8ab7d7d344b4,fmi_100949_20201102_20201108.xml,fmi_100949_20201102_20201108.xml#125;fmi_100949_20201102_20201108.xml#126;fmi_100949_20201102_20201108.xml#127;fmi_100949_20201102_20201108.xml#128
100949,2020-11-03T08:00:00Z,10.9,3.8,0.0,0.0,OK,OK,OK,OK,false,hour_ending,SOURCE_UTC_STATED,fmi-8ab7d7d344b4,fmi_100949_20201102_20201108.xml,fmi_100949_20201102_20201108.xml#129;fmi_100949_20201102_20201108.xml#130;fmi_100949_20201102_20201108.xml#131;fmi_100949_20201102_20201108.xml#132
100949,2020-11-03T09:00:00Z,10.9,4.3,0.0,0.0,OK,OK,OK,OK,false,hour_ending,SOURCE_UTC_STATED,fmi-8ab7d7d344b4,fmi_100949_20201102_20201108.xml,fmi_100949_20201102_20201108.xml#133;fmi_100949_20201102_20201108.xml#134;fmi_100949_20201102_20201108.xml#135;fmi_100949_20201102_20201108.xml#136
100949,2020-11-03T10:00:00Z,11.0,3.8,0.0,0.0,OK,OK,OK,OK,false,hour_ending,SOURCE_UTC_STATED,fmi-8ab7d7d344b4,fmi_100949_20201102_20201108.xml,fmi_100949_20201102_20201108.xml#137;fmi_100949_20201102_20201108.xml#138;fmi_100949_20201102_20201108.xml#139;fmi_100949_20201102_20201108.xml#140
100949,2020-11-03T11:00:00Z,11.2,3.0,0.0,0.0,OK,OK,OK,OK,false,hour_ending,SOURCE_UTC_STATED,fmi-8ab7d7d344b4,fmi_100949_20201102_20201108.xml,fmi_100949_20201102_20201108.xml#141;fmi_100949_20201102_20201108.xml#142;fmi_100949_20201102_20201108.xml#143;fmi_100949_20201102_20201108.xml#144
100949,2020-11-03T12:00:00Z,11.1,4.3,0.0,0.0,OK,OK,OK,OK,false,hour_ending,SOURCE_UTC_STATED,fmi-8ab7d7d344b4,fmi_100949_20201102_20201108.xml,fmi_100949_20201102_20201108.xml#145;fmi_100949_20201102_20201108.xml#146;fmi_100949_20201102_20201108.xml#147;fmi_100949_20201102_20201108.xml#148
100949,2020-11-03T13:00:00Z,11.1,3.7,0.0,0.0,OK,OK,OK,OK,false,hour_ending,SOURCE_UTC_STATED,fmi-8ab7d7d344b4,fmi_100949_20201102_20201108.xml,fmi_100949_20201102_20201108.xml#149;fmi_100949_20201102_20201108.xml#150;fmi_100949_20201102_20201108.xml#151;fmi_100949_20201102_20201108.xml#152
100949,2020-11-03T14:00:00Z,10.8,3.2,0.0,0.0,OK,OK,OK,OK,false,hour_ending,SOURCE_UTC_STATED,fmi-8ab7d7d344b4,fmi_100949_20201102_20201108.xml,fmi_100949_20201102_20201108.xml#153;fmi_100949_20201102_20201108.xml#154;fmi_100949_20201102_20201108.xml#155;fmi_100949_20201102_20201108.xml#156
100949,2020-11-03T15:00:00Z,10.6,3.9,0.0,0.0,OK,OK,OK,OK,false,hour_ending,SOURCE_UTC_STATED,fmi-8ab7d7d344b4,fmi_100949_20201102_20201108.xml,fmi_100949_20201102_20201108.xml#157;fmi_100949_20201102_20201108.xml#158;fmi_100949_20201102_20201108.xml#159;fmi_100949_20201102_20201108.xml#160
100949,2020-11-03T16:00:00Z,9.8,3.2,0.0,0.0,OK,OK,OK,OK,false,hour_ending,SOURCE_UTC_STATED,fmi-8ab7d7d344b4,fmi_100949_20201102_20201108.xml,fmi_100949_20201102_20201108.xml#161;fmi_100949_20201102_20201108.xml#162;fmi_100949_20201102_20201108.xml#163;fmi_100949_20201102_20201108.xml#164
100949,2020-11-03T17:00:00Z,9.7,2.5,0.0,0.0,OK,OK,OK,OK,false,hour_ending,SOURCE_UTC_STATED,fmi-8ab7d7d344b4,fmi_100949_20201102_20201108.xml,fmi_100949_20201102_20201108.xml#165;fmi_100949_20201102_20201108.xml#166;fmi_100949_20201102_20201108.xml#167;fmi_100949_20201102_20201108.xml#168
100949,2020-11-03T18:00:00Z,9.4,2.8,0.0,0.0,OK,OK,OK,OK,false,hour_ending,SOURCE_UTC_STATED,fmi-8ab7d7d344b4,fmi_100949_20201102_20201108.xml,fmi_100949_20201102_20201108.xml#169;fmi_100949_20201102_20201108.xml#170;fmi_100949_20201102_20201108.xml#171;fmi_100949_20201102_20201108.xml#172
100949,2020-11-03T19:00:00Z,9.5,3.5,0.0,0.0,OK,OK,OK,OK,false,hour_ending,SOURCE_UTC_STATED,fmi-8ab7d7d344b4,fmi_100949_20201102_20201108.xml,fmi_100949_20201102_20201108.xml#173;fmi_100949_20201102_20201108.xml#174;fmi_100949_20201102_20201108.xml#175;fmi_100949_20201102_20201108.xml#176
100949,2020-11-03T20:00:00Z,9.1,3.4,0.0,0.0,OK,OK,OK,OK,false,hour_ending,SOURCE_UTC_STATED,fmi-8ab7d7d344b4,fmi_100949_20201102_20201108.xml,fmi_100949_20201102_20201108.xml#177;fmi_100949_20201102_20201108.xml#178;fmi_100949_20201102_20201108.xml#179;fmi_100949_20201102_20201108.xml#180
100949,2020-11-03T21:00:00Z,8.7,2.8,0.0,0.0,OK,OK,OK,OK,false,hour_ending,SOURCE_UTC_STATED,fmi-8ab7d7d344b4,fmi_100949_20201102_20201108.xml,fmi_100949_20201102_20201108.xml#181;fmi_100949_20201102_20201108.xml#182;fmi_100949_20201102_20201108.xml#183;fmi_100949_20201102_20201108.xml#184
100949,2020-11-03T22:00:00Z,8.0,2.0,0.0,0.0,OK,OK,OK,OK,false,hour_ending,SOURCE_UTC_STATED,fmi-8ab7d7d344b4,fmi_100949_20201102_20201108.xml,fmi_100949_20201102_20201108.xml#185;fmi_100949_20201102_20201108.xml#186;fmi_100949_20201102_20201108.xml#187;fmi_100949_20201102_20201108.xml#188
100949,2020-11-03T23:00:00Z,6.4,2.1,0.0,0.0,OK,OK,OK,OK,false,hour_ending,SOURCE_UTC_STATED,fmi-8ab7d7d344b4,fmi_100949_20201102_20201108.xml,fmi_100949_20201102_20201108.xml#189;fmi_100949_20201102_20201108.xml#190;fmi_100949_20201102_20201108.xml#191;fmi_100949_20201102_20201108.xml#192
100949,2020-11-04T00:00:00Z,7.1,2.7,0.0,0.0,OK,OK,OK,OK,false,hour_ending,SOURCE_UTC_STATED,fmi-8ab7d7d344b4,fmi_100949_20201102_20201108.xml,fmi_100949_20201102_20201108.xml#193;fmi_100949_20201102_20201108.xml#194;fmi_100949_20201102_20201108.xml#195;fmi_100949_20201102_20201108.xml#196
100949,2020-11-04T01:00:00Z,7.6,2.7,0.0,0.0,OK,OK,OK,OK,false,hour_ending,SOURCE_UTC_STATED,fmi-8ab7d7d344b4,fmi_100949_20201102_20201108.xml,fmi_100949_20201102_20201108.xml#197;fmi_100949_20201102_20201108.xml#198;fmi_100949_20201102_20201108.xml#199;fmi_100949_20201102_20201108.xml#200
100949,2020-11-04T02:00:00Z,5.8,2.0,0.0,0.0,OK,OK,OK,OK,false,hour_ending,SOURCE_UTC_STATED,fmi-8ab7d7d344b4,fmi_100949_20201102_20201108.xml,fmi_100949_20201102_20201108.xml#201;fmi_100949_20201102_20201108.xml#202;fmi_100949_20201102_20201108.xml#203;fmi_100949_20201102_20201108.xml#204
100949,2020-11-04T03:00:00Z,6.1,1.8,0.0,0.0,OK,OK,OK,OK,false,hour_ending,SOURCE_UTC_STATED,fmi-8ab7d7d344b4,fmi_100949_20201102_20201108.xml,fmi_100949_20201102_20201108.xml#205;fmi_100949_20201102_20201108.xml#206;fmi_100949_20201102_20201108.xml#207;fmi_100949_20201102_20201108.xml#208
100949,2020-11-04T04:00:00Z,7.5,2.4,0.0,0.0,OK,OK,OK,OK,false,hour_ending,SOURCE_UTC_STATED,fmi-8ab7d7d344b4,fmi_100949_20201102_20201108.xml,fmi_100949_20201102_20201108.xml#209;fmi_100949_20201102_20201108.xml#210;fmi_100949_20201102_20201108.xml#211;fmi_100949_20201102_20201108.xml#212
100949,2020-11-04T05:00:00Z,7.8,3.0,0.0,0.0,OK,OK,OK,OK,false,hour_ending,SOURCE_UTC_STATED,fmi-8ab7d7d344b4,fmi_100949_20201102_20201108.xml,fmi_100949_20201102_20201108.xml#213;fmi_100949_20201102_20201108.xml#214;fmi_100949_20201102_20201108.xml#215;fmi_100949_20201102_20201108.xml#216
100949,2020-11-04T06:00:00Z,7.4,2.5,0.0,0.0,OK,OK,OK,OK,false,hour_ending,SOURCE_UTC_STATED,fmi-8ab7d7d344b4,fmi_100949_20201102_20201108.xml,fmi_100949_20201102_20201108.xml#217;fmi_100949_20201102_20201108.xml#218;fmi_100949_20201102_20201108.xml#219;fmi_100949_20201102_20201108.xml#220
100949,2020-11-04T07:00:00Z,7.8,2.2,0.0,0.0,OK,OK,OK,OK,false,hour_ending,SOURCE_UTC_STATED,fmi-8ab7d7d344b4,fmi_100949_20201102_20201108.xml,fmi_100949_20201102_20201108.xml#221;fmi_100949_20201102_20201108.xml#222;fmi_100949_20201102_20201108.xml#223;fmi_100949_20201102_20201108.xml#224
100949,2020-11-04T08:00:00Z,9.3,3.7,0.0,0.0,OK,OK,OK,OK,false,hour_ending,SOURCE_UTC_STATED,fmi-8ab7d7d344b4,fmi_100949_20201102_20201108.xml,fmi_100949_20201102_20201108.xml#225;fmi_100949_20201102_20201108.xml#226;fmi_100949_20201102_20201108.xml#227;fmi_100949_20201102_20201108.xml#228
100949,2020-11-04T09:00:00Z,9.5,3.3,0.0,0.0,OK,OK,OK,OK,false,hour_ending,SOURCE_UTC_STATED,fmi-8ab7d7d344b4,fmi_100949_20201102_20201108.xml,fmi_100949_20201102_20201108.xml#229;fmi_100949_20201102_20201108.xml#230;fmi_100949_20201102_20201108.xml#231;fmi_100949_20201102_20201108.xml#232
100949,2020-11-04T10:00:00Z,9.6,1.6,0.0,0.0,OK,OK,OK,OK,false,hour_ending,SOURCE_UTC_STATED,fmi-8ab7d7d344b4,fmi_100949_20201102_20201108.xml,fmi_100949_20201102_20201108.xml#233;fmi_100949_20201102_20201108.xml#234;fmi_100949_20201102_20201108.xml#235;fmi_100949_20201102_20201108.xml#236
100949,2020-11-04T11:00:00Z,9.9,1.6,0.0,0.0,OK,OK,OK,OK,false,hour_ending,SOURCE_UTC_STATED,fmi-8ab7d7d344b4,fmi_100949_20201102_20201108.xml,fmi_100949_20201102_20201108.xml#237;fmi_100949_20201102_20201108.xml#238;fmi_100949_20201102_20201108.xml#239;fmi_100949_20201102_20201108.xml#240
100949,2020-11-04T12:00:00Z,9.3,0.8,0.0,0.0,OK,OK,OK,OK,false,hour_ending,SOURCE_UTC_STATED,fmi-8ab7d7d344b4,fmi_100949_20201102_20201108.xml,fmi_100949_20201102_20201108.xml#241;fmi_100949_20201102_20201108.xml#242;fmi_100949_20201102_20201108.xml#243;fmi_100949_20201102_20201108.xml#244
100949,2020-11-04T13:00:00Z,6.3,3.2,3.1,6.7,OK,OK,OK,OK,false,hour_ending,SOURCE_UTC_STATED,fmi-8ab7d7d344b4,fmi_100949_20201102_20201108.xml,fmi_100949_20201102_20201108.xml#245;fmi_100949_20201102_20201108.xml#246;fmi_100949_20201102_20201108.xml#247;fmi_100949_20201102_20201108.xml#248
100949,2020-11-04T14:00:00Z,5.9,0.5,3.7,0.0,OK,OK,OK,OK,false,hour_ending,SOURCE_UTC_STATED,fmi-8ab7d7d344b4,fmi_100949_20201102_20201108.xml,fmi_100949_20201102_20201108.xml#249;fmi_100949_20201102_20201108.xml#250;fmi_100949_20201102_20201108.xml#251;fmi_100949_20201102_20201108.xml#252
100949,2020-11-04T15:00:00Z,5.8,1.8,1.9,0.2,OK,OK,OK,OK,false,hour_ending,SOURCE_UTC_STATED,fmi-8ab7d7d344b4,fmi_100949_20201102_20201108.xml,fmi_100949_20201102_20201108.xml#253;fmi_100949_20201102_20201108.xml#254;fmi_100949_20201102_20201108.xml#255;fmi_100949_20201102_20201108.xml#256
100949,2020-11-04T16:00:00Z,5.6,1.8,0.0,0.0,OK,OK,OK,OK,false,hour_ending,SOURCE_UTC_STATED,fmi-8ab7d7d344b4,fmi_100949_20201102_20201108.xml,fmi_100949_20201102_20201108.xml#257;fmi_100949_20201102_20201108.xml#258;fmi_100949_20201102_20201108.xml#259;fmi_100949_20201102_20201108.xml#260
100949,2020-11-04T17:00:00Z,5.2,1.8,0.0,0.0,OK,OK,OK,OK,false,hour_ending,SOURCE_UTC_STATED,fmi-8ab7d7d344b4,fmi_100949_20201102_20201108.xml,fmi_100949_20201102_20201108.xml#261;fmi_100949_20201102_20201108.xml#262;fmi_100949_20201102_20201108.xml#263;fmi_100949_20201102_20201108.xml#264
100949,2020-11-04T18:00:00Z,5.8,2.3,0.0,0.0,OK,OK,OK,OK,false,hour_ending,SOURCE_UTC_STATED,fmi-8ab7d7d344b4,fmi_100949_20201102_20201108.xml,fmi_100949_20201102_20201108.xml#265;fmi_100949_20201102_20201108.xml#266;fmi_100949_20201102_20201108.xml#267;fmi_100949_20201102_20201108.xml#268
100949,2020-11-04T19:00:00Z,6.1,3.2,0.0,0.0,OK,OK,OK,OK,false,hour_ending,SOURCE_UTC_STATED,fmi-8ab7d7d344b4,fmi_100949_20201102_20201108.xml,fmi_100949_20201102_20201108.xml#269;fmi_100949_20201102_20201108.xml#270;fmi_100949_20201102_20201108.xml#271;fmi_100949_20201102_20201108.xml#272
100949,2020-11-04T20:00:00Z,6.7,3.3,0.0,0.0,OK,OK,OK,OK,false,hour_ending,SOURCE_UTC_STATED,fmi-8ab7d7d344b4,fmi_100949_20201102_20201108.xml,fmi_100949_20201102_20201108.xml#273;fmi_100949_20201102_20201108.xml#274;fmi_100949_20201102_20201108.xml#275;fmi_100949_20201102_20201108.xml#276
100949,2020-11-04T21:00:00Z,6.6,3.0,0.0,0.0,OK,OK,OK,OK,false,hour_ending,SOURCE_UTC_STATED,fmi-8ab7d7d344b4,fmi_100949_20201102_20201108.xml,fmi_100949_20201102_20201108.xml#277;fmi_100949_20201102_20201108.xml#278;fmi_100949_20201102_20201108.xml#279;fmi_100949_20201102_20201108.xml#280
100949,2020-11-04T22:00:00Z,7.2,3.5,0.0,0.0,OK,OK,OK,OK,false,hour_ending,SOURCE_UTC_STATED,fmi-8ab7d7d344b4,fmi_100949_20201102_20201108.xml,fmi_100949_20201102_20201108.xml#281;fmi_100949_20201102_20201108.xml#282;fmi_100949_20201102_20201108.xml#283;fmi_100949_20201102_20201108.xml#284
100949,2020-11-04T23:00:00Z,6.9,3.5,0.0,0.0,OK,OK,OK,OK,false,hour_ending,SOURCE_UTC_STATED,fmi-8ab7d7d344b4,fmi_100949_20201102_20201108.xml,fmi_100949_20201102_20201108.xml#285;fmi_100949_20201102_20201108.xml#286;fmi_100949_20201102_20201108.xml#287;fmi_100949_20201102_20201108.xml#288
100949,2020-11-05T00:00:00Z,6.9,2.9,0.0,0.0,OK,OK,OK,OK,false,hour_ending,SOURCE_UTC_STATED,fmi-8ab7d7d344b4,fmi_100949_20201102_20201108.xml,fmi_100949_20201102_20201108.xml#289;fmi_100949_20201102_20201108.xml#290;fmi_100949_20201102_20201108.xml#291;fmi_100949_20201102_20201108.xml#292
100949,2020-11-05T01:00:00Z,6.3,3.5,0.0,0.0,OK,OK,OK,OK,false,hour_ending,SOURCE_UTC_STATED,fmi-8ab7d7d344b4,fmi_100949_20201102_20201108.xml,fmi_100949_20201102_20201108.xml#293;fmi_100949_20201102_20201108.xml#294;fmi_100949_20201102_20201108.xml#295;fmi_100949_20201102_20201108.xml#296
100949,2020-11-05T02:00:00Z,6.1,3.2,0.0,0.0,OK,OK,OK,OK,false,hour_ending,SOURCE_UTC_STATED,fmi-8ab7d7d344b4,fmi_100949_20201102_20201108.xml,fmi_100949_20201102_20201108.xml#297;fmi_100949_20201102_20201108.xml#298;fmi_100949_20201102_20201108.xml#299;fmi_100949_20201102_20201108.xml#300
100949,2020-11-05T03:00:00Z,6.2,2.7,0.0,0.0,OK,OK,OK,OK,false,hour_ending,SOURCE_UTC_STATED,fmi-8ab7d7d344b4,fmi_100949_20201102_20201108.xml,fmi_100949_20201102_20201108.xml#301;fmi_100949_20201102_20201108.xml#302;fmi_100949_20201102_20201108.xml#303;fmi_100949_20201102_20201108.xml#304
100949,2020-11-05T04:00:00Z,6.2,3.1,0.0,0.0,OK,OK,OK,OK,false,hour_ending,SOURCE_UTC_STATED,fmi-8ab7d7d344b4,fmi_100949_20201102_20201108.xml,fmi_100949_20201102_20201108.xml#305;fmi_100949_20201102_20201108.xml#306;fmi_100949_20201102_20201108.xml#307;fmi_100949_20201102_20201108.xml#308
100949,2020-11-05T05:00:00Z,6.6,3.2,0.0,0.0,OK,OK,OK,OK,false,hour_ending,SOURCE_UTC_STATED,fmi-8ab7d7d344b4,fmi_100949_20201102_20201108.xml,fmi_100949_20201102_20201108.xml#309;fmi_100949_20201102_20201108.xml#310;fmi_100949_20201102_20201108.xml#311;fmi_100949_20201102_20201108.xml#312
100949,2020-11-05T06:00:00Z,6.9,3.5,0.0,0.0,OK,OK,OK,OK,false,hour_ending,SOURCE_UTC_STATED,fmi-8ab7d7d344b4,fmi_100949_20201102_20201108.xml,fmi_100949_20201102_20201108.xml#313;fmi_100949_20201102_20201108.xml#314;fmi_100949_20201102_20201108.xml#315;fmi_100949_20201102_20201108.xml#316
100949,2020-11-05T07:00:00Z,7.5,4.4,0.0,0.0,OK,OK,OK,OK,false,hour_ending,SOURCE_UTC_STATED,fmi-8ab7d7d344b4,fmi_100949_20201102_20201108.xml,fmi_100949_20201102_20201108.xml#317;fmi_100949_20201102_20201108.xml#318;fmi_100949_20201102_20201108.xml#319;fmi_100949_20201102_20201108.xml#320
100949,2020-11-05T08:00:00Z,8.3,5.2,0.0,0.0,OK,OK,OK,OK,false,hour_ending,SOURCE_UTC_STATED,fmi-8ab7d7d344b4,fmi_100949_20201102_20201108.xml,fmi_100949_20201102_20201108.xml#321;fmi_100949_20201102_20201108.xml#322;fmi_100949_20201102_20201108.xml#323;fmi_100949_20201102_20201108.xml#324
100949,2020-11-05T09:00:00Z,8.3,5.3,0.0,0.0,OK,OK,OK,OK,false,hour_ending,SOURCE_UTC_STATED,fmi-8ab7d7d344b4,fmi_100949_20201102_20201108.xml,fmi_100949_20201102_20201108.xml#325;fmi_100949_20201102_20201108.xml#326;fmi_100949_20201102_20201108.xml#327;fmi_100949_20201102_20201108.xml#328
100949,2020-11-05T10:00:00Z,8.5,5.7,0.0,0.0,OK,OK,OK,OK,false,hour_ending,SOURCE_UTC_STATED,fmi-8ab7d7d344b4,fmi_100949_20201102_20201108.xml,fmi_100949_20201102_20201108.xml#329;fmi_100949_20201102_20201108.xml#330;fmi_100949_20201102_20201108.xml#331;fmi_100949_20201102_20201108.xml#332
100949,2020-11-05T11:00:00Z,9.0,5.7,0.0,0.0,OK,OK,OK,OK,false,hour_ending,SOURCE_UTC_STATED,fmi-8ab7d7d344b4,fmi_100949_20201102_20201108.xml,fmi_100949_20201102_20201108.xml#333;fmi_100949_20201102_20201108.xml#334;fmi_100949_20201102_20201108.xml#335;fmi_100949_20201102_20201108.xml#336
100949,2020-11-05T12:00:00Z,9.3,6.1,0.0,0.0,OK,OK,OK,OK,false,hour_ending,SOURCE_UTC_STATED,fmi-8ab7d7d344b4,fmi_100949_20201102_20201108.xml,fmi_100949_20201102_20201108.xml#337;fmi_100949_20201102_20201108.xml#338;fmi_100949_20201102_20201108.xml#339;fmi_100949_20201102_20201108.xml#340
100949,2020-11-05T13:00:00Z,9.7,4.7,0.0,0.0,OK,OK,OK,OK,false,hour_ending,SOURCE_UTC_STATED,fmi-8ab7d7d344b4,fmi_100949_20201102_20201108.xml,fmi_100949_20201102_20201108.xml#341;fmi_100949_20201102_20201108.xml#342;fmi_100949_20201102_20201108.xml#343;fmi_100949_20201102_20201108.xml#344
100949,2020-11-05T14:00:00Z,9.7,5.0,0.0,0.0,OK,OK,OK,OK,false,hour_ending,SOURCE_UTC_STATED,fmi-8ab7d7d344b4,fmi_100949_20201102_20201108.xml,fmi_100949_20201102_20201108.xml#345;fmi_100949_20201102_20201108.xml#346;fmi_100949_20201102_20201108.xml#347;fmi_100949_20201102_20201108.xml#348
100949,2020-11-05T15:00:00Z,9.8,3.3,0.0,0.0,OK,OK,OK,OK,false,hour_ending,SOURCE_UTC_STATED,fmi-8ab7d7d344b4,fmi_100949_20201102_20201108.xml,fmi_100949_20201102_20201108.xml#349;fmi_100949_20201102_20201108.xml#350;fmi_100949_20201102_20201108.xml#351;fmi_100949_20201102_20201108.xml#352
100949,2020-11-05T16:00:00Z,10.5,3.8,0.0,0.0,OK,OK,OK,OK,false,hour_ending,SOURCE_UTC_STATED,fmi-8ab7d7d344b4,fmi_100949_20201102_20201108.xml,fmi_100949_20201102_20201108.xml#353;fmi_100949_20201102_20201108.xml#354;fmi_100949_20201102_20201108.xml#355;fmi_100949_20201102_20201108.xml#356
100949,2020-11-05T17:00:00Z,10.5,4.5,0.0,0.0,OK,OK,OK,OK,false,hour_ending,SOURCE_UTC_STATED,fmi-8ab7d7d344b4,fmi_100949_20201102_20201108.xml,fmi_100949_20201102_20201108.xml#357;fmi_100949_20201102_20201108.xml#358;fmi_100949_20201102_20201108.xml#359;fmi_100949_20201102_20201108.xml#360
100949,2020-11-05T18:00:00Z,10.5,4.0,0.0,0.0,OK,OK,OK,OK,false,hour_ending,SOURCE_UTC_STATED,fmi-8ab7d7d344b4,fmi_100949_20201102_20201108.xml,fmi_100949_20201102_20201108.xml#361;fmi_100949_20201102_20201108.xml#362;fmi_100949_20201102_20201108.xml#363;fmi_100949_20201102_20201108.xml#364
100949,2020-11-05T19:00:00Z,10.0,2.5,0.0,0.0,OK,OK,OK,OK,false,hour_ending,SOURCE_UTC_STATED,fmi-8ab7d7d344b4,fmi_100949_20201102_20201108.xml,fmi_100949_20201102_20201108.xml#365;fmi_100949_20201102_20201108.xml#366;fmi_100949_20201102_20201108.xml#367;fmi_100949_20201102_20201108.xml#368
100949,2020-11-05T20:00:00Z,9.8,3.5,0.0,0.0,OK,OK,OK,OK,false,hour_ending,SOURCE_UTC_STATED,fmi-8ab7d7d344b4,fmi_100949_20201102_20201108.xml,fmi_100949_20201102_20201108.xml#369;fmi_100949_20201102_20201108.xml#370;fmi_100949_20201102_20201108.xml#371;fmi_100949_20201102_20201108.xml#372
100949,2020-11-05T21:00:00Z,9.4,3.9,0.0,0.0,OK,OK,OK,OK,false,hour_ending,SOURCE_UTC_STATED,fmi-8ab7d7d344b4,fmi_100949_20201102_20201108.xml,fmi_100949_20201102_20201108.xml#373;fmi_100949_20201102_20201108.xml#374;fmi_100949_20201102_20201108.xml#375;fmi_100949_20201102_20201108.xml#376
100949,2020-11-05T22:00:00Z,10.1,5.2,0.0,0.0,OK,OK,OK,OK,false,hour_ending,SOURCE_UTC_STATED,fmi-8ab7d7d344b4,fmi_100949_20201102_20201108.xml,fmi_100949_20201102_20201108.xml#377;fmi_100949_20201102_20201108.xml#378;fmi_100949_20201102_20201108.xml#379;fmi_100949_20201102_20201108.xml#380
100949,2020-11-05T23:00:00Z,10.8,4.9,0.0,0.0,OK,OK,OK,OK,false,hour_ending,SOURCE_UTC_STATED,fmi-8ab7d7d344b4,fmi_100949_20201102_20201108.xml,fmi_100949_20201102_20201108.xml#381;fmi_100949_20201102_20201108.xml#382;fmi_100949_20201102_20201108.xml#383;fmi_100949_20201102_20201108.xml#384
100949,2020-11-06T00:00:00Z,10.8,5.4,0.0,0.0,OK,OK,OK,OK,false,hour_ending,SOURCE_UTC_STATED,fmi-8ab7d7d344b4,fmi_100949_20201102_20201108.xml,fmi_100949_20201102_20201108.xml#385;fmi_100949_20201102_20201108.xml#386;fmi_100949_20201102_20201108.xml#387;fmi_100949_20201102_20201108.xml#388
100949,2020-11-06T01:00:00Z,10.7,4.5,0.0,0.0,OK,OK,OK,OK,false,hour_ending,SOURCE_UTC_STATED,fmi-8ab7d7d344b4,fmi_100949_20201102_20201108.xml,fmi_100949_20201102_20201108.xml#389;fmi_100949_20201102_20201108.xml#390;fmi_100949_20201102_20201108.xml#391;fmi_100949_20201102_20201108.xml#392
100949,2020-11-06T02:00:00Z,10.3,3.7,0.0,0.0,OK,OK,OK,OK,false,hour_ending,SOURCE_UTC_STATED,fmi-8ab7d7d344b4,fmi_100949_20201102_20201108.xml,fmi_100949_20201102_20201108.xml#393;fmi_100949_20201102_20201108.xml#394;fmi_100949_20201102_20201108.xml#395;fmi_100949_20201102_20201108.xml#396
100949,2020-11-06T03:00:00Z,9.9,2.9,0.0,0.0,OK,OK,OK,OK,false,hour_ending,SOURCE_UTC_STATED,fmi-8ab7d7d344b4,fmi_100949_20201102_20201108.xml,fmi_100949_20201102_20201108.xml#397;fmi_100949_20201102_20201108.xml#398;fmi_100949_20201102_20201108.xml#399;fmi_100949_20201102_20201108.xml#400
100949,2020-11-06T04:00:00Z,10.0,3.5,0.0,0.0,OK,OK,OK,OK,false,hour_ending,SOURCE_UTC_STATED,fmi-8ab7d7d344b4,fmi_100949_20201102_20201108.xml,fmi_100949_20201102_20201108.xml#401;fmi_100949_20201102_20201108.xml#402;fmi_100949_20201102_20201108.xml#403;fmi_100949_20201102_20201108.xml#404
100949,2020-11-06T05:00:00Z,9.7,2.1,0.0,0.0,OK,OK,OK,OK,false,hour_ending,SOURCE_UTC_STATED,fmi-8ab7d7d344b4,fmi_100949_20201102_20201108.xml,fmi_100949_20201102_20201108.xml#405;fmi_100949_20201102_20201108.xml#406;fmi_100949_20201102_20201108.xml#407;fmi_100949_20201102_20201108.xml#408
100949,2020-11-06T06:00:00Z,7.5,2.2,0.0,0.0,OK,OK,OK,OK,false,hour_ending,SOURCE_UTC_STATED,fmi-8ab7d7d344b4,fmi_100949_20201102_20201108.xml,fmi_100949_20201102_20201108.xml#409;fmi_100949_20201102_20201108.xml#410;fmi_100949_20201102_20201108.xml#411;fmi_100949_20201102_20201108.xml#412
100949,2020-11-06T07:00:00Z,8.9,2.5,0.0,0.0,OK,OK,OK,OK,false,hour_ending,SOURCE_UTC_STATED,fmi-8ab7d7d344b4,fmi_100949_20201102_20201108.xml,fmi_100949_20201102_20201108.xml#413;fmi_100949_20201102_20201108.xml#414;fmi_100949_20201102_20201108.xml#415;fmi_100949_20201102_20201108.xml#416
100949,2020-11-06T08:00:00Z,10.8,3.0,0.0,0.0,OK,OK,OK,OK,false,hour_ending,SOURCE_UTC_STATED,fmi-8ab7d7d344b4,fmi_100949_20201102_20201108.xml,fmi_100949_20201102_20201108.xml#417;fmi_100949_20201102_20201108.xml#418;fmi_100949_20201102_20201108.xml#419;fmi_100949_20201102_20201108.xml#420
100949,2020-11-06T09:00:00Z,12.2,3.0,,,OK,OK,NAN_SOURCE_NULL,NAN_SOURCE_NULL,true,hour_ending,SOURCE_UTC_STATED,fmi-8ab7d7d344b4,fmi_100949_20201102_20201108.xml,fmi_100949_20201102_20201108.xml#421;fmi_100949_20201102_20201108.xml#422;fmi_100949_20201102_20201108.xml#423;fmi_100949_20201102_20201108.xml#424
100949,2020-11-06T10:00:00Z,13.1,3.4,,0.0,OK,OK,NAN_SOURCE_NULL,OK,true,hour_ending,SOURCE_UTC_STATED,fmi-8ab7d7d344b4,fmi_100949_20201102_20201108.xml,fmi_100949_20201102_20201108.xml#425;fmi_100949_20201102_20201108.xml#426;fmi_100949_20201102_20201108.xml#427;fmi_100949_20201102_20201108.xml#428
100949,2020-11-06T11:00:00Z,12.7,4.3,0.0,0.0,OK,OK,OK,OK,false,hour_ending,SOURCE_UTC_STATED,fmi-8ab7d7d344b4,fmi_100949_20201102_20201108.xml,fmi_100949_20201102_20201108.xml#429;fmi_100949_20201102_20201108.xml#430;fmi_100949_20201102_20201108.xml#431;fmi_100949_20201102_20201108.xml#432
100949,2020-11-06T12:00:00Z,12.2,2.8,0.0,0.0,OK,OK,OK,OK,false,hour_ending,SOURCE_UTC_STATED,fmi-8ab7d7d344b4,fmi_100949_20201102_20201108.xml,fmi_100949_20201102_20201108.xml#433;fmi_100949_20201102_20201108.xml#434;fmi_100949_20201102_20201108.xml#435;fmi_100949_20201102_20201108.xml#436
100949,2020-11-06T13:00:00Z,12.0,1.7,0.0,0.0,OK,OK,OK,OK,false,hour_ending,SOURCE_UTC_STATED,fmi-8ab7d7d344b4,fmi_100949_20201102_20201108.xml,fmi_100949_20201102_20201108.xml#437;fmi_100949_20201102_20201108.xml#438;fmi_100949_20201102_20201108.xml#439;fmi_100949_20201102_20201108.xml#440
100949,2020-11-06T14:00:00Z,11.9,2.5,0.0,0.0,OK,OK,OK,OK,false,hour_ending,SOURCE_UTC_STATED,fmi-8ab7d7d344b4,fmi_100949_20201102_20201108.xml,fmi_100949_20201102_20201108.xml#441;fmi_100949_20201102_20201108.xml#442;fmi_100949_20201102_20201108.xml#443;fmi_100949_20201102_20201108.xml#444
100949,2020-11-06T15:00:00Z,10.4,3.0,0.0,0.0,OK,OK,OK,OK,false,hour_ending,SOURCE_UTC_STATED,fmi-8ab7d7d344b4,fmi_100949_20201102_20201108.xml,fmi_100949_20201102_20201108.xml#445;fmi_100949_20201102_20201108.xml#446;fmi_100949_20201102_20201108.xml#447;fmi_100949_20201102_20201108.xml#448
100949,2020-11-06T16:00:00Z,10.1,4.0,0.0,0.0,OK,OK,OK,OK,false,hour_ending,SOURCE_UTC_STATED,fmi-8ab7d7d344b4,fmi_100949_20201102_20201108.xml,fmi_100949_20201102_20201108.xml#449;fmi_100949_20201102_20201108.xml#450;fmi_100949_20201102_20201108.xml#451;fmi_100949_20201102_20201108.xml#452
100949,2020-11-06T17:00:00Z,10.2,2.8,0.0,0.0,OK,OK,OK,OK,false,hour_ending,SOURCE_UTC_STATED,fmi-8ab7d7d344b4,fmi_100949_20201102_20201108.xml,fmi_100949_20201102_20201108.xml#453;fmi_100949_20201102_20201108.xml#454;fmi_100949_20201102_20201108.xml#455;fmi_100949_20201102_20201108.xml#456
100949,2020-11-06T18:00:00Z,10.2,3.0,0.0,0.0,OK,OK,OK,OK,false,hour_ending,SOURCE_UTC_STATED,fmi-8ab7d7d344b4,fmi_100949_20201102_20201108.xml,fmi_100949_20201102_20201108.xml#457;fmi_100949_20201102_20201108.xml#458;fmi_100949_20201102_20201108.xml#459;fmi_100949_20201102_20201108.xml#460
100949,2020-11-06T19:00:00Z,9.8,1.3,0.0,0.0,OK,OK,OK,OK,false,hour_ending,SOURCE_UTC_STATED,fmi-8ab7d7d344b4,fmi_100949_20201102_20201108.xml,fmi_100949_20201102_20201108.xml#461;fmi_100949_20201102_20201108.xml#462;fmi_100949_20201102_20201108.xml#463;fmi_100949_20201102_20201108.xml#464
100949,2020-11-06T20:00:00Z,8.7,2.1,0.0,0.0,OK,OK,OK,OK,false,hour_ending,SOURCE_UTC_STATED,fmi-8ab7d7d344b4,fmi_100949_20201102_20201108.xml,fmi_100949_20201102_20201108.xml#465;fmi_100949_20201102_20201108.xml#466;fmi_100949_20201102_20201108.xml#467;fmi_100949_20201102_20201108.xml#468
100949,2020-11-06T21:00:00Z,10.2,2.6,0.0,0.0,OK,OK,OK,OK,false,hour_ending,SOURCE_UTC_STATED,fmi-8ab7d7d344b4,fmi_100949_20201102_20201108.xml,fmi_100949_20201102_20201108.xml#469;fmi_100949_20201102_20201108.xml#470;fmi_100949_20201102_20201108.xml#471;fmi_100949_20201102_20201108.xml#472
100949,2020-11-06T22:00:00Z,9.4,2.9,0.0,0.0,OK,OK,OK,OK,false,hour_ending,SOURCE_UTC_STATED,fmi-8ab7d7d344b4,fmi_100949_20201102_20201108.xml,fmi_100949_20201102_20201108.xml#473;fmi_100949_20201102_20201108.xml#474;fmi_100949_20201102_20201108.xml#475;fmi_100949_20201102_20201108.xml#476
100949,2020-11-06T23:00:00Z,6.5,1.2,0.0,0.0,OK,OK,OK,OK,false,hour_ending,SOURCE_UTC_STATED,fmi-8ab7d7d344b4,fmi_100949_20201102_20201108.xml,fmi_100949_20201102_20201108.xml#477;fmi_100949_20201102_20201108.xml#478;fmi_100949_20201102_20201108.xml#479;fmi_100949_20201102_20201108.xml#480
100949,2020-11-07T00:00:00Z,5.3,2.1,0.0,0.0,OK,OK,OK,OK,false,hour_ending,SOURCE_UTC_STATED,fmi-8ab7d7d344b4,fmi_100949_20201102_20201108.xml,fmi_100949_20201102_20201108.xml#481;fmi_100949_20201102_20201108.xml#482;fmi_100949_20201102_20201108.xml#483;fmi_100949_20201102_20201108.xml#484
100949,2020-11-07T01:00:00Z,4.1,1.7,0.0,0.0,OK,OK,OK,OK,false,hour_ending,SOURCE_UTC_STATED,fmi-8ab7d7d344b4,fmi_100949_20201102_20201108.xml,fmi_100949_20201102_20201108.xml#485;fmi_100949_20201102_20201108.xml#486;fmi_100949_20201102_20201108.xml#487;fmi_100949_20201102_20201108.xml#488
100949,2020-11-07T02:00:00Z,3.5,1.7,0.0,0.0,OK,OK,OK,OK,false,hour_ending,SOURCE_UTC_STATED,fmi-8ab7d7d344b4,fmi_100949_20201102_20201108.xml,fmi_100949_20201102_20201108.xml#489;fmi_100949_20201102_20201108.xml#490;fmi_100949_20201102_20201108.xml#491;fmi_100949_20201102_20201108.xml#492
100949,2020-11-07T03:00:00Z,3.1,1.2,0.0,0.0,OK,OK,OK,OK,false,hour_ending,SOURCE_UTC_STATED,fmi-8ab7d7d344b4,fmi_100949_20201102_20201108.xml,fmi_100949_20201102_20201108.xml#493;fmi_100949_20201102_20201108.xml#494;fmi_100949_20201102_20201108.xml#495;fmi_100949_20201102_20201108.xml#496
100949,2020-11-07T04:00:00Z,2.7,1.0,0.0,0.0,OK,OK,OK,OK,false,hour_ending,SOURCE_UTC_STATED,fmi-8ab7d7d344b4,fmi_100949_20201102_20201108.xml,fmi_100949_20201102_20201108.xml#497;fmi_100949_20201102_20201108.xml#498;fmi_100949_20201102_20201108.xml#499;fmi_100949_20201102_20201108.xml#500
100949,2020-11-07T05:00:00Z,2.1,1.5,0.0,0.0,OK,OK,OK,OK,false,hour_ending,SOURCE_UTC_STATED,fmi-8ab7d7d344b4,fmi_100949_20201102_20201108.xml,fmi_100949_20201102_20201108.xml#501;fmi_100949_20201102_20201108.xml#502;fmi_100949_20201102_20201108.xml#503;fmi_100949_20201102_20201108.xml#504
100949,2020-11-07T06:00:00Z,2.0,0.0,0.0,0.0,OK,OK,OK,OK,false,hour_ending,SOURCE_UTC_STATED,fmi-8ab7d7d344b4,fmi_100949_20201102_20201108.xml,fmi_100949_20201102_20201108.xml#505;fmi_100949_20201102_20201108.xml#506;fmi_100949_20201102_20201108.xml#507;fmi_100949_20201102_20201108.xml#508
100949,2020-11-07T07:00:00Z,2.2,2.0,0.0,0.0,OK,OK,OK,OK,false,hour_ending,SOURCE_UTC_STATED,fmi-8ab7d7d344b4,fmi_100949_20201102_20201108.xml,fmi_100949_20201102_20201108.xml#509;fmi_100949_20201102_20201108.xml#510;fmi_100949_20201102_20201108.xml#511;fmi_100949_20201102_20201108.xml#512
100949,2020-11-07T08:00:00Z,3.9,1.9,0.0,0.0,OK,OK,OK,OK,false,hour_ending,SOURCE_UTC_STATED,fmi-8ab7d7d344b4,fmi_100949_20201102_20201108.xml,fmi_100949_20201102_20201108.xml#513;fmi_100949_20201102_20201108.xml#514;fmi_100949_20201102_20201108.xml#515;fmi_100949_20201102_20201108.xml#516
100949,2020-11-07T09:00:00Z,9.7,2.4,0.0,0.0,OK,OK,OK,OK,false,hour_ending,SOURCE_UTC_STATED,fmi-8ab7d7d344b4,fmi_100949_20201102_20201108.xml,fmi_100949_20201102_20201108.xml#517;fmi_100949_20201102_20201108.xml#518;fmi_100949_20201102_20201108.xml#519;fmi_100949_20201102_20201108.xml#520
100949,2020-11-07T10:00:00Z,9.6,3.7,0.0,0.0,OK,OK,OK,OK,false,hour_ending,SOURCE_UTC_STATED,fmi-8ab7d7d344b4,fmi_100949_20201102_20201108.xml,fmi_100949_20201102_20201108.xml#521;fmi_100949_20201102_20201108.xml#522;fmi_100949_20201102_20201108.xml#523;fmi_100949_20201102_20201108.xml#524
100949,2020-11-07T11:00:00Z,8.1,3.8,0.0,0.0,OK,OK,OK,OK,false,hour_ending,SOURCE_UTC_STATED,fmi-8ab7d7d344b4,fmi_100949_20201102_20201108.xml,fmi_100949_20201102_20201108.xml#525;fmi_100949_20201102_20201108.xml#526;fmi_100949_20201102_20201108.xml#527;fmi_100949_20201102_20201108.xml#528
100949,2020-11-07T12:00:00Z,8.2,3.0,0.0,0.0,OK,OK,OK,OK,false,hour_ending,SOURCE_UTC_STATED,fmi-8ab7d7d344b4,fmi_100949_20201102_20201108.xml,fmi_100949_20201102_20201108.xml#529;fmi_100949_20201102_20201108.xml#530;fmi_100949_20201102_20201108.xml#531;fmi_100949_20201102_20201108.xml#532
100949,2020-11-07T13:00:00Z,9.1,3.2,0.0,0.0,OK,OK,OK,OK,false,hour_ending,SOURCE_UTC_STATED,fmi-8ab7d7d344b4,fmi_100949_20201102_20201108.xml,fmi_100949_20201102_20201108.xml#533;fmi_100949_20201102_20201108.xml#534;fmi_100949_20201102_20201108.xml#535;fmi_100949_20201102_20201108.xml#536
100949,2020-11-07T14:00:00Z,9.0,4.1,0.0,0.0,OK,OK,OK,OK,false,hour_ending,SOURCE_UTC_STATED,fmi-8ab7d7d344b4,fmi_100949_20201102_20201108.xml,fmi_100949_20201102_20201108.xml#537;fmi_100949_20201102_20201108.xml#538;fmi_100949_20201102_20201108.xml#539;fmi_100949_20201102_20201108.xml#540
100949,2020-11-07T15:00:00Z,9.2,3.7,0.0,0.0,OK,OK,OK,OK,false,hour_ending,SOURCE_UTC_STATED,fmi-8ab7d7d344b4,fmi_100949_20201102_20201108.xml,fmi_100949_20201102_20201108.xml#541;fmi_100949_20201102_20201108.xml#542;fmi_100949_20201102_20201108.xml#543;fmi_100949_20201102_20201108.xml#544
100949,2020-11-07T16:00:00Z,9.1,4.0,0.0,0.0,OK,OK,OK,OK,false,hour_ending,SOURCE_UTC_STATED,fmi-8ab7d7d344b4,fmi_100949_20201102_20201108.xml,fmi_100949_20201102_20201108.xml#545;fmi_100949_20201102_20201108.xml#546;fmi_100949_20201102_20201108.xml#547;fmi_100949_20201102_20201108.xml#548
100949,2020-11-07T17:00:00Z,9.2,3.7,0.0,0.0,OK,OK,OK,OK,false,hour_ending,SOURCE_UTC_STATED,fmi-8ab7d7d344b4,fmi_100949_20201102_20201108.xml,fmi_100949_20201102_20201108.xml#549;fmi_100949_20201102_20201108.xml#550;fmi_100949_20201102_20201108.xml#551;fmi_100949_20201102_20201108.xml#552
100949,2020-11-07T18:00:00Z,9.3,3.1,0.0,0.0,OK,OK,OK,OK,false,hour_ending,SOURCE_UTC_STATED,fmi-8ab7d7d344b4,fmi_100949_20201102_20201108.xml,fmi_100949_20201102_20201108.xml#553;fmi_100949_20201102_20201108.xml#554;fmi_100949_20201102_20201108.xml#555;fmi_100949_20201102_20201108.xml#556
100949,2020-11-07T19:00:00Z,9.0,3.8,0.0,0.0,OK,OK,OK,OK,false,hour_ending,SOURCE_UTC_STATED,fmi-8ab7d7d344b4,fmi_100949_20201102_20201108.xml,fmi_100949_20201102_20201108.xml#557;fmi_100949_20201102_20201108.xml#558;fmi_100949_20201102_20201108.xml#559;fmi_100949_20201102_20201108.xml#560
100949,2020-11-07T20:00:00Z,8.0,2.0,0.0,0.0,OK,OK,OK,OK,false,hour_ending,SOURCE_UTC_STATED,fmi-8ab7d7d344b4,fmi_100949_20201102_20201108.xml,fmi_100949_20201102_20201108.xml#561;fmi_100949_20201102_20201108.xml#562;fmi_100949_20201102_20201108.xml#563;fmi_100949_20201102_20201108.xml#564
100949,2020-11-07T21:00:00Z,8.1,2.4,0.0,0.0,OK,OK,OK,OK,false,hour_ending,SOURCE_UTC_STATED,fmi-8ab7d7d344b4,fmi_100949_20201102_20201108.xml,fmi_100949_20201102_20201108.xml#565;fmi_100949_20201102_20201108.xml#566;fmi_100949_20201102_20201108.xml#567;fmi_100949_20201102_20201108.xml#568
100949,2020-11-07T22:00:00Z,8.0,2.0,0.0,0.0,OK,OK,OK,OK,false,hour_ending,SOURCE_UTC_STATED,fmi-8ab7d7d344b4,fmi_100949_20201102_20201108.xml,fmi_100949_20201102_20201108.xml#569;fmi_100949_20201102_20201108.xml#570;fmi_100949_20201102_20201108.xml#571;fmi_100949_20201102_20201108.xml#572
100949,2020-11-07T23:00:00Z,7.9,2.1,0.0,0.0,OK,OK,OK,OK,false,hour_ending,SOURCE_UTC_STATED,fmi-8ab7d7d344b4,fmi_100949_20201102_20201108.xml,fmi_100949_20201102_20201108.xml#573;fmi_100949_20201102_20201108.xml#574;fmi_100949_20201102_20201108.xml#575;fmi_100949_20201102_20201108.xml#576
100949,2020-11-08T00:00:00Z,7.9,1.7,0.0,0.0,OK,OK,OK,OK,false,hour_ending,SOURCE_UTC_STATED,fmi-8ab7d7d344b4,fmi_100949_20201102_20201108.xml,fmi_100949_20201102_20201108.xml#577;fmi_100949_20201102_20201108.xml#578;fmi_100949_20201102_20201108.xml#579;fmi_100949_20201102_20201108.xml#580
100949,2020-11-08T01:00:00Z,7.7,2.9,0.0,0.0,OK,OK,OK,OK,false,hour_ending,SOURCE_UTC_STATED,fmi-8ab7d7d344b4,fmi_100949_20201102_20201108.xml,fmi_100949_20201102_20201108.xml#581;fmi_100949_20201102_20201108.xml#582;fmi_100949_20201102_20201108.xml#583;fmi_100949_20201102_20201108.xml#584
100949,2020-11-08T02:00:00Z,7.3,5.0,0.0,0.0,OK,OK,OK,OK,false,hour_ending,SOURCE_UTC_STATED,fmi-8ab7d7d344b4,fmi_100949_20201102_20201108.xml,fmi_100949_20201102_20201108.xml#585;fmi_100949_20201102_20201108.xml#586;fmi_100949_20201102_20201108.xml#587;fmi_100949_20201102_20201108.xml#588
100949,2020-11-08T03:00:00Z,6.1,2.3,0.0,0.0,OK,OK,OK,OK,false,hour_ending,SOURCE_UTC_STATED,fmi-8ab7d7d344b4,fmi_100949_20201102_20201108.xml,fmi_100949_20201102_20201108.xml#589;fmi_100949_20201102_20201108.xml#590;fmi_100949_20201102_20201108.xml#591;fmi_100949_20201102_20201108.xml#592
100949,2020-11-08T04:00:00Z,4.9,2.2,0.0,0.0,OK,OK,OK,OK,false,hour_ending,SOURCE_UTC_STATED,fmi-8ab7d7d344b4,fmi_100949_20201102_20201108.xml,fmi_100949_20201102_20201108.xml#593;fmi_100949_20201102_20201108.xml#594;fmi_100949_20201102_20201108.xml#595;fmi_100949_20201102_20201108.xml#596
100949,2020-11-08T05:00:00Z,3.4,2.0,0.0,0.0,OK,OK,OK,OK,false,hour_ending,SOURCE_UTC_STATED,fmi-8ab7d7d344b4,fmi_100949_20201102_20201108.xml,fmi_100949_20201102_20201108.xml#597;fmi_100949_20201102_20201108.xml#598;fmi_100949_20201102_20201108.xml#599;fmi_100949_20201102_20201108.xml#600
100949,2020-11-08T06:00:00Z,2.5,2.1,0.0,0.0,OK,OK,OK,OK,false,hour_ending,SOURCE_UTC_STATED,fmi-8ab7d7d344b4,fmi_100949_20201102_20201108.xml,fmi_100949_20201102_20201108.xml#601;fmi_100949_20201102_20201108.xml#602;fmi_100949_20201102_20201108.xml#603;fmi_100949_20201102_20201108.xml#604
100949,2020-11-08T07:00:00Z,2.5,1.4,0.0,0.0,OK,OK,OK,OK,false,hour_ending,SOURCE_UTC_STATED,fmi-8ab7d7d344b4,fmi_100949_20201102_20201108.xml,fmi_100949_20201102_20201108.xml#605;fmi_100949_20201102_20201108.xml#606;fmi_100949_20201102_20201108.xml#607;fmi_100949_20201102_20201108.xml#608
100949,2020-11-08T08:00:00Z,3.3,1.3,0.0,0.0,OK,OK,OK,OK,false,hour_ending,SOURCE_UTC_STATED,fmi-8ab7d7d344b4,fmi_100949_20201102_20201108.xml,fmi_100949_20201102_20201108.xml#609;fmi_100949_20201102_20201108.xml#610;fmi_100949_20201102_20201108.xml#611;fmi_100949_20201102_20201108.xml#612
100949,2020-11-08T09:00:00Z,4.6,1.4,0.0,0.0,OK,OK,OK,OK,false,hour_ending,SOURCE_UTC_STATED,fmi-8ab7d7d344b4,fmi_100949_20201102_20201108.xml,fmi_100949_20201102_20201108.xml#613;fmi_100949_20201102_20201108.xml#614;fmi_100949_20201102_20201108.xml#615;fmi_100949_20201102_20201108.xml#616
100949,2020-11-08T10:00:00Z,5.6,1.4,0.0,0.0,OK,OK,OK,OK,false,hour_ending,SOURCE_UTC_STATED,fmi-8ab7d7d344b4,fmi_100949_20201102_20201108.xml,fmi_100949_20201102_20201108.xml#617;fmi_100949_20201102_20201108.xml#618;fmi_100949_20201102_20201108.xml#619;fmi_100949_20201102_20201108.xml#620
100949,2020-11-08T11:00:00Z,6.3,2.5,0.0,0.0,OK,OK,OK,OK,false,hour_ending,SOURCE_UTC_STATED,fmi-8ab7d7d344b4,fmi_100949_20201102_20201108.xml,fmi_100949_20201102_20201108.xml#621;fmi_100949_20201102_20201108.xml#622;fmi_100949_20201102_20201108.xml#623;fmi_100949_20201102_20201108.xml#624
100949,2020-11-08T12:00:00Z,6.7,2.2,0.0,0.0,OK,OK,OK,OK,false,hour_ending,SOURCE_UTC_STATED,fmi-8ab7d7d344b4,fmi_100949_20201102_20201108.xml,fmi_100949_20201102_20201108.xml#625;fmi_100949_20201102_20201108.xml#626;fmi_100949_20201102_20201108.xml#627;fmi_100949_20201102_20201108.xml#628
100949,2020-11-08T13:00:00Z,6.5,2.8,0.0,0.0,OK,OK,OK,OK,false,hour_ending,SOURCE_UTC_STATED,fmi-8ab7d7d344b4,fmi_100949_20201102_20201108.xml,fmi_100949_20201102_20201108.xml#629;fmi_100949_20201102_20201108.xml#630;fmi_100949_20201102_20201108.xml#631;fmi_100949_20201102_20201108.xml#632
100949,2020-11-08T14:00:00Z,5.6,1.6,0.0,0.0,OK,OK,OK,OK,false,hour_ending,SOURCE_UTC_STATED,fmi-8ab7d7d344b4,fmi_100949_20201102_20201108.xml,fmi_100949_20201102_20201108.xml#633;fmi_100949_20201102_20201108.xml#634;fmi_100949_20201102_20201108.xml#635;fmi_100949_20201102_20201108.xml#636
100949,2020-11-08T15:00:00Z,4.0,1.6,0.0,0.0,OK,OK,OK,OK,false,hour_ending,SOURCE_UTC_STATED,fmi-8ab7d7d344b4,fmi_100949_20201102_20201108.xml,fmi_100949_20201102_20201108.xml#637;fmi_100949_20201102_20201108.xml#638;fmi_100949_20201102_20201108.xml#639;fmi_100949_20201102_20201108.xml#640
100949,2020-11-08T16:00:00Z,2.5,1.4,0.0,0.0,OK,OK,OK,OK,false,hour_ending,SOURCE_UTC_STATED,fmi-8ab7d7d344b4,fmi_100949_20201102_20201108.xml,fmi_100949_20201102_20201108.xml#641;fmi_100949_20201102_20201108.xml#642;fmi_100949_20201102_20201108.xml#643;fmi_100949_20201102_20201108.xml#644
100949,2020-11-08T17:00:00Z,1.0,1.1,0.0,0.0,OK,OK,OK,OK,false,hour_ending,SOURCE_UTC_STATED,fmi-8ab7d7d344b4,fmi_100949_20201102_20201108.xml,fmi_100949_20201102_20201108.xml#645;fmi_100949_20201102_20201108.xml#646;fmi_100949_20201102_20201108.xml#647;fmi_100949_20201102_20201108.xml#648
100949,2020-11-08T18:00:00Z,0.0,1.7,0.0,0.0,OK,OK,OK,OK,false,hour_ending,SOURCE_UTC_STATED,fmi-8ab7d7d344b4,fmi_100949_20201102_20201108.xml,fmi_100949_20201102_20201108.xml#649;fmi_100949_20201102_20201108.xml#650;fmi_100949_20201102_20201108.xml#651;fmi_100949_20201102_20201108.xml#652
100949,2020-11-08T19:00:00Z,0.2,2.0,0.0,0.0,OK,OK,OK,OK,false,hour_ending,SOURCE_UTC_STATED,fmi-8ab7d7d344b4,fmi_100949_20201102_20201108.xml,fmi_100949_20201102_20201108.xml#653;fmi_100949_20201102_20201108.xml#654;fmi_100949_20201102_20201108.xml#655;fmi_100949_20201102_20201108.xml#656
100949,2020-11-08T20:00:00Z,-0.7,1.4,0.0,0.0,OK,OK,OK,OK,false,hour_ending,SOURCE_UTC_STATED,fmi-8ab7d7d344b4,fmi_100949_20201102_20201108.xml,fmi_100949_20201102_20201108.xml#657;fmi_100949_20201102_20201108.xml#658;fmi_100949_20201102_20201108.xml#659;fmi_100949_20201102_20201108.xml#660
100949,2020-11-08T21:00:00Z,-1.2,1.3,0.0,0.0,OK,OK,OK,OK,false,hour_ending,SOURCE_UTC_STATED,fmi-8ab7d7d344b4,fmi_100949_20201102_20201108.xml,fmi_100949_20201102_20201108.xml#661;fmi_100949_20201102_20201108.xml#662;fmi_100949_20201102_20201108.xml#663;fmi_100949_20201102_20201108.xml#664
100949,2020-11-08T22:00:00Z,-1.6,1.6,0.0,0.0,OK,OK,OK,OK,false,hour_ending,SOURCE_UTC_STATED,fmi-8ab7d7d344b4,fmi_100949_20201102_20201108.xml,fmi_100949_20201102_20201108.xml#665;fmi_100949_20201102_20201108.xml#666;fmi_100949_20201102_20201108.xml#667;fmi_100949_20201102_20201108.xml#668
100949,2020-11-08T23:00:00Z,-1.0,1.8,0.0,0.0,OK,OK,OK,OK,false,hour_ending,SOURCE_UTC_STATED,fmi-8ab7d7d344b4,fmi_100949_20201102_20201108.xml,fmi_100949_20201102_20201108.xml#669;fmi_100949_20201102_20201108.xml#670;fmi_100949_20201102_20201108.xml#671;fmi_100949_20201102_20201108.xml#672
100949,2020-11-09T00:00:00Z,-0.2,1.5,0.0,0.0,OK,OK,OK,OK,false,hour_ending,SOURCE_UTC_STATED,fmi-8ab7d7d344b4,fmi_100949_20201109_20201115.xml,fmi_100949_20201109_20201115.xml#1;fmi_100949_20201109_20201115.xml#2;fmi_100949_20201109_20201115.xml#3;fmi_100949_20201109_20201115.xml#4
100949,2020-11-09T01:00:00Z,5.7,2.3,0.0,0.0,OK,OK,OK,OK,false,hour_ending,SOURCE_UTC_STATED,fmi-8ab7d7d344b4,fmi_100949_20201109_20201115.xml,fmi_100949_20201109_20201115.xml#5;fmi_100949_20201109_20201115.xml#6;fmi_100949_20201109_20201115.xml#7;fmi_100949_20201109_20201115.xml#8
100949,2020-11-09T02:00:00Z,6.6,2.3,0.0,0.0,OK,OK,OK,OK,false,hour_ending,SOURCE_UTC_STATED,fmi-8ab7d7d344b4,fmi_100949_20201109_20201115.xml,fmi_100949_20201109_20201115.xml#10;fmi_100949_20201109_20201115.xml#11;fmi_100949_20201109_20201115.xml#12;fmi_100949_20201109_20201115.xml#9
100949,2020-11-09T03:00:00Z,7.4,3.0,0.0,0.0,OK,OK,OK,OK,false,hour_ending,SOURCE_UTC_STATED,fmi-8ab7d7d344b4,fmi_100949_20201109_20201115.xml,fmi_100949_20201109_20201115.xml#13;fmi_100949_20201109_20201115.xml#14;fmi_100949_20201109_20201115.xml#15;fmi_100949_20201109_20201115.xml#16
100949,2020-11-09T04:00:00Z,7.4,3.4,0.0,0.0,OK,OK,OK,OK,false,hour_ending,SOURCE_UTC_STATED,fmi-8ab7d7d344b4,fmi_100949_20201109_20201115.xml,fmi_100949_20201109_20201115.xml#17;fmi_100949_20201109_20201115.xml#18;fmi_100949_20201109_20201115.xml#19;fmi_100949_20201109_20201115.xml#20
100949,2020-11-09T05:00:00Z,7.7,3.6,0.0,0.0,OK,OK,OK,OK,false,hour_ending,SOURCE_UTC_STATED,fmi-8ab7d7d344b4,fmi_100949_20201109_20201115.xml,fmi_100949_20201109_20201115.xml#21;fmi_100949_20201109_20201115.xml#22;fmi_100949_20201109_20201115.xml#23;fmi_100949_20201109_20201115.xml#24
100949,2020-11-09T06:00:00Z,6.9,1.5,0.0,0.0,OK,OK,OK,OK,false,hour_ending,SOURCE_UTC_STATED,fmi-8ab7d7d344b4,fmi_100949_20201109_20201115.xml,fmi_100949_20201109_20201115.xml#25;fmi_100949_20201109_20201115.xml#26;fmi_100949_20201109_20201115.xml#27;fmi_100949_20201109_20201115.xml#28
100949,2020-11-09T07:00:00Z,7.0,2.1,0.0,0.0,OK,OK,OK,OK,false,hour_ending,SOURCE_UTC_STATED,fmi-8ab7d7d344b4,fmi_100949_20201109_20201115.xml,fmi_100949_20201109_20201115.xml#29;fmi_100949_20201109_20201115.xml#30;fmi_100949_20201109_20201115.xml#31;fmi_100949_20201109_20201115.xml#32
100949,2020-11-09T08:00:00Z,7.1,3.4,0.0,0.0,OK,OK,OK,OK,false,hour_ending,SOURCE_UTC_STATED,fmi-8ab7d7d344b4,fmi_100949_20201109_20201115.xml,fmi_100949_20201109_20201115.xml#33;fmi_100949_20201109_20201115.xml#34;fmi_100949_20201109_20201115.xml#35;fmi_100949_20201109_20201115.xml#36
100949,2020-11-09T09:00:00Z,7.0,3.6,0.0,0.0,OK,OK,OK,OK,false,hour_ending,SOURCE_UTC_STATED,fmi-8ab7d7d344b4,fmi_100949_20201109_20201115.xml,fmi_100949_20201109_20201115.xml#37;fmi_100949_20201109_20201115.xml#38;fmi_100949_20201109_20201115.xml#39;fmi_100949_20201109_20201115.xml#40
100949,2020-11-09T10:00:00Z,7.3,2.9,0.0,0.0,OK,OK,OK,OK,false,hour_ending,SOURCE_UTC_STATED,fmi-8ab7d7d344b4,fmi_100949_20201109_20201115.xml,fmi_100949_20201109_20201115.xml#41;fmi_100949_20201109_20201115.xml#42;fmi_100949_20201109_20201115.xml#43;fmi_100949_20201109_20201115.xml#44
100949,2020-11-09T11:00:00Z,7.7,3.5,0.0,0.0,OK,OK,OK,OK,false,hour_ending,SOURCE_UTC_STATED,fmi-8ab7d7d344b4,fmi_100949_20201109_20201115.xml,fmi_100949_20201109_20201115.xml#45;fmi_100949_20201109_20201115.xml#46;fmi_100949_20201109_20201115.xml#47;fmi_100949_20201109_20201115.xml#48
100949,2020-11-09T12:00:00Z,7.6,3.4,0.0,0.0,OK,OK,OK,OK,false,hour_ending,SOURCE_UTC_STATED,fmi-8ab7d7d344b4,fmi_100949_20201109_20201115.xml,fmi_100949_20201109_20201115.xml#49;fmi_100949_20201109_20201115.xml#50;fmi_100949_20201109_20201115.xml#51;fmi_100949_20201109_20201115.xml#52
100949,2020-11-09T13:00:00Z,7.2,3.4,0.0,0.0,OK,OK,OK,OK,false,hour_ending,SOURCE_UTC_STATED,fmi-8ab7d7d344b4,fmi_100949_20201109_20201115.xml,fmi_100949_20201109_20201115.xml#53;fmi_100949_20201109_20201115.xml#54;fmi_100949_20201109_20201115.xml#55;fmi_100949_20201109_20201115.xml#56
100949,2020-11-09T14:00:00Z,6.3,2.6,0.0,0.0,OK,OK,OK,OK,false,hour_ending,SOURCE_UTC_STATED,fmi-8ab7d7d344b4,fmi_100949_20201109_20201115.xml,fmi_100949_20201109_20201115.xml#57;fmi_100949_20201109_20201115.xml#58;fmi_100949_20201109_20201115.xml#59;fmi_100949_20201109_20201115.xml#60
100949,2020-11-09T15:00:00Z,5.7,2.9,0.0,0.0,OK,OK,OK,OK,false,hour_ending,SOURCE_UTC_STATED,fmi-8ab7d7d344b4,fmi_100949_20201109_20201115.xml,fmi_100949_20201109_20201115.xml#61;fmi_100949_20201109_20201115.xml#62;fmi_100949_20201109_20201115.xml#63;fmi_100949_20201109_20201115.xml#64
100949,2020-11-09T16:00:00Z,5.1,2.4,0.0,0.0,OK,OK,OK,OK,false,hour_ending,SOURCE_UTC_STATED,fmi-8ab7d7d344b4,fmi_100949_20201109_20201115.xml,fmi_100949_20201109_20201115.xml#65;fmi_100949_20201109_20201115.xml#66;fmi_100949_20201109_20201115.xml#67;fmi_100949_20201109_20201115.xml#68
100949,2020-11-09T17:00:00Z,4.4,2.0,0.0,0.0,OK,OK,OK,OK,false,hour_ending,SOURCE_UTC_STATED,fmi-8ab7d7d344b4,fmi_100949_20201109_20201115.xml,fmi_100949_20201109_20201115.xml#69;fmi_100949_20201109_20201115.xml#70;fmi_100949_20201109_20201115.xml#71;fmi_100949_20201109_20201115.xml#72
100949,2020-11-09T18:00:00Z,4.3,1.7,0.0,0.0,OK,OK,OK,OK,false,hour_ending,SOURCE_UTC_STATED,fmi-8ab7d7d344b4,fmi_100949_20201109_20201115.xml,fmi_100949_20201109_20201115.xml#73;fmi_100949_20201109_20201115.xml#74;fmi_100949_20201109_20201115.xml#75;fmi_100949_20201109_20201115.xml#76
100949,2020-11-09T19:00:00Z,1.7,0.0,0.0,0.0,OK,OK,OK,OK,false,hour_ending,SOURCE_UTC_STATED,fmi-8ab7d7d344b4,fmi_100949_20201109_20201115.xml,fmi_100949_20201109_20201115.xml#77;fmi_100949_20201109_20201115.xml#78;fmi_100949_20201109_20201115.xml#79;fmi_100949_20201109_20201115.xml#80
100949,2020-11-09T20:00:00Z,2.4,2.2,0.0,0.0,OK,OK,OK,OK,false,hour_ending,SOURCE_UTC_STATED,fmi-8ab7d7d344b4,fmi_100949_20201109_20201115.xml,fmi_100949_20201109_20201115.xml#81;fmi_100949_20201109_20201115.xml#82;fmi_100949_20201109_20201115.xml#83;fmi_100949_20201109_20201115.xml#84
100949,2020-11-09T21:00:00Z,2.4,1.9,0.0,0.0,OK,OK,OK,OK,false,hour_ending,SOURCE_UTC_STATED,fmi-8ab7d7d344b4,fmi_100949_20201109_20201115.xml,fmi_100949_20201109_20201115.xml#85;fmi_100949_20201109_20201115.xml#86;fmi_100949_20201109_20201115.xml#87;fmi_100949_20201109_20201115.xml#88
100949,2020-11-09T22:00:00Z,2.8,1.8,0.0,0.0,OK,OK,OK,OK,false,hour_ending,SOURCE_UTC_STATED,fmi-8ab7d7d344b4,fmi_100949_20201109_20201115.xml,fmi_100949_20201109_20201115.xml#89;fmi_100949_20201109_20201115.xml#90;fmi_100949_20201109_20201115.xml#91;fmi_100949_20201109_20201115.xml#92
100949,2020-11-09T23:00:00Z,2.0,1.5,0.0,0.0,OK,OK,OK,OK,false,hour_ending,SOURCE_UTC_STATED,fmi-8ab7d7d344b4,fmi_100949_20201109_20201115.xml,fmi_100949_20201109_20201115.xml#93;fmi_100949_20201109_20201115.xml#94;fmi_100949_20201109_20201115.xml#95;fmi_100949_20201109_20201115.xml#96
100949,2020-11-10T00:00:00Z,0.1,0.0,0.0,0.0,OK,OK,OK,OK,false,hour_ending,SOURCE_UTC_STATED,fmi-8ab7d7d344b4,fmi_100949_20201109_20201115.xml,fmi_100949_20201109_20201115.xml#100;fmi_100949_20201109_20201115.xml#97;fmi_100949_20201109_20201115.xml#98;fmi_100949_20201109_20201115.xml#99
100949,2020-11-10T01:00:00Z,-0.5,0.0,0.0,0.0,OK,OK,OK,OK,false,hour_ending,SOURCE_UTC_STATED,fmi-8ab7d7d344b4,fmi_100949_20201109_20201115.xml,fmi_100949_20201109_20201115.xml#101;fmi_100949_20201109_20201115.xml#102;fmi_100949_20201109_20201115.xml#103;fmi_100949_20201109_20201115.xml#104
100949,2020-11-10T02:00:00Z,-1.3,0.9,0.0,0.0,OK,OK,OK,OK,false,hour_ending,SOURCE_UTC_STATED,fmi-8ab7d7d344b4,fmi_100949_20201109_20201115.xml,fmi_100949_20201109_20201115.xml#105;fmi_100949_20201109_20201115.xml#106;fmi_100949_20201109_20201115.xml#107;fmi_100949_20201109_20201115.xml#108
100949,2020-11-10T03:00:00Z,-1.5,0.0,0.0,0.0,OK,OK,OK,OK,false,hour_ending,SOURCE_UTC_STATED,fmi-8ab7d7d344b4,fmi_100949_20201109_20201115.xml,fmi_100949_20201109_20201115.xml#109;fmi_100949_20201109_20201115.xml#110;fmi_100949_20201109_20201115.xml#111;fmi_100949_20201109_20201115.xml#112
100949,2020-11-10T04:00:00Z,-1.9,0.0,0.0,0.0,OK,OK,OK,OK,false,hour_ending,SOURCE_UTC_STATED,fmi-8ab7d7d344b4,fmi_100949_20201109_20201115.xml,fmi_100949_20201109_20201115.xml#113;fmi_100949_20201109_20201115.xml#114;fmi_100949_20201109_20201115.xml#115;fmi_100949_20201109_20201115.xml#116
100949,2020-11-10T05:00:00Z,-2.2,0.0,0.0,0.0,OK,OK,OK,OK,false,hour_ending,SOURCE_UTC_STATED,fmi-8ab7d7d344b4,fmi_100949_20201109_20201115.xml,fmi_100949_20201109_20201115.xml#117;fmi_100949_20201109_20201115.xml#118;fmi_100949_20201109_20201115.xml#119;fmi_100949_20201109_20201115.xml#120
100949,2020-11-10T06:00:00Z,-2.4,0.0,0.0,0.0,OK,OK,OK,OK,false,hour_ending,SOURCE_UTC_STATED,fmi-8ab7d7d344b4,fmi_100949_20201109_20201115.xml,fmi_100949_20201109_20201115.xml#121;fmi_100949_20201109_20201115.xml#122;fmi_100949_20201109_20201115.xml#123;fmi_100949_20201109_20201115.xml#124
100949,2020-11-10T07:00:00Z,-1.9,0.0,0.0,0.0,OK,OK,OK,OK,false,hour_ending,SOURCE_UTC_STATED,fmi-8ab7d7d344b4,fmi_100949_20201109_20201115.xml,fmi_100949_20201109_20201115.xml#125;fmi_100949_20201109_20201115.xml#126;fmi_100949_20201109_20201115.xml#127;fmi_100949_20201109_20201115.xml#128
100949,2020-11-10T08:00:00Z,-1.0,0.0,0.0,0.0,OK,OK,OK,OK,false,hour_ending,SOURCE_UTC_STATED,fmi-8ab7d7d344b4,fmi_100949_20201109_20201115.xml,fmi_100949_20201109_20201115.xml#129;fmi_100949_20201109_20201115.xml#130;fmi_100949_20201109_20201115.xml#131;fmi_100949_20201109_20201115.xml#132
100949,2020-11-10T09:00:00Z,0.9,0.0,0.0,0.0,OK,OK,OK,OK,false,hour_ending,SOURCE_UTC_STATED,fmi-8ab7d7d344b4,fmi_100949_20201109_20201115.xml,fmi_100949_20201109_20201115.xml#133;fmi_100949_20201109_20201115.xml#134;fmi_100949_20201109_20201115.xml#135;fmi_100949_20201109_20201115.xml#136
100949,2020-11-10T10:00:00Z,2.8,0.0,0.0,0.0,OK,OK,OK,OK,false,hour_ending,SOURCE_UTC_STATED,fmi-8ab7d7d344b4,fmi_100949_20201109_20201115.xml,fmi_100949_20201109_20201115.xml#137;fmi_100949_20201109_20201115.xml#138;fmi_100949_20201109_20201115.xml#139;fmi_100949_20201109_20201115.xml#140
100949,2020-11-10T11:00:00Z,4.6,1.5,0.0,0.0,OK,OK,OK,OK,false,hour_ending,SOURCE_UTC_STATED,fmi-8ab7d7d344b4,fmi_100949_20201109_20201115.xml,fmi_100949_20201109_20201115.xml#141;fmi_100949_20201109_20201115.xml#142;fmi_100949_20201109_20201115.xml#143;fmi_100949_20201109_20201115.xml#144
100949,2020-11-10T12:00:00Z,5.7,1.8,0.0,0.0,OK,OK,OK,OK,false,hour_ending,SOURCE_UTC_STATED,fmi-8ab7d7d344b4,fmi_100949_20201109_20201115.xml,fmi_100949_20201109_20201115.xml#145;fmi_100949_20201109_20201115.xml#146;fmi_100949_20201109_20201115.xml#147;fmi_100949_20201109_20201115.xml#148
100949,2020-11-10T13:00:00Z,5.1,1.9,0.0,0.0,OK,OK,OK,OK,false,hour_ending,SOURCE_UTC_STATED,fmi-8ab7d7d344b4,fmi_100949_20201109_20201115.xml,fmi_100949_20201109_20201115.xml#149;fmi_100949_20201109_20201115.xml#150;fmi_100949_20201109_20201115.xml#151;fmi_100949_20201109_20201115.xml#152
100949,2020-11-10T14:00:00Z,4.9,1.5,0.0,0.0,OK,OK,OK,OK,false,hour_ending,SOURCE_UTC_STATED,fmi-8ab7d7d344b4,fmi_100949_20201109_20201115.xml,fmi_100949_20201109_20201115.xml#153;fmi_100949_20201109_20201115.xml#154;fmi_100949_20201109_20201115.xml#155;fmi_100949_20201109_20201115.xml#156
100949,2020-11-10T15:00:00Z,2.9,1.1,0.0,0.0,OK,OK,OK,OK,false,hour_ending,SOURCE_UTC_STATED,fmi-8ab7d7d344b4,fmi_100949_20201109_20201115.xml,fmi_100949_20201109_20201115.xml#157;fmi_100949_20201109_20201115.xml#158;fmi_100949_20201109_20201115.xml#159;fmi_100949_20201109_20201115.xml#160
100949,2020-11-10T16:00:00Z,2.0,0.9,0.0,0.0,OK,OK,OK,OK,false,hour_ending,SOURCE_UTC_STATED,fmi-8ab7d7d344b4,fmi_100949_20201109_20201115.xml,fmi_100949_20201109_20201115.xml#161;fmi_100949_20201109_20201115.xml#162;fmi_100949_20201109_20201115.xml#163;fmi_100949_20201109_20201115.xml#164
100949,2020-11-10T17:00:00Z,2.0,1.2,0.0,0.0,OK,OK,OK,OK,false,hour_ending,SOURCE_UTC_STATED,fmi-8ab7d7d344b4,fmi_100949_20201109_20201115.xml,fmi_100949_20201109_20201115.xml#165;fmi_100949_20201109_20201115.xml#166;fmi_100949_20201109_20201115.xml#167;fmi_100949_20201109_20201115.xml#168
100949,2020-11-10T18:00:00Z,2.4,0.0,0.0,0.0,OK,OK,OK,OK,false,hour_ending,SOURCE_UTC_STATED,fmi-8ab7d7d344b4,fmi_100949_20201109_20201115.xml,fmi_100949_20201109_20201115.xml#169;fmi_100949_20201109_20201115.xml#170;fmi_100949_20201109_20201115.xml#171;fmi_100949_20201109_20201115.xml#172
100949,2020-11-10T19:00:00Z,2.8,1.3,0.0,0.0,OK,OK,OK,OK,false,hour_ending,SOURCE_UTC_STATED,fmi-8ab7d7d344b4,fmi_100949_20201109_20201115.xml,fmi_100949_20201109_20201115.xml#173;fmi_100949_20201109_20201115.xml#174;fmi_100949_20201109_20201115.xml#175;fmi_100949_20201109_20201115.xml#176
100949,2020-11-10T20:00:00Z,4.4,1.6,0.0,0.0,OK,OK,OK,OK,false,hour_ending,SOURCE_UTC_STATED,fmi-8ab7d7d344b4,fmi_100949_20201109_20201115.xml,fmi_100949_20201109_20201115.xml#177;fmi_100949_20201109_20201115.xml#178;fmi_100949_20201109_20201115.xml#179;fmi_100949_20201109_20201115.xml#180
100949,2020-11-10T21:00:00Z,5.5,2.3,0.0,0.0,OK,OK,OK,OK,false,hour_ending,SOURCE_UTC_STATED,fmi-8ab7d7d344b4,fmi_100949_20201109_20201115.xml,fmi_100949_20201109_20201115.xml#181;fmi_100949_20201109_20201115.xml#182;fmi_100949_20201109_20201115.xml#183;fmi_100949_20201109_20201115.xml#184
100949,2020-11-10T22:00:00Z,5.7,1.9,0.0,0.0,OK,OK,OK,OK,false,hour_ending,SOURCE_UTC_STATED,fmi-8ab7d7d344b4,fmi_100949_20201109_20201115.xml,fmi_100949_20201109_20201115.xml#185;fmi_100949_20201109_20201115.xml#186;fmi_100949_20201109_20201115.xml#187;fmi_100949_20201109_20201115.xml#188
100949,2020-11-10T23:00:00Z,5.4,2.2,0.0,0.0,OK,OK,OK,OK,false,hour_ending,SOURCE_UTC_STATED,fmi-8ab7d7d344b4,fmi_100949_20201109_20201115.xml,fmi_100949_20201109_20201115.xml#189;fmi_100949_20201109_20201115.xml#190;fmi_100949_20201109_20201115.xml#191;fmi_100949_20201109_20201115.xml#192
100949,2020-11-11T00:00:00Z,5.1,2.6,0.0,0.0,OK,OK,OK,OK,false,hour_ending,SOURCE_UTC_STATED,fmi-8ab7d7d344b4,fmi_100949_20201109_20201115.xml,fmi_100949_20201109_20201115.xml#193;fmi_100949_20201109_20201115.xml#194;fmi_100949_20201109_20201115.xml#195;fmi_100949_20201109_20201115.xml#196
100949,2020-11-11T01:00:00Z,5.3,1.2,0.0,0.0,OK,OK,OK,OK,false,hour_ending,SOURCE_UTC_STATED,fmi-8ab7d7d344b4,fmi_100949_20201109_20201115.xml,fmi_100949_20201109_20201115.xml#197;fmi_100949_20201109_20201115.xml#198;fmi_100949_20201109_20201115.xml#199;fmi_100949_20201109_20201115.xml#200
100949,2020-11-11T02:00:00Z,5.2,1.3,0.0,0.0,OK,OK,OK,OK,false,hour_ending,SOURCE_UTC_STATED,fmi-8ab7d7d344b4,fmi_100949_20201109_20201115.xml,fmi_100949_20201109_20201115.xml#201;fmi_100949_20201109_20201115.xml#202;fmi_100949_20201109_20201115.xml#203;fmi_100949_20201109_20201115.xml#204
100949,2020-11-11T03:00:00Z,5.2,1.3,0.0,0.0,OK,OK,OK,OK,false,hour_ending,SOURCE_UTC_STATED,fmi-8ab7d7d344b4,fmi_100949_20201109_20201115.xml,fmi_100949_20201109_20201115.xml#205;fmi_100949_20201109_20201115.xml#206;fmi_100949_20201109_20201115.xml#207;fmi_100949_20201109_20201115.xml#208
100949,2020-11-11T04:00:00Z,5.6,1.3,0.0,0.0,OK,OK,OK,OK,false,hour_ending,SOURCE_UTC_STATED,fmi-8ab7d7d344b4,fmi_100949_20201109_20201115.xml,fmi_100949_20201109_20201115.xml#209;fmi_100949_20201109_20201115.xml#210;fmi_100949_20201109_20201115.xml#211;fmi_100949_20201109_20201115.xml#212
100949,2020-11-11T05:00:00Z,6.1,2.7,0.0,0.0,OK,OK,OK,OK,false,hour_ending,SOURCE_UTC_STATED,fmi-8ab7d7d344b4,fmi_100949_20201109_20201115.xml,fmi_100949_20201109_20201115.xml#213;fmi_100949_20201109_20201115.xml#214;fmi_100949_20201109_20201115.xml#215;fmi_100949_20201109_20201115.xml#216
100949,2020-11-11T06:00:00Z,6.4,1.8,0.1,0.0,OK,OK,OK,OK,false,hour_ending,SOURCE_UTC_STATED,fmi-8ab7d7d344b4,fmi_100949_20201109_20201115.xml,fmi_100949_20201109_20201115.xml#217;fmi_100949_20201109_20201115.xml#218;fmi_100949_20201109_20201115.xml#219;fmi_100949_20201109_20201115.xml#220
100949,2020-11-11T07:00:00Z,6.8,1.9,0.0,0.0,OK,OK,OK,OK,false,hour_ending,SOURCE_UTC_STATED,fmi-8ab7d7d344b4,fmi_100949_20201109_20201115.xml,fmi_100949_20201109_20201115.xml#221;fmi_100949_20201109_20201115.xml#222;fmi_100949_20201109_20201115.xml#223;fmi_100949_20201109_20201115.xml#224
100949,2020-11-11T08:00:00Z,6.9,2.1,0.3,0.5,OK,OK,OK,OK,false,hour_ending,SOURCE_UTC_STATED,fmi-8ab7d7d344b4,fmi_100949_20201109_20201115.xml,fmi_100949_20201109_20201115.xml#225;fmi_100949_20201109_20201115.xml#226;fmi_100949_20201109_20201115.xml#227;fmi_100949_20201109_20201115.xml#228
100949,2020-11-11T09:00:00Z,7.1,1.7,1.3,2.3,OK,OK,OK,OK,false,hour_ending,SOURCE_UTC_STATED,fmi-8ab7d7d344b4,fmi_100949_20201109_20201115.xml,fmi_100949_20201109_20201115.xml#229;fmi_100949_20201109_20201115.xml#230;fmi_100949_20201109_20201115.xml#231;fmi_100949_20201109_20201115.xml#232
100949,2020-11-11T10:00:00Z,7.1,0.7,2.6,0.7,OK,OK,OK,OK,false,hour_ending,SOURCE_UTC_STATED,fmi-8ab7d7d344b4,fmi_100949_20201109_20201115.xml,fmi_100949_20201109_20201115.xml#233;fmi_100949_20201109_20201115.xml#234;fmi_100949_20201109_20201115.xml#235;fmi_100949_20201109_20201115.xml#236
100949,2020-11-11T11:00:00Z,7.1,0.0,0.6,0.7,OK,OK,OK,OK,false,hour_ending,SOURCE_UTC_STATED,fmi-8ab7d7d344b4,fmi_100949_20201109_20201115.xml,fmi_100949_20201109_20201115.xml#237;fmi_100949_20201109_20201115.xml#238;fmi_100949_20201109_20201115.xml#239;fmi_100949_20201109_20201115.xml#240
100949,2020-11-11T12:00:00Z,7.2,1.1,0.4,0.0,OK,OK,OK,OK,false,hour_ending,SOURCE_UTC_STATED,fmi-8ab7d7d344b4,fmi_100949_20201109_20201115.xml,fmi_100949_20201109_20201115.xml#241;fmi_100949_20201109_20201115.xml#242;fmi_100949_20201109_20201115.xml#243;fmi_100949_20201109_20201115.xml#244
100949,2020-11-11T13:00:00Z,7.3,1.2,0.1,0.3,OK,OK,OK,OK,false,hour_ending,SOURCE_UTC_STATED,fmi-8ab7d7d344b4,fmi_100949_20201109_20201115.xml,fmi_100949_20201109_20201115.xml#245;fmi_100949_20201109_20201115.xml#246;fmi_100949_20201109_20201115.xml#247;fmi_100949_20201109_20201115.xml#248
100949,2020-11-11T14:00:00Z,7.7,1.6,0.0,0.0,OK,OK,OK,OK,false,hour_ending,SOURCE_UTC_STATED,fmi-8ab7d7d344b4,fmi_100949_20201109_20201115.xml,fmi_100949_20201109_20201115.xml#249;fmi_100949_20201109_20201115.xml#250;fmi_100949_20201109_20201115.xml#251;fmi_100949_20201109_20201115.xml#252
100949,2020-11-11T15:00:00Z,8.0,1.5,0.0,0.0,OK,OK,OK,OK,false,hour_ending,SOURCE_UTC_STATED,fmi-8ab7d7d344b4,fmi_100949_20201109_20201115.xml,fmi_100949_20201109_20201115.xml#253;fmi_100949_20201109_20201115.xml#254;fmi_100949_20201109_20201115.xml#255;fmi_100949_20201109_20201115.xml#256
100949,2020-11-11T16:00:00Z,7.9,1.8,0.1,0.1,OK,OK,OK,OK,false,hour_ending,SOURCE_UTC_STATED,fmi-8ab7d7d344b4,fmi_100949_20201109_20201115.xml,fmi_100949_20201109_20201115.xml#257;fmi_100949_20201109_20201115.xml#258;fmi_100949_20201109_20201115.xml#259;fmi_100949_20201109_20201115.xml#260
100949,2020-11-11T17:00:00Z,7.7,1.8,0.1,0.0,OK,OK,OK,OK,false,hour_ending,SOURCE_UTC_STATED,fmi-8ab7d7d344b4,fmi_100949_20201109_20201115.xml,fmi_100949_20201109_20201115.xml#261;fmi_100949_20201109_20201115.xml#262;fmi_100949_20201109_20201115.xml#263;fmi_100949_20201109_20201115.xml#264
100949,2020-11-11T18:00:00Z,7.5,1.3,0.1,0.0,OK,OK,OK,OK,false,hour_ending,SOURCE_UTC_STATED,fmi-8ab7d7d344b4,fmi_100949_20201109_20201115.xml,fmi_100949_20201109_20201115.xml#265;fmi_100949_20201109_20201115.xml#266;fmi_100949_20201109_20201115.xml#267;fmi_100949_20201109_20201115.xml#268
100949,2020-11-11T19:00:00Z,7.7,1.7,0.1,0.1,OK,OK,OK,OK,false,hour_ending,SOURCE_UTC_STATED,fmi-8ab7d7d344b4,fmi_100949_20201109_20201115.xml,fmi_100949_20201109_20201115.xml#269;fmi_100949_20201109_20201115.xml#270;fmi_100949_20201109_20201115.xml#271;fmi_100949_20201109_20201115.xml#272
100949,2020-11-11T20:00:00Z,7.6,1.6,0.1,0.0,OK,OK,OK,OK,false,hour_ending,SOURCE_UTC_STATED,fmi-8ab7d7d344b4,fmi_100949_20201109_20201115.xml,fmi_100949_20201109_20201115.xml#273;fmi_100949_20201109_20201115.xml#274;fmi_100949_20201109_20201115.xml#275;fmi_100949_20201109_20201115.xml#276
100949,2020-11-11T21:00:00Z,7.4,0.7,0.2,0.1,OK,OK,OK,OK,false,hour_ending,SOURCE_UTC_STATED,fmi-8ab7d7d344b4,fmi_100949_20201109_20201115.xml,fmi_100949_20201109_20201115.xml#277;fmi_100949_20201109_20201115.xml#278;fmi_100949_20201109_20201115.xml#279;fmi_100949_20201109_20201115.xml#280
100949,2020-11-11T22:00:00Z,7.5,1.4,0.0,0.0,OK,OK,OK,OK,false,hour_ending,SOURCE_UTC_STATED,fmi-8ab7d7d344b4,fmi_100949_20201109_20201115.xml,fmi_100949_20201109_20201115.xml#281;fmi_100949_20201109_20201115.xml#282;fmi_100949_20201109_20201115.xml#283;fmi_100949_20201109_20201115.xml#284
100949,2020-11-11T23:00:00Z,7.4,1.2,0.0,0.0,OK,OK,OK,OK,false,hour_ending,SOURCE_UTC_STATED,fmi-8ab7d7d344b4,fmi_100949_20201109_20201115.xml,fmi_100949_20201109_20201115.xml#285;fmi_100949_20201109_20201115.xml#286;fmi_100949_20201109_20201115.xml#287;fmi_100949_20201109_20201115.xml#288
100949,2020-11-12T00:00:00Z,7.2,1.4,0.0,0.0,OK,OK,OK,OK,false,hour_ending,SOURCE_UTC_STATED,fmi-8ab7d7d344b4,fmi_100949_20201109_20201115.xml,fmi_100949_20201109_20201115.xml#289;fmi_100949_20201109_20201115.xml#290;fmi_100949_20201109_20201115.xml#291;fmi_100949_20201109_20201115.xml#292
100949,2020-11-12T01:00:00Z,7.3,1.2,0.0,0.0,OK,OK,OK,OK,false,hour_ending,SOURCE_UTC_STATED,fmi-8ab7d7d344b4,fmi_100949_20201109_20201115.xml,fmi_100949_20201109_20201115.xml#293;fmi_100949_20201109_20201115.xml#294;fmi_100949_20201109_20201115.xml#295;fmi_100949_20201109_20201115.xml#296
100949,2020-11-12T02:00:00Z,7.2,1.3,0.0,0.0,OK,OK,OK,OK,false,hour_ending,SOURCE_UTC_STATED,fmi-8ab7d7d344b4,fmi_100949_20201109_20201115.xml,fmi_100949_20201109_20201115.xml#297;fmi_100949_20201109_20201115.xml#298;fmi_100949_20201109_20201115.xml#299;fmi_100949_20201109_20201115.xml#300
100949,2020-11-12T03:00:00Z,7.2,1.4,0.0,0.0,OK,OK,OK,OK,false,hour_ending,SOURCE_UTC_STATED,fmi-8ab7d7d344b4,fmi_100949_20201109_20201115.xml,fmi_100949_20201109_20201115.xml#301;fmi_100949_20201109_20201115.xml#302;fmi_100949_20201109_20201115.xml#303;fmi_100949_20201109_20201115.xml#304
100949,2020-11-12T04:00:00Z,7.2,1.5,0.0,0.0,OK,OK,OK,OK,false,hour_ending,SOURCE_UTC_STATED,fmi-8ab7d7d344b4,fmi_100949_20201109_20201115.xml,fmi_100949_20201109_20201115.xml#305;fmi_100949_20201109_20201115.xml#306;fmi_100949_20201109_20201115.xml#307;fmi_100949_20201109_20201115.xml#308
100949,2020-11-12T05:00:00Z,7.2,1.8,0.0,0.0,OK,OK,OK,OK,false,hour_ending,SOURCE_UTC_STATED,fmi-8ab7d7d344b4,fmi_100949_20201109_20201115.xml,fmi_100949_20201109_20201115.xml#309;fmi_100949_20201109_20201115.xml#310;fmi_100949_20201109_20201115.xml#311;fmi_100949_20201109_20201115.xml#312
100949,2020-11-12T06:00:00Z,7.2,1.8,0.0,0.0,OK,OK,OK,OK,false,hour_ending,SOURCE_UTC_STATED,fmi-8ab7d7d344b4,fmi_100949_20201109_20201115.xml,fmi_100949_20201109_20201115.xml#313;fmi_100949_20201109_20201115.xml#314;fmi_100949_20201109_20201115.xml#315;fmi_100949_20201109_20201115.xml#316
100949,2020-11-12T07:00:00Z,7.2,2.8,0.2,0.3,OK,OK,OK,OK,false,hour_ending,SOURCE_UTC_STATED,fmi-8ab7d7d344b4,fmi_100949_20201109_20201115.xml,fmi_100949_20201109_20201115.xml#317;fmi_100949_20201109_20201115.xml#318;fmi_100949_20201109_20201115.xml#319;fmi_100949_20201109_20201115.xml#320
100949,2020-11-12T08:00:00Z,6.9,3.7,0.0,0.0,OK,OK,OK,OK,false,hour_ending,SOURCE_UTC_STATED,fmi-8ab7d7d344b4,fmi_100949_20201109_20201115.xml,fmi_100949_20201109_20201115.xml#321;fmi_100949_20201109_20201115.xml#322;fmi_100949_20201109_20201115.xml#323;fmi_100949_20201109_20201115.xml#324
100949,2020-11-12T09:00:00Z,6.9,3.2,0.0,0.0,OK,OK,OK,OK,false,hour_ending,SOURCE_UTC_STATED,fmi-8ab7d7d344b4,fmi_100949_20201109_20201115.xml,fmi_100949_20201109_20201115.xml#325;fmi_100949_20201109_20201115.xml#326;fmi_100949_20201109_20201115.xml#327;fmi_100949_20201109_20201115.xml#328
100949,2020-11-12T10:00:00Z,6.9,3.6,0.0,0.0,OK,OK,OK,OK,false,hour_ending,SOURCE_UTC_STATED,fmi-8ab7d7d344b4,fmi_100949_20201109_20201115.xml,fmi_100949_20201109_20201115.xml#329;fmi_100949_20201109_20201115.xml#330;fmi_100949_20201109_20201115.xml#331;fmi_100949_20201109_20201115.xml#332
100949,2020-11-12T11:00:00Z,6.8,3.3,0.0,0.0,OK,OK,OK,OK,false,hour_ending,SOURCE_UTC_STATED,fmi-8ab7d7d344b4,fmi_100949_20201109_20201115.xml,fmi_100949_20201109_20201115.xml#333;fmi_100949_20201109_20201115.xml#334;fmi_100949_20201109_20201115.xml#335;fmi_100949_20201109_20201115.xml#336
100949,2020-11-12T12:00:00Z,6.8,3.1,0.0,0.0,OK,OK,OK,OK,false,hour_ending,SOURCE_UTC_STATED,fmi-8ab7d7d344b4,fmi_100949_20201109_20201115.xml,fmi_100949_20201109_20201115.xml#337;fmi_100949_20201109_20201115.xml#338;fmi_100949_20201109_20201115.xml#339;fmi_100949_20201109_20201115.xml#340
100949,2020-11-12T13:00:00Z,6.4,3.9,0.0,0.0,OK,OK,OK,OK,false,hour_ending,SOURCE_UTC_STATED,fmi-8ab7d7d344b4,fmi_100949_20201109_20201115.xml,fmi_100949_20201109_20201115.xml#341;fmi_100949_20201109_20201115.xml#342;fmi_100949_20201109_20201115.xml#343;fmi_100949_20201109_20201115.xml#344
100949,2020-11-12T14:00:00Z,6.2,2.3,0.0,0.0,OK,OK,OK,OK,false,hour_ending,SOURCE_UTC_STATED,fmi-8ab7d7d344b4,fmi_100949_20201109_20201115.xml,fmi_100949_20201109_20201115.xml#345;fmi_100949_20201109_20201115.xml#346;fmi_100949_20201109_20201115.xml#347;fmi_100949_20201109_20201115.xml#348
100949,2020-11-12T15:00:00Z,5.8,3.4,0.0,0.0,OK,OK,OK,OK,false,hour_ending,SOURCE_UTC_STATED,fmi-8ab7d7d344b4,fmi_100949_20201109_20201115.xml,fmi_100949_20201109_20201115.xml#349;fmi_100949_20201109_20201115.xml#350;fmi_100949_20201109_20201115.xml#351;fmi_100949_20201109_20201115.xml#352
100949,2020-11-12T16:00:00Z,5.5,2.5,0.0,0.0,OK,OK,OK,OK,false,hour_ending,SOURCE_UTC_STATED,fmi-8ab7d7d344b4,fmi_100949_20201109_20201115.xml,fmi_100949_20201109_20201115.xml#353;fmi_100949_20201109_20201115.xml#354;fmi_100949_20201109_20201115.xml#355;fmi_100949_20201109_20201115.xml#356
100949,2020-11-12T17:00:00Z,6.1,3.7,0.0,0.0,OK,OK,OK,OK,false,hour_ending,SOURCE_UTC_STATED,fmi-8ab7d7d344b4,fmi_100949_20201109_20201115.xml,fmi_100949_20201109_20201115.xml#357;fmi_100949_20201109_20201115.xml#358;fmi_100949_20201109_20201115.xml#359;fmi_100949_20201109_20201115.xml#360
100949,2020-11-12T18:00:00Z,6.2,3.4,0.0,0.0,OK,OK,OK,OK,false,hour_ending,SOURCE_UTC_STATED,fmi-8ab7d7d344b4,fmi_100949_20201109_20201115.xml,fmi_100949_20201109_20201115.xml#361;fmi_100949_20201109_20201115.xml#362;fmi_100949_20201109_20201115.xml#363;fmi_100949_20201109_20201115.xml#364
100949,2020-11-12T19:00:00Z,6.2,3.5,0.0,0.0,OK,OK,OK,OK,false,hour_ending,SOURCE_UTC_STATED,fmi-8ab7d7d344b4,fmi_100949_20201109_20201115.xml,fmi_100949_20201109_20201115.xml#365;fmi_100949_20201109_20201115.xml#366;fmi_100949_20201109_20201115.xml#367;fmi_100949_20201109_20201115.xml#368
100949,2020-11-12T20:00:00Z,6.3,3.0,0.0,0.0,OK,OK,OK,OK,false,hour_ending,SOURCE_UTC_STATED,fmi-8ab7d7d344b4,fmi_100949_20201109_20201115.xml,fmi_100949_20201109_20201115.xml#369;fmi_100949_20201109_20201115.xml#370;fmi_100949_20201109_20201115.xml#371;fmi_100949_20201109_20201115.xml#372
100949,2020-11-12T21:00:00Z,6.3,2.6,0.0,0.0,OK,OK,OK,OK,false,hour_ending,SOURCE_UTC_STATED,fmi-8ab7d7d344b4,fmi_100949_20201109_20201115.xml,fmi_100949_20201109_20201115.xml#373;fmi_100949_20201109_20201115.xml#374;fmi_100949_20201109_20201115.xml#375;fmi_100949_20201109_20201115.xml#376
100949,2020-11-12T22:00:00Z,6.4,2.3,0.0,0.0,OK,OK,OK,OK,false,hour_ending,SOURCE_UTC_STATED,fmi-8ab7d7d344b4,fmi_100949_20201109_20201115.xml,fmi_100949_20201109_20201115.xml#377;fmi_100949_20201109_20201115.xml#378;fmi_100949_20201109_20201115.xml#379;fmi_100949_20201109_20201115.xml#380
100949,2020-11-12T23:00:00Z,6.5,2.3,0.0,0.0,OK,OK,OK,OK,false,hour_ending,SOURCE_UTC_STATED,fmi-8ab7d7d344b4,fmi_100949_20201109_20201115.xml,fmi_100949_20201109_20201115.xml#381;fmi_100949_20201109_20201115.xml#382;fmi_100949_20201109_20201115.xml#383;fmi_100949_20201109_20201115.xml#384
100949,2020-11-13T00:00:00Z,6.7,3.7,0.0,0.0,OK,OK,OK,OK,false,hour_ending,SOURCE_UTC_STATED,fmi-8ab7d7d344b4,fmi_100949_20201109_20201115.xml,fmi_100949_20201109_20201115.xml#385;fmi_100949_20201109_20201115.xml#386;fmi_100949_20201109_20201115.xml#387;fmi_100949_20201109_20201115.xml#388
100949,2020-11-13T01:00:00Z,6.5,3.6,0.0,0.0,OK,OK,OK,OK,false,hour_ending,SOURCE_UTC_STATED,fmi-8ab7d7d344b4,fmi_100949_20201109_20201115.xml,fmi_100949_20201109_20201115.xml#389;fmi_100949_20201109_20201115.xml#390;fmi_100949_20201109_20201115.xml#391;fmi_100949_20201109_20201115.xml#392
100949,2020-11-13T02:00:00Z,6.5,2.6,0.0,0.0,OK,OK,OK,OK,false,hour_ending,SOURCE_UTC_STATED,fmi-8ab7d7d344b4,fmi_100949_20201109_20201115.xml,fmi_100949_20201109_20201115.xml#393;fmi_100949_20201109_20201115.xml#394;fmi_100949_20201109_20201115.xml#395;fmi_100949_20201109_20201115.xml#396
100949,2020-11-13T03:00:00Z,6.0,2.8,0.0,0.0,OK,OK,OK,OK,false,hour_ending,SOURCE_UTC_STATED,fmi-8ab7d7d344b4,fmi_100949_20201109_20201115.xml,fmi_100949_20201109_20201115.xml#397;fmi_100949_20201109_20201115.xml#398;fmi_100949_20201109_20201115.xml#399;fmi_100949_20201109_20201115.xml#400
100949,2020-11-13T04:00:00Z,5.9,2.6,0.0,0.0,OK,OK,OK,OK,false,hour_ending,SOURCE_UTC_STATED,fmi-8ab7d7d344b4,fmi_100949_20201109_20201115.xml,fmi_100949_20201109_20201115.xml#401;fmi_100949_20201109_20201115.xml#402;fmi_100949_20201109_20201115.xml#403;fmi_100949_20201109_20201115.xml#404
100949,2020-11-13T05:00:00Z,5.7,2.7,0.0,0.0,OK,OK,OK,OK,false,hour_ending,SOURCE_UTC_STATED,fmi-8ab7d7d344b4,fmi_100949_20201109_20201115.xml,fmi_100949_20201109_20201115.xml#405;fmi_100949_20201109_20201115.xml#406;fmi_100949_20201109_20201115.xml#407;fmi_100949_20201109_20201115.xml#408
100949,2020-11-13T06:00:00Z,5.6,2.9,0.1,0.3,OK,OK,OK,OK,false,hour_ending,SOURCE_UTC_STATED,fmi-8ab7d7d344b4,fmi_100949_20201109_20201115.xml,fmi_100949_20201109_20201115.xml#409;fmi_100949_20201109_20201115.xml#410;fmi_100949_20201109_20201115.xml#411;fmi_100949_20201109_20201115.xml#412
100949,2020-11-13T07:00:00Z,5.7,3.6,0.1,0.4,OK,OK,OK,OK,false,hour_ending,SOURCE_UTC_STATED,fmi-8ab7d7d344b4,fmi_100949_20201109_20201115.xml,fmi_100949_20201109_20201115.xml#413;fmi_100949_20201109_20201115.xml#414;fmi_100949_20201109_20201115.xml#415;fmi_100949_20201109_20201115.xml#416
100949,2020-11-13T08:00:00Z,5.7,4.0,0.1,0.0,OK,OK,OK,OK,false,hour_ending,SOURCE_UTC_STATED,fmi-8ab7d7d344b4,fmi_100949_20201109_20201115.xml,fmi_100949_20201109_20201115.xml#417;fmi_100949_20201109_20201115.xml#418;fmi_100949_20201109_20201115.xml#419;fmi_100949_20201109_20201115.xml#420
100949,2020-11-13T09:00:00Z,5.9,4.6,0.0,0.0,OK,OK,OK,OK,false,hour_ending,SOURCE_UTC_STATED,fmi-8ab7d7d344b4,fmi_100949_20201109_20201115.xml,fmi_100949_20201109_20201115.xml#421;fmi_100949_20201109_20201115.xml#422;fmi_100949_20201109_20201115.xml#423;fmi_100949_20201109_20201115.xml#424
100949,2020-11-13T10:00:00Z,6.1,4.5,0.0,0.0,OK,OK,OK,OK,false,hour_ending,SOURCE_UTC_STATED,fmi-8ab7d7d344b4,fmi_100949_20201109_20201115.xml,fmi_100949_20201109_20201115.xml#425;fmi_100949_20201109_20201115.xml#426;fmi_100949_20201109_20201115.xml#427;fmi_100949_20201109_20201115.xml#428
100949,2020-11-13T11:00:00Z,6.1,2.6,0.0,0.0,OK,OK,OK,OK,false,hour_ending,SOURCE_UTC_STATED,fmi-8ab7d7d344b4,fmi_100949_20201109_20201115.xml,fmi_100949_20201109_20201115.xml#429;fmi_100949_20201109_20201115.xml#430;fmi_100949_20201109_20201115.xml#431;fmi_100949_20201109_20201115.xml#432
100949,2020-11-13T12:00:00Z,6.2,3.7,0.0,0.0,OK,OK,OK,OK,false,hour_ending,SOURCE_UTC_STATED,fmi-8ab7d7d344b4,fmi_100949_20201109_20201115.xml,fmi_100949_20201109_20201115.xml#433;fmi_100949_20201109_20201115.xml#434;fmi_100949_20201109_20201115.xml#435;fmi_100949_20201109_20201115.xml#436
100949,2020-11-13T13:00:00Z,5.7,3.8,0.0,0.0,OK,OK,OK,OK,false,hour_ending,SOURCE_UTC_STATED,fmi-8ab7d7d344b4,fmi_100949_20201109_20201115.xml,fmi_100949_20201109_20201115.xml#437;fmi_100949_20201109_20201115.xml#438;fmi_100949_20201109_20201115.xml#439;fmi_100949_20201109_20201115.xml#440
100949,2020-11-13T14:00:00Z,5.4,3.7,0.0,0.0,OK,OK,OK,OK,false,hour_ending,SOURCE_UTC_STATED,fmi-8ab7d7d344b4,fmi_100949_20201109_20201115.xml,fmi_100949_20201109_20201115.xml#441;fmi_100949_20201109_20201115.xml#442;fmi_100949_20201109_20201115.xml#443;fmi_100949_20201109_20201115.xml#444
100949,2020-11-13T15:00:00Z,5.3,3.7,0.1,0.0,OK,OK,OK,OK,false,hour_ending,SOURCE_UTC_STATED,fmi-8ab7d7d344b4,fmi_100949_20201109_20201115.xml,fmi_100949_20201109_20201115.xml#445;fmi_100949_20201109_20201115.xml#446;fmi_100949_20201109_20201115.xml#447;fmi_100949_20201109_20201115.xml#448
100949,2020-11-13T16:00:00Z,5.0,4.1,0.0,0.0,OK,OK,OK,OK,false,hour_ending,SOURCE_UTC_STATED,fmi-8ab7d7d344b4,fmi_100949_20201109_20201115.xml,fmi_100949_20201109_20201115.xml#449;fmi_100949_20201109_20201115.xml#450;fmi_100949_20201109_20201115.xml#451;fmi_100949_20201109_20201115.xml#452
100949,2020-11-13T17:00:00Z,5.0,4.6,0.0,0.0,OK,OK,OK,OK,false,hour_ending,SOURCE_UTC_STATED,fmi-8ab7d7d344b4,fmi_100949_20201109_20201115.xml,fmi_100949_20201109_20201115.xml#453;fmi_100949_20201109_20201115.xml#454;fmi_100949_20201109_20201115.xml#455;fmi_100949_20201109_20201115.xml#456
100949,2020-11-13T18:00:00Z,5.0,3.5,0.0,0.0,OK,OK,OK,OK,false,hour_ending,SOURCE_UTC_STATED,fmi-8ab7d7d344b4,fmi_100949_20201109_20201115.xml,fmi_100949_20201109_20201115.xml#457;fmi_100949_20201109_20201115.xml#458;fmi_100949_20201109_20201115.xml#459;fmi_100949_20201109_20201115.xml#460
100949,2020-11-13T19:00:00Z,4.9,3.3,0.0,0.0,OK,OK,OK,OK,false,hour_ending,SOURCE_UTC_STATED,fmi-8ab7d7d344b4,fmi_100949_20201109_20201115.xml,fmi_100949_20201109_20201115.xml#461;fmi_100949_20201109_20201115.xml#462;fmi_100949_20201109_20201115.xml#463;fmi_100949_20201109_20201115.xml#464
100949,2020-11-13T20:00:00Z,5.0,3.6,0.0,0.0,OK,OK,OK,OK,false,hour_ending,SOURCE_UTC_STATED,fmi-8ab7d7d344b4,fmi_100949_20201109_20201115.xml,fmi_100949_20201109_20201115.xml#465;fmi_100949_20201109_20201115.xml#466;fmi_100949_20201109_20201115.xml#467;fmi_100949_20201109_20201115.xml#468
100949,2020-11-13T21:00:00Z,4.9,3.4,0.0,0.0,OK,OK,OK,OK,false,hour_ending,SOURCE_UTC_STATED,fmi-8ab7d7d344b4,fmi_100949_20201109_20201115.xml,fmi_100949_20201109_20201115.xml#469;fmi_100949_20201109_20201115.xml#470;fmi_100949_20201109_20201115.xml#471;fmi_100949_20201109_20201115.xml#472
100949,2020-11-13T22:00:00Z,5.0,3.1,0.0,0.0,OK,OK,OK,OK,false,hour_ending,SOURCE_UTC_STATED,fmi-8ab7d7d344b4,fmi_100949_20201109_20201115.xml,fmi_100949_20201109_20201115.xml#473;fmi_100949_20201109_20201115.xml#474;fmi_100949_20201109_20201115.xml#475;fmi_100949_20201109_20201115.xml#476
100949,2020-11-13T23:00:00Z,5.1,2.6,0.2,0.3,OK,OK,OK,OK,false,hour_ending,SOURCE_UTC_STATED,fmi-8ab7d7d344b4,fmi_100949_20201109_20201115.xml,fmi_100949_20201109_20201115.xml#477;fmi_100949_20201109_20201115.xml#478;fmi_100949_20201109_20201115.xml#479;fmi_100949_20201109_20201115.xml#480
100949,2020-11-14T00:00:00Z,4.9,2.7,0.1,0.0,OK,OK,OK,OK,false,hour_ending,SOURCE_UTC_STATED,fmi-8ab7d7d344b4,fmi_100949_20201109_20201115.xml,fmi_100949_20201109_20201115.xml#481;fmi_100949_20201109_20201115.xml#482;fmi_100949_20201109_20201115.xml#483;fmi_100949_20201109_20201115.xml#484
100949,2020-11-14T01:00:00Z,5.0,2.3,0.1,0.0,OK,OK,OK,OK,false,hour_ending,SOURCE_UTC_STATED,fmi-8ab7d7d344b4,fmi_100949_20201109_20201115.xml,fmi_100949_20201109_20201115.xml#485;fmi_100949_20201109_20201115.xml#486;fmi_100949_20201109_20201115.xml#487;fmi_100949_20201109_20201115.xml#488
100949,2020-11-14T02:00:00Z,5.4,3.3,0.0,0.0,OK,OK,OK,OK,false,hour_ending,SOURCE_UTC_STATED,fmi-8ab7d7d344b4,fmi_100949_20201109_20201115.xml,fmi_100949_20201109_20201115.xml#489;fmi_100949_20201109_20201115.xml#490;fmi_100949_20201109_20201115.xml#491;fmi_100949_20201109_20201115.xml#492
100949,2020-11-14T03:00:00Z,5.4,2.7,0.0,0.0,OK,OK,OK,OK,false,hour_ending,SOURCE_UTC_STATED,fmi-8ab7d7d344b4,fmi_100949_20201109_20201115.xml,fmi_100949_20201109_20201115.xml#493;fmi_100949_20201109_20201115.xml#494;fmi_100949_20201109_20201115.xml#495;fmi_100949_20201109_20201115.xml#496
100949,2020-11-14T04:00:00Z,5.5,3.6,0.0,0.0,OK,OK,OK,OK,false,hour_ending,SOURCE_UTC_STATED,fmi-8ab7d7d344b4,fmi_100949_20201109_20201115.xml,fmi_100949_20201109_20201115.xml#497;fmi_100949_20201109_20201115.xml#498;fmi_100949_20201109_20201115.xml#499;fmi_100949_20201109_20201115.xml#500
100949,2020-11-14T05:00:00Z,5.5,4.6,0.0,0.0,OK,OK,OK,OK,false,hour_ending,SOURCE_UTC_STATED,fmi-8ab7d7d344b4,fmi_100949_20201109_20201115.xml,fmi_100949_20201109_20201115.xml#501;fmi_100949_20201109_20201115.xml#502;fmi_100949_20201109_20201115.xml#503;fmi_100949_20201109_20201115.xml#504
100949,2020-11-14T06:00:00Z,5.6,3.8,0.0,0.0,OK,OK,OK,OK,false,hour_ending,SOURCE_UTC_STATED,fmi-8ab7d7d344b4,fmi_100949_20201109_20201115.xml,fmi_100949_20201109_20201115.xml#505;fmi_100949_20201109_20201115.xml#506;fmi_100949_20201109_20201115.xml#507;fmi_100949_20201109_20201115.xml#508
100949,2020-11-14T07:00:00Z,5.2,2.6,0.0,0.0,OK,OK,OK,OK,false,hour_ending,SOURCE_UTC_STATED,fmi-8ab7d7d344b4,fmi_100949_20201109_20201115.xml,fmi_100949_20201109_20201115.xml#509;fmi_100949_20201109_20201115.xml#510;fmi_100949_20201109_20201115.xml#511;fmi_100949_20201109_20201115.xml#512
100949,2020-11-14T08:00:00Z,5.3,3.4,0.0,0.0,OK,OK,OK,OK,false,hour_ending,SOURCE_UTC_STATED,fmi-8ab7d7d344b4,fmi_100949_20201109_20201115.xml,fmi_100949_20201109_20201115.xml#513;fmi_100949_20201109_20201115.xml#514;fmi_100949_20201109_20201115.xml#515;fmi_100949_20201109_20201115.xml#516
100949,2020-11-14T09:00:00Z,6.1,3.5,0.0,0.0,OK,OK,OK,OK,false,hour_ending,SOURCE_UTC_STATED,fmi-8ab7d7d344b4,fmi_100949_20201109_20201115.xml,fmi_100949_20201109_20201115.xml#517;fmi_100949_20201109_20201115.xml#518;fmi_100949_20201109_20201115.xml#519;fmi_100949_20201109_20201115.xml#520
100949,2020-11-14T10:00:00Z,6.6,5.1,0.0,0.0,OK,OK,OK,OK,false,hour_ending,SOURCE_UTC_STATED,fmi-8ab7d7d344b4,fmi_100949_20201109_20201115.xml,fmi_100949_20201109_20201115.xml#521;fmi_100949_20201109_20201115.xml#522;fmi_100949_20201109_20201115.xml#523;fmi_100949_20201109_20201115.xml#524
100949,2020-11-14T11:00:00Z,6.6,4.6,0.0,0.0,OK,OK,OK,OK,false,hour_ending,SOURCE_UTC_STATED,fmi-8ab7d7d344b4,fmi_100949_20201109_20201115.xml,fmi_100949_20201109_20201115.xml#525;fmi_100949_20201109_20201115.xml#526;fmi_100949_20201109_20201115.xml#527;fmi_100949_20201109_20201115.xml#528
100949,2020-11-14T12:00:00Z,6.4,3.7,0.1,0.4,OK,OK,OK,OK,false,hour_ending,SOURCE_UTC_STATED,fmi-8ab7d7d344b4,fmi_100949_20201109_20201115.xml,fmi_100949_20201109_20201115.xml#529;fmi_100949_20201109_20201115.xml#530;fmi_100949_20201109_20201115.xml#531;fmi_100949_20201109_20201115.xml#532
100949,2020-11-14T13:00:00Z,6.5,5.0,0.0,0.0,OK,OK,OK,OK,false,hour_ending,SOURCE_UTC_STATED,fmi-8ab7d7d344b4,fmi_100949_20201109_20201115.xml,fmi_100949_20201109_20201115.xml#533;fmi_100949_20201109_20201115.xml#534;fmi_100949_20201109_20201115.xml#535;fmi_100949_20201109_20201115.xml#536
100949,2020-11-14T14:00:00Z,6.5,4.4,0.0,0.0,OK,OK,OK,OK,false,hour_ending,SOURCE_UTC_STATED,fmi-8ab7d7d344b4,fmi_100949_20201109_20201115.xml,fmi_100949_20201109_20201115.xml#537;fmi_100949_20201109_20201115.xml#538;fmi_100949_20201109_20201115.xml#539;fmi_100949_20201109_20201115.xml#540
100949,2020-11-14T15:00:00Z,6.6,4.8,0.0,0.0,OK,OK,OK,OK,false,hour_ending,SOURCE_UTC_STATED,fmi-8ab7d7d344b4,fmi_100949_20201109_20201115.xml,fmi_100949_20201109_20201115.xml#541;fmi_100949_20201109_20201115.xml#542;fmi_100949_20201109_20201115.xml#543;fmi_100949_20201109_20201115.xml#544
100949,2020-11-14T16:00:00Z,6.8,4.9,0.0,0.0,OK,OK,OK,OK,false,hour_ending,SOURCE_UTC_STATED,fmi-8ab7d7d344b4,fmi_100949_20201109_20201115.xml,fmi_100949_20201109_20201115.xml#545;fmi_100949_20201109_20201115.xml#546;fmi_100949_20201109_20201115.xml#547;fmi_100949_20201109_20201115.xml#548
100949,2020-11-14T17:00:00Z,7.0,4.9,0.0,0.0,OK,OK,OK,OK,false,hour_ending,SOURCE_UTC_STATED,fmi-8ab7d7d344b4,fmi_100949_20201109_20201115.xml,fmi_100949_20201109_20201115.xml#549;fmi_100949_20201109_20201115.xml#550;fmi_100949_20201109_20201115.xml#551;fmi_100949_20201109_20201115.xml#552
100949,2020-11-14T18:00:00Z,7.1,4.6,0.0,0.0,OK,OK,OK,OK,false,hour_ending,SOURCE_UTC_STATED,fmi-8ab7d7d344b4,fmi_100949_20201109_20201115.xml,fmi_100949_20201109_20201115.xml#553;fmi_100949_20201109_20201115.xml#554;fmi_100949_20201109_20201115.xml#555;fmi_100949_20201109_20201115.xml#556
100949,2020-11-14T19:00:00Z,7.3,4.1,0.0,0.0,OK,OK,OK,OK,false,hour_ending,SOURCE_UTC_STATED,fmi-8ab7d7d344b4,fmi_100949_20201109_20201115.xml,fmi_100949_20201109_20201115.xml#557;fmi_100949_20201109_20201115.xml#558;fmi_100949_20201109_20201115.xml#559;fmi_100949_20201109_20201115.xml#560
100949,2020-11-14T20:00:00Z,7.1,4.5,0.0,0.0,OK,OK,OK,OK,false,hour_ending,SOURCE_UTC_STATED,fmi-8ab7d7d344b4,fmi_100949_20201109_20201115.xml,fmi_100949_20201109_20201115.xml#561;fmi_100949_20201109_20201115.xml#562;fmi_100949_20201109_20201115.xml#563;fmi_100949_20201109_20201115.xml#564
100949,2020-11-14T21:00:00Z,7.2,4.6,0.0,0.0,OK,OK,OK,OK,false,hour_ending,SOURCE_UTC_STATED,fmi-8ab7d7d344b4,fmi_100949_20201109_20201115.xml,fmi_100949_20201109_20201115.xml#565;fmi_100949_20201109_20201115.xml#566;fmi_100949_20201109_20201115.xml#567;fmi_100949_20201109_20201115.xml#568
100949,2020-11-14T22:00:00Z,7.3,5.1,0.0,0.0,OK,OK,OK,OK,false,hour_ending,SOURCE_UTC_STATED,fmi-8ab7d7d344b4,fmi_100949_20201109_20201115.xml,fmi_100949_20201109_20201115.xml#569;fmi_100949_20201109_20201115.xml#570;fmi_100949_20201109_20201115.xml#571;fmi_100949_20201109_20201115.xml#572
100949,2020-11-14T23:00:00Z,7.3,4.3,0.0,0.0,OK,OK,OK,OK,false,hour_ending,SOURCE_UTC_STATED,fmi-8ab7d7d344b4,fmi_100949_20201109_20201115.xml,fmi_100949_20201109_20201115.xml#573;fmi_100949_20201109_20201115.xml#574;fmi_100949_20201109_20201115.xml#575;fmi_100949_20201109_20201115.xml#576
100949,2020-11-15T00:00:00Z,7.4,4.7,0.0,0.0,OK,OK,OK,OK,false,hour_ending,SOURCE_UTC_STATED,fmi-8ab7d7d344b4,fmi_100949_20201109_20201115.xml,fmi_100949_20201109_20201115.xml#577;fmi_100949_20201109_20201115.xml#578;fmi_100949_20201109_20201115.xml#579;fmi_100949_20201109_20201115.xml#580
100949,2020-11-15T01:00:00Z,7.4,4.3,0.0,0.0,OK,OK,OK,OK,false,hour_ending,SOURCE_UTC_STATED,fmi-8ab7d7d344b4,fmi_100949_20201109_20201115.xml,fmi_100949_20201109_20201115.xml#581;fmi_100949_20201109_20201115.xml#582;fmi_100949_20201109_20201115.xml#583;fmi_100949_20201109_20201115.xml#584
100949,2020-11-15T02:00:00Z,7.3,4.3,0.0,0.0,OK,OK,OK,OK,false,hour_ending,SOURCE_UTC_STATED,fmi-8ab7d7d344b4,fmi_100949_20201109_20201115.xml,fmi_100949_20201109_20201115.xml#585;fmi_100949_20201109_20201115.xml#586;fmi_100949_20201109_20201115.xml#587;fmi_100949_20201109_20201115.xml#588
100949,2020-11-15T03:00:00Z,7.3,5.1,0.0,0.0,OK,OK,OK,OK,false,hour_ending,SOURCE_UTC_STATED,fmi-8ab7d7d344b4,fmi_100949_20201109_20201115.xml,fmi_100949_20201109_20201115.xml#589;fmi_100949_20201109_20201115.xml#590;fmi_100949_20201109_20201115.xml#591;fmi_100949_20201109_20201115.xml#592
100949,2020-11-15T04:00:00Z,7.2,4.2,0.0,0.0,OK,OK,OK,OK,false,hour_ending,SOURCE_UTC_STATED,fmi-8ab7d7d344b4,fmi_100949_20201109_20201115.xml,fmi_100949_20201109_20201115.xml#593;fmi_100949_20201109_20201115.xml#594;fmi_100949_20201109_20201115.xml#595;fmi_100949_20201109_20201115.xml#596
100949,2020-11-15T05:00:00Z,6.9,3.9,0.0,0.0,OK,OK,OK,OK,false,hour_ending,SOURCE_UTC_STATED,fmi-8ab7d7d344b4,fmi_100949_20201109_20201115.xml,fmi_100949_20201109_20201115.xml#597;fmi_100949_20201109_20201115.xml#598;fmi_100949_20201109_20201115.xml#599;fmi_100949_20201109_20201115.xml#600
100949,2020-11-15T06:00:00Z,6.9,4.2,0.0,0.0,OK,OK,OK,OK,false,hour_ending,SOURCE_UTC_STATED,fmi-8ab7d7d344b4,fmi_100949_20201109_20201115.xml,fmi_100949_20201109_20201115.xml#601;fmi_100949_20201109_20201115.xml#602;fmi_100949_20201109_20201115.xml#603;fmi_100949_20201109_20201115.xml#604
100949,2020-11-15T07:00:00Z,7.1,4.0,0.0,0.0,OK,OK,OK,OK,false,hour_ending,SOURCE_UTC_STATED,fmi-8ab7d7d344b4,fmi_100949_20201109_20201115.xml,fmi_100949_20201109_20201115.xml#605;fmi_100949_20201109_20201115.xml#606;fmi_100949_20201109_20201115.xml#607;fmi_100949_20201109_20201115.xml#608
100949,2020-11-15T08:00:00Z,7.1,5.0,0.0,0.0,OK,OK,OK,OK,false,hour_ending,SOURCE_UTC_STATED,fmi-8ab7d7d344b4,fmi_100949_20201109_20201115.xml,fmi_100949_20201109_20201115.xml#609;fmi_100949_20201109_20201115.xml#610;fmi_100949_20201109_20201115.xml#611;fmi_100949_20201109_20201115.xml#612
100949,2020-11-15T09:00:00Z,7.4,5.0,0.0,0.0,OK,OK,OK,OK,false,hour_ending,SOURCE_UTC_STATED,fmi-8ab7d7d344b4,fmi_100949_20201109_20201115.xml,fmi_100949_20201109_20201115.xml#613;fmi_100949_20201109_20201115.xml#614;fmi_100949_20201109_20201115.xml#615;fmi_100949_20201109_20201115.xml#616
100949,2020-11-15T10:00:00Z,7.0,5.7,0.0,0.0,OK,OK,OK,OK,false,hour_ending,SOURCE_UTC_STATED,fmi-8ab7d7d344b4,fmi_100949_20201109_20201115.xml,fmi_100949_20201109_20201115.xml#617;fmi_100949_20201109_20201115.xml#618;fmi_100949_20201109_20201115.xml#619;fmi_100949_20201109_20201115.xml#620
100949,2020-11-15T11:00:00Z,6.7,6.8,0.0,0.0,OK,OK,OK,OK,false,hour_ending,SOURCE_UTC_STATED,fmi-8ab7d7d344b4,fmi_100949_20201109_20201115.xml,fmi_100949_20201109_20201115.xml#621;fmi_100949_20201109_20201115.xml#622;fmi_100949_20201109_20201115.xml#623;fmi_100949_20201109_20201115.xml#624
100949,2020-11-15T12:00:00Z,6.2,7.5,0.0,0.0,OK,OK,OK,OK,false,hour_ending,SOURCE_UTC_STATED,fmi-8ab7d7d344b4,fmi_100949_20201109_20201115.xml,fmi_100949_20201109_20201115.xml#625;fmi_100949_20201109_20201115.xml#626;fmi_100949_20201109_20201115.xml#627;fmi_100949_20201109_20201115.xml#628
100949,2020-11-15T13:00:00Z,5.7,6.0,0.0,0.0,OK,OK,OK,OK,false,hour_ending,SOURCE_UTC_STATED,fmi-8ab7d7d344b4,fmi_100949_20201109_20201115.xml,fmi_100949_20201109_20201115.xml#629;fmi_100949_20201109_20201115.xml#630;fmi_100949_20201109_20201115.xml#631;fmi_100949_20201109_20201115.xml#632
100949,2020-11-15T14:00:00Z,5.3,5.5,0.1,0.4,OK,OK,OK,OK,false,hour_ending,SOURCE_UTC_STATED,fmi-8ab7d7d344b4,fmi_100949_20201109_20201115.xml,fmi_100949_20201109_20201115.xml#633;fmi_100949_20201109_20201115.xml#634;fmi_100949_20201109_20201115.xml#635;fmi_100949_20201109_20201115.xml#636
100949,2020-11-15T15:00:00Z,5.3,6.0,0.0,0.0,OK,OK,OK,OK,false,hour_ending,SOURCE_UTC_STATED,fmi-8ab7d7d344b4,fmi_100949_20201109_20201115.xml,fmi_100949_20201109_20201115.xml#637;fmi_100949_20201109_20201115.xml#638;fmi_100949_20201109_20201115.xml#639;fmi_100949_20201109_20201115.xml#640
100949,2020-11-15T16:00:00Z,4.9,5.9,0.0,0.0,OK,OK,OK,OK,false,hour_ending,SOURCE_UTC_STATED,fmi-8ab7d7d344b4,fmi_100949_20201109_20201115.xml,fmi_100949_20201109_20201115.xml#641;fmi_100949_20201109_20201115.xml#642;fmi_100949_20201109_20201115.xml#643;fmi_100949_20201109_20201115.xml#644
100949,2020-11-15T17:00:00Z,4.7,6.9,0.0,0.0,OK,OK,OK,OK,false,hour_ending,SOURCE_UTC_STATED,fmi-8ab7d7d344b4,fmi_100949_20201109_20201115.xml,fmi_100949_20201109_20201115.xml#645;fmi_100949_20201109_20201115.xml#646;fmi_100949_20201109_20201115.xml#647;fmi_100949_20201109_20201115.xml#648
100949,2020-11-15T18:00:00Z,4.7,6.0,0.0,0.0,OK,OK,OK,OK,false,hour_ending,SOURCE_UTC_STATED,fmi-8ab7d7d344b4,fmi_100949_20201109_20201115.xml,fmi_100949_20201109_20201115.xml#649;fmi_100949_20201109_20201115.xml#650;fmi_100949_20201109_20201115.xml#651;fmi_100949_20201109_20201115.xml#652
100949,2020-11-15T19:00:00Z,5.1,5.2,0.0,0.0,OK,OK,OK,OK,false,hour_ending,SOURCE_UTC_STATED,fmi-8ab7d7d344b4,fmi_100949_20201109_20201115.xml,fmi_100949_20201109_20201115.xml#653;fmi_100949_20201109_20201115.xml#654;fmi_100949_20201109_20201115.xml#655;fmi_100949_20201109_20201115.xml#656
100949,2020-11-15T20:00:00Z,4.9,5.3,0.0,0.0,OK,OK,OK,OK,false,hour_ending,SOURCE_UTC_STATED,fmi-8ab7d7d344b4,fmi_100949_20201109_20201115.xml,fmi_100949_20201109_20201115.xml#657;fmi_100949_20201109_20201115.xml#658;fmi_100949_20201109_20201115.xml#659;fmi_100949_20201109_20201115.xml#660
100949,2020-11-15T21:00:00Z,4.8,6.0,0.0,0.0,OK,OK,OK,OK,false,hour_ending,SOURCE_UTC_STATED,fmi-8ab7d7d344b4,fmi_100949_20201109_20201115.xml,fmi_100949_20201109_20201115.xml#661;fmi_100949_20201109_20201115.xml#662;fmi_100949_20201109_20201115.xml#663;fmi_100949_20201109_20201115.xml#664
100949,2020-11-15T22:00:00Z,4.6,5.0,0.0,0.0,OK,OK,OK,OK,false,hour_ending,SOURCE_UTC_STATED,fmi-8ab7d7d344b4,fmi_100949_20201109_20201115.xml,fmi_100949_20201109_20201115.xml#665;fmi_100949_20201109_20201115.xml#666;fmi_100949_20201109_20201115.xml#667;fmi_100949_20201109_20201115.xml#668
100949,2020-11-15T23:00:00Z,4.4,5.8,0.0,0.0,OK,OK,OK,OK,false,hour_ending,SOURCE_UTC_STATED,fmi-8ab7d7d344b4,fmi_100949_20201109_20201115.xml,fmi_100949_20201109_20201115.xml#669;fmi_100949_20201109_20201115.xml#670;fmi_100949_20201109_20201115.xml#671;fmi_100949_20201109_20201115.xml#672
100949,2020-11-16T00:00:00Z,4.3,6.2,0.0,0.0,OK,OK,OK,OK,false,hour_ending,SOURCE_UTC_STATED,fmi-8ab7d7d344b4,fmi_100949_20201116_20201121.xml,fmi_100949_20201116_20201121.xml#1;fmi_100949_20201116_20201121.xml#2;fmi_100949_20201116_20201121.xml#3;fmi_100949_20201116_20201121.xml#4
100949,2020-11-16T01:00:00Z,4.3,4.8,0.0,0.0,OK,OK,OK,OK,false,hour_ending,SOURCE_UTC_STATED,fmi-8ab7d7d344b4,fmi_100949_20201116_20201121.xml,fmi_100949_20201116_20201121.xml#5;fmi_100949_20201116_20201121.xml#6;fmi_100949_20201116_20201121.xml#7;fmi_100949_20201116_20201121.xml#8
100949,2020-11-16T02:00:00Z,5.0,5.5,0.0,0.0,OK,OK,OK,OK,false,hour_ending,SOURCE_UTC_STATED,fmi-8ab7d7d344b4,fmi_100949_20201116_20201121.xml,fmi_100949_20201116_20201121.xml#10;fmi_100949_20201116_20201121.xml#11;fmi_100949_20201116_20201121.xml#12;fmi_100949_20201116_20201121.xml#9
100949,2020-11-16T03:00:00Z,5.0,5.3,0.1,0.0,OK,OK,OK,OK,false,hour_ending,SOURCE_UTC_STATED,fmi-8ab7d7d344b4,fmi_100949_20201116_20201121.xml,fmi_100949_20201116_20201121.xml#13;fmi_100949_20201116_20201121.xml#14;fmi_100949_20201116_20201121.xml#15;fmi_100949_20201116_20201121.xml#16
100949,2020-11-16T04:00:00Z,5.1,5.6,0.1,0.0,OK,OK,OK,OK,false,hour_ending,SOURCE_UTC_STATED,fmi-8ab7d7d344b4,fmi_100949_20201116_20201121.xml,fmi_100949_20201116_20201121.xml#17;fmi_100949_20201116_20201121.xml#18;fmi_100949_20201116_20201121.xml#19;fmi_100949_20201116_20201121.xml#20
100949,2020-11-16T05:00:00Z,5.4,6.4,0.1,0.3,OK,OK,OK,OK,false,hour_ending,SOURCE_UTC_STATED,fmi-8ab7d7d344b4,fmi_100949_20201116_20201121.xml,fmi_100949_20201116_20201121.xml#21;fmi_100949_20201116_20201121.xml#22;fmi_100949_20201116_20201121.xml#23;fmi_100949_20201116_20201121.xml#24
100949,2020-11-16T06:00:00Z,5.7,6.3,0.1,0.0,OK,OK,OK,OK,false,hour_ending,SOURCE_UTC_STATED,fmi-8ab7d7d344b4,fmi_100949_20201116_20201121.xml,fmi_100949_20201116_20201121.xml#25;fmi_100949_20201116_20201121.xml#26;fmi_100949_20201116_20201121.xml#27;fmi_100949_20201116_20201121.xml#28
100949,2020-11-16T07:00:00Z,5.7,6.0,0.1,0.0,OK,OK,OK,OK,false,hour_ending,SOURCE_UTC_STATED,fmi-8ab7d7d344b4,fmi_100949_20201116_20201121.xml,fmi_100949_20201116_20201121.xml#29;fmi_100949_20201116_20201121.xml#30;fmi_100949_20201116_20201121.xml#31;fmi_100949_20201116_20201121.xml#32
100949,2020-11-16T08:00:00Z,5.7,6.2,0.1,0.0,OK,OK,OK,OK,false,hour_ending,SOURCE_UTC_STATED,fmi-8ab7d7d344b4,fmi_100949_20201116_20201121.xml,fmi_100949_20201116_20201121.xml#33;fmi_100949_20201116_20201121.xml#34;fmi_100949_20201116_20201121.xml#35;fmi_100949_20201116_20201121.xml#36
100949,2020-11-16T09:00:00Z,5.6,6.5,0.1,0.0,OK,OK,OK,OK,false,hour_ending,SOURCE_UTC_STATED,fmi-8ab7d7d344b4,fmi_100949_20201116_20201121.xml,fmi_100949_20201116_20201121.xml#37;fmi_100949_20201116_20201121.xml#38;fmi_100949_20201116_20201121.xml#39;fmi_100949_20201116_20201121.xml#40
100949,2020-11-16T10:00:00Z,5.7,6.2,0.0,0.0,OK,OK,OK,OK,false,hour_ending,SOURCE_UTC_STATED,fmi-8ab7d7d344b4,fmi_100949_20201116_20201121.xml,fmi_100949_20201116_20201121.xml#41;fmi_100949_20201116_20201121.xml#42;fmi_100949_20201116_20201121.xml#43;fmi_100949_20201116_20201121.xml#44
100949,2020-11-16T11:00:00Z,6.0,5.4,0.0,0.0,OK,OK,OK,OK,false,hour_ending,SOURCE_UTC_STATED,fmi-8ab7d7d344b4,fmi_100949_20201116_20201121.xml,fmi_100949_20201116_20201121.xml#45;fmi_100949_20201116_20201121.xml#46;fmi_100949_20201116_20201121.xml#47;fmi_100949_20201116_20201121.xml#48
100949,2020-11-16T12:00:00Z,6.6,6.1,0.0,0.0,OK,OK,OK,OK,false,hour_ending,SOURCE_UTC_STATED,fmi-8ab7d7d344b4,fmi_100949_20201116_20201121.xml,fmi_100949_20201116_20201121.xml#49;fmi_100949_20201116_20201121.xml#50;fmi_100949_20201116_20201121.xml#51;fmi_100949_20201116_20201121.xml#52
100949,2020-11-16T13:00:00Z,7.2,6.8,0.0,0.0,OK,OK,OK,OK,false,hour_ending,SOURCE_UTC_STATED,fmi-8ab7d7d344b4,fmi_100949_20201116_20201121.xml,fmi_100949_20201116_20201121.xml#53;fmi_100949_20201116_20201121.xml#54;fmi_100949_20201116_20201121.xml#55;fmi_100949_20201116_20201121.xml#56
100949,2020-11-16T14:00:00Z,7.8,5.7,0.0,0.0,OK,OK,OK,OK,false,hour_ending,SOURCE_UTC_STATED,fmi-8ab7d7d344b4,fmi_100949_20201116_20201121.xml,fmi_100949_20201116_20201121.xml#57;fmi_100949_20201116_20201121.xml#58;fmi_100949_20201116_20201121.xml#59;fmi_100949_20201116_20201121.xml#60
100949,2020-11-16T15:00:00Z,8.0,6.1,0.0,0.0,OK,OK,OK,OK,false,hour_ending,SOURCE_UTC_STATED,fmi-8ab7d7d344b4,fmi_100949_20201116_20201121.xml,fmi_100949_20201116_20201121.xml#61;fmi_100949_20201116_20201121.xml#62;fmi_100949_20201116_20201121.xml#63;fmi_100949_20201116_20201121.xml#64
100949,2020-11-16T16:00:00Z,7.9,6.8,0.0,0.0,OK,OK,OK,OK,false,hour_ending,SOURCE_UTC_STATED,fmi-8ab7d7d344b4,fmi_100949_20201116_20201121.xml,fmi_100949_20201116_20201121.xml#65;fmi_100949_20201116_20201121.xml#66;fmi_100949_20201116_20201121.xml#67;fmi_100949_20201116_20201121.xml#68
100949,2020-11-16T17:00:00Z,7.9,5.9,0.1,0.0,OK,OK,OK,OK,false,hour_ending,SOURCE_UTC_STATED,fmi-8ab7d7d344b4,fmi_100949_20201116_20201121.xml,fmi_100949_20201116_20201121.xml#69;fmi_100949_20201116_20201121.xml#70;fmi_100949_20201116_20201121.xml#71;fmi_100949_20201116_20201121.xml#72
100949,2020-11-16T18:00:00Z,8.2,5.4,0.0,0.0,OK,OK,OK,OK,false,hour_ending,SOURCE_UTC_STATED,fmi-8ab7d7d344b4,fmi_100949_20201116_20201121.xml,fmi_100949_20201116_20201121.xml#73;fmi_100949_20201116_20201121.xml#74;fmi_100949_20201116_20201121.xml#75;fmi_100949_20201116_20201121.xml#76
100949,2020-11-16T19:00:00Z,8.2,5.7,0.0,0.0,OK,OK,OK,OK,false,hour_ending,SOURCE_UTC_STATED,fmi-8ab7d7d344b4,fmi_100949_20201116_20201121.xml,fmi_100949_20201116_20201121.xml#77;fmi_100949_20201116_20201121.xml#78;fmi_100949_20201116_20201121.xml#79;fmi_100949_20201116_20201121.xml#80
100949,2020-11-16T20:00:00Z,7.8,5.5,0.1,0.3,OK,OK,OK,OK,false,hour_ending,SOURCE_UTC_STATED,fmi-8ab7d7d344b4,fmi_100949_20201116_20201121.xml,fmi_100949_20201116_20201121.xml#81;fmi_100949_20201116_20201121.xml#82;fmi_100949_20201116_20201121.xml#83;fmi_100949_20201116_20201121.xml#84
100949,2020-11-16T21:00:00Z,7.9,6.1,0.1,0.0,OK,OK,OK,OK,false,hour_ending,SOURCE_UTC_STATED,fmi-8ab7d7d344b4,fmi_100949_20201116_20201121.xml,fmi_100949_20201116_20201121.xml#85;fmi_100949_20201116_20201121.xml#86;fmi_100949_20201116_20201121.xml#87;fmi_100949_20201116_20201121.xml#88
100949,2020-11-16T22:00:00Z,7.9,5.9,0.1,0.1,OK,OK,OK,OK,false,hour_ending,SOURCE_UTC_STATED,fmi-8ab7d7d344b4,fmi_100949_20201116_20201121.xml,fmi_100949_20201116_20201121.xml#89;fmi_100949_20201116_20201121.xml#90;fmi_100949_20201116_20201121.xml#91;fmi_100949_20201116_20201121.xml#92
100949,2020-11-16T23:00:00Z,8.1,5.3,0.0,0.0,OK,OK,OK,OK,false,hour_ending,SOURCE_UTC_STATED,fmi-8ab7d7d344b4,fmi_100949_20201116_20201121.xml,fmi_100949_20201116_20201121.xml#93;fmi_100949_20201116_20201121.xml#94;fmi_100949_20201116_20201121.xml#95;fmi_100949_20201116_20201121.xml#96
100949,2020-11-17T00:00:00Z,8.0,5.0,0.0,0.0,OK,OK,OK,OK,false,hour_ending,SOURCE_UTC_STATED,fmi-8ab7d7d344b4,fmi_100949_20201116_20201121.xml,fmi_100949_20201116_20201121.xml#100;fmi_100949_20201116_20201121.xml#97;fmi_100949_20201116_20201121.xml#98;fmi_100949_20201116_20201121.xml#99
100949,2020-11-17T01:00:00Z,7.9,5.5,0.1,0.8,OK,OK,OK,OK,false,hour_ending,SOURCE_UTC_STATED,fmi-8ab7d7d344b4,fmi_100949_20201116_20201121.xml,fmi_100949_20201116_20201121.xml#101;fmi_100949_20201116_20201121.xml#102;fmi_100949_20201116_20201121.xml#103;fmi_100949_20201116_20201121.xml#104
100949,2020-11-17T02:00:00Z,7.9,4.7,0.6,0.2,OK,OK,OK,OK,false,hour_ending,SOURCE_UTC_STATED,fmi-8ab7d7d344b4,fmi_100949_20201116_20201121.xml,fmi_100949_20201116_20201121.xml#105;fmi_100949_20201116_20201121.xml#106;fmi_100949_20201116_20201121.xml#107;fmi_100949_20201116_20201121.xml#108
100949,2020-11-17T03:00:00Z,7.9,4.6,0.6,0.8,OK,OK,OK,OK,false,hour_ending,SOURCE_UTC_STATED,fmi-8ab7d7d344b4,fmi_100949_20201116_20201121.xml,fmi_100949_20201116_20201121.xml#109;fmi_100949_20201116_20201121.xml#110;fmi_100949_20201116_20201121.xml#111;fmi_100949_20201116_20201121.xml#112
100949,2020-11-17T04:00:00Z,8.0,5.4,0.9,0.3,OK,OK,OK,OK,false,hour_ending,SOURCE_UTC_STATED,fmi-8ab7d7d344b4,fmi_100949_20201116_20201121.xml,fmi_100949_20201116_20201121.xml#113;fmi_100949_20201116_20201121.xml#114;fmi_100949_20201116_20201121.xml#115;fmi_100949_20201116_20201121.xml#116
100949,2020-11-17T05:00:00Z,8.0,4.6,0.0,0.0,OK,OK,OK,OK,false,hour_ending,SOURCE_UTC_STATED,fmi-8ab7d7d344b4,fmi_100949_20201116_20201121.xml,fmi_100949_20201116_20201121.xml#117;fmi_100949_20201116_20201121.xml#118;fmi_100949_20201116_20201121.xml#119;fmi_100949_20201116_20201121.xml#120
100949,2020-11-17T06:00:00Z,8.1,5.1,0.0,0.0,OK,OK,OK,OK,false,hour_ending,SOURCE_UTC_STATED,fmi-8ab7d7d344b4,fmi_100949_20201116_20201121.xml,fmi_100949_20201116_20201121.xml#121;fmi_100949_20201116_20201121.xml#122;fmi_100949_20201116_20201121.xml#123;fmi_100949_20201116_20201121.xml#124
100949,2020-11-17T07:00:00Z,8.2,5.3,0.0,0.0,OK,OK,OK,OK,false,hour_ending,SOURCE_UTC_STATED,fmi-8ab7d7d344b4,fmi_100949_20201116_20201121.xml,fmi_100949_20201116_20201121.xml#125;fmi_100949_20201116_20201121.xml#126;fmi_100949_20201116_20201121.xml#127;fmi_100949_20201116_20201121.xml#128
100949,2020-11-17T08:00:00Z,8.0,4.9,1.0,1.0,OK,OK,OK,OK,false,hour_ending,SOURCE_UTC_STATED,fmi-8ab7d7d344b4,fmi_100949_20201116_20201121.xml,fmi_100949_20201116_20201121.xml#129;fmi_100949_20201116_20201121.xml#130;fmi_100949_20201116_20201121.xml#131;fmi_100949_20201116_20201121.xml#132
100949,2020-11-17T09:00:00Z,8.2,3.7,0.8,2.3,OK,OK,OK,OK,false,hour_ending,SOURCE_UTC_STATED,fmi-8ab7d7d344b4,fmi_100949_20201116_20201121.xml,fmi_100949_20201116_20201121.xml#133;fmi_100949_20201116_20201121.xml#134;fmi_100949_20201116_20201121.xml#135;fmi_100949_20201116_20201121.xml#136
100949,2020-11-17T10:00:00Z,8.6,4.7,0.3,0.0,OK,OK,OK,OK,false,hour_ending,SOURCE_UTC_STATED,fmi-8ab7d7d344b4,fmi_100949_20201116_20201121.xml,fmi_100949_20201116_20201121.xml#137;fmi_100949_20201116_20201121.xml#138;fmi_100949_20201116_20201121.xml#139;fmi_100949_20201116_20201121.xml#140
100949,2020-11-17T11:00:00Z,8.7,4.7,0.0,0.0,OK,OK,OK,OK,false,hour_ending,SOURCE_UTC_STATED,fmi-8ab7d7d344b4,fmi_100949_20201116_20201121.xml,fmi_100949_20201116_20201121.xml#141;fmi_100949_20201116_20201121.xml#142;fmi_100949_20201116_20201121.xml#143;fmi_100949_20201116_20201121.xml#144
100949,2020-11-17T12:00:00Z,9.1,4.2,0.3,0.0,OK,OK,OK,OK,false,hour_ending,SOURCE_UTC_STATED,fmi-8ab7d7d344b4,fmi_100949_20201116_20201121.xml,fmi_100949_20201116_20201121.xml#145;fmi_100949_20201116_20201121.xml#146;fmi_100949_20201116_20201121.xml#147;fmi_100949_20201116_20201121.xml#148
100949,2020-11-17T13:00:00Z,9.5,3.2,0.4,0.0,OK,OK,OK,OK,false,hour_ending,SOURCE_UTC_STATED,fmi-8ab7d7d344b4,fmi_100949_20201116_20201121.xml,fmi_100949_20201116_20201121.xml#149;fmi_100949_20201116_20201121.xml#150;fmi_100949_20201116_20201121.xml#151;fmi_100949_20201116_20201121.xml#152
100949,2020-11-17T14:00:00Z,9.5,4.5,0.0,0.0,OK,OK,OK,OK,false,hour_ending,SOURCE_UTC_STATED,fmi-8ab7d7d344b4,fmi_100949_20201116_20201121.xml,fmi_100949_20201116_20201121.xml#153;fmi_100949_20201116_20201121.xml#154;fmi_100949_20201116_20201121.xml#155;fmi_100949_20201116_20201121.xml#156
100949,2020-11-17T15:00:00Z,9.2,4.0,0.0,0.0,OK,OK,OK,OK,false,hour_ending,SOURCE_UTC_STATED,fmi-8ab7d7d344b4,fmi_100949_20201116_20201121.xml,fmi_100949_20201116_20201121.xml#157;fmi_100949_20201116_20201121.xml#158;fmi_100949_20201116_20201121.xml#159;fmi_100949_20201116_20201121.xml#160
100949,2020-11-17T16:00:00Z,9.4,4.1,0.1,0.0,OK,OK,OK,OK,false,hour_ending,SOURCE_UTC_STATED,fmi-8ab7d7d344b4,fmi_100949_20201116_20201121.xml,fmi_100949_20201116_20201121.xml#161;fmi_100949_20201116_20201121.xml#162;fmi_100949_20201116_20201121.xml#163;fmi_100949_20201116_20201121.xml#164
100949,2020-11-17T17:00:00Z,9.4,4.5,0.3,0.0,OK,OK,OK,OK,false,hour_ending,SOURCE_UTC_STATED,fmi-8ab7d7d344b4,fmi_100949_20201116_20201121.xml,fmi_100949_20201116_20201121.xml#165;fmi_100949_20201116_20201121.xml#166;fmi_100949_20201116_20201121.xml#167;fmi_100949_20201116_20201121.xml#168
100949,2020-11-17T18:00:00Z,9.3,5.2,0.1,0.0,OK,OK,OK,OK,false,hour_ending,SOURCE_UTC_STATED,fmi-8ab7d7d344b4,fmi_100949_20201116_20201121.xml,fmi_100949_20201116_20201121.xml#169;fmi_100949_20201116_20201121.xml#170;fmi_100949_20201116_20201121.xml#171;fmi_100949_20201116_20201121.xml#172
100949,2020-11-17T19:00:00Z,9.4,4.4,0.0,0.0,OK,OK,OK,OK,false,hour_ending,SOURCE_UTC_STATED,fmi-8ab7d7d344b4,fmi_100949_20201116_20201121.xml,fmi_100949_20201116_20201121.xml#173;fmi_100949_20201116_20201121.xml#174;fmi_100949_20201116_20201121.xml#175;fmi_100949_20201116_20201121.xml#176
100949,2020-11-17T20:00:00Z,8.8,5.0,0.6,1.5,OK,OK,OK,OK,false,hour_ending,SOURCE_UTC_STATED,fmi-8ab7d7d344b4,fmi_100949_20201116_20201121.xml,fmi_100949_20201116_20201121.xml#177;fmi_100949_20201116_20201121.xml#178;fmi_100949_20201116_20201121.xml#179;fmi_100949_20201116_20201121.xml#180
100949,2020-11-17T21:00:00Z,8.6,6.5,1.7,1.3,OK,OK,OK,OK,false,hour_ending,SOURCE_UTC_STATED,fmi-8ab7d7d344b4,fmi_100949_20201116_20201121.xml,fmi_100949_20201116_20201121.xml#181;fmi_100949_20201116_20201121.xml#182;fmi_100949_20201116_20201121.xml#183;fmi_100949_20201116_20201121.xml#184
100949,2020-11-17T22:00:00Z,8.5,7.3,0.3,0.7,OK,OK,OK,OK,false,hour_ending,SOURCE_UTC_STATED,fmi-8ab7d7d344b4,fmi_100949_20201116_20201121.xml,fmi_100949_20201116_20201121.xml#185;fmi_100949_20201116_20201121.xml#186;fmi_100949_20201116_20201121.xml#187;fmi_100949_20201116_20201121.xml#188
100949,2020-11-17T23:00:00Z,9.1,7.9,1.4,1.9,OK,OK,OK,OK,false,hour_ending,SOURCE_UTC_STATED,fmi-8ab7d7d344b4,fmi_100949_20201116_20201121.xml,fmi_100949_20201116_20201121.xml#189;fmi_100949_20201116_20201121.xml#190;fmi_100949_20201116_20201121.xml#191;fmi_100949_20201116_20201121.xml#192
100949,2020-11-18T00:00:00Z,9.5,5.3,6.6,5.9,OK,OK,OK,OK,false,hour_ending,SOURCE_UTC_STATED,fmi-8ab7d7d344b4,fmi_100949_20201116_20201121.xml,fmi_100949_20201116_20201121.xml#193;fmi_100949_20201116_20201121.xml#194;fmi_100949_20201116_20201121.xml#195;fmi_100949_20201116_20201121.xml#196
100949,2020-11-18T01:00:00Z,9.8,4.8,2.6,2.4,OK,OK,OK,OK,false,hour_ending,SOURCE_UTC_STATED,fmi-8ab7d7d344b4,fmi_100949_20201116_20201121.xml,fmi_100949_20201116_20201121.xml#197;fmi_100949_20201116_20201121.xml#198;fmi_100949_20201116_20201121.xml#199;fmi_100949_20201116_20201121.xml#200
100949,2020-11-18T02:00:00Z,10.0,5.2,1.1,0.4,OK,OK,OK,OK,false,hour_ending,SOURCE_UTC_STATED,fmi-8ab7d7d344b4,fmi_100949_20201116_20201121.xml,fmi_100949_20201116_20201121.xml#201;fmi_100949_20201116_20201121.xml#202;fmi_100949_20201116_20201121.xml#203;fmi_100949_20201116_20201121.xml#204
100949,2020-11-18T03:00:00Z,10.0,3.9,0.5,1.4,OK,OK,OK,OK,false,hour_ending,SOURCE_UTC_STATED,fmi-8ab7d7d344b4,fmi_100949_20201116_20201121.xml,fmi_100949_20201116_20201121.xml#205;fmi_100949_20201116_20201121.xml#206;fmi_100949_20201116_20201121.xml#207;fmi_100949_20201116_20201121.xml#208
100949,2020-11-18T04:00:00Z,10.0,2.9,0.7,0.0,OK,OK,OK,OK,false,hour_ending,SOURCE_UTC_STATED,fmi-8ab7d7d344b4,fmi_100949_20201116_20201121.xml,fmi_100949_20201116_20201121.xml#209;fmi_100949_20201116_20201121.xml#210;fmi_100949_20201116_20201121.xml#211;fmi_100949_20201116_20201121.xml#212
100949,2020-11-18T05:00:00Z,9.9,3.5,0.0,0.0,OK,OK,OK,OK,false,hour_ending,SOURCE_UTC_STATED,fmi-8ab7d7d344b4,fmi_100949_20201116_20201121.xml,fmi_100949_20201116_20201121.xml#213;fmi_100949_20201116_20201121.xml#214;fmi_100949_20201116_20201121.xml#215;fmi_100949_20201116_20201121.xml#216
100949,2020-11-18T06:00:00Z,9.4,1.7,0.0,0.0,OK,OK,OK,OK,false,hour_ending,SOURCE_UTC_STATED,fmi-8ab7d7d344b4,fmi_100949_20201116_20201121.xml,fmi_100949_20201116_20201121.xml#217;fmi_100949_20201116_20201121.xml#218;fmi_100949_20201116_20201121.xml#219;fmi_100949_20201116_20201121.xml#220
100949,2020-11-18T07:00:00Z,8.4,2.5,0.0,0.0,OK,OK,OK,OK,false,hour_ending,SOURCE_UTC_STATED,fmi-8ab7d7d344b4,fmi_100949_20201116_20201121.xml,fmi_100949_20201116_20201121.xml#221;fmi_100949_20201116_20201121.xml#222;fmi_100949_20201116_20201121.xml#223;fmi_100949_20201116_20201121.xml#224
100949,2020-11-18T08:00:00Z,8.6,1.8,0.0,0.0,OK,OK,OK,OK,false,hour_ending,SOURCE_UTC_STATED,fmi-8ab7d7d344b4,fmi_100949_20201116_20201121.xml,fmi_100949_20201116_20201121.xml#225;fmi_100949_20201116_20201121.xml#226;fmi_100949_20201116_20201121.xml#227;fmi_100949_20201116_20201121.xml#228
100949,2020-11-18T09:00:00Z,9.1,1.3,0.0,0.0,OK,OK,OK,OK,false,hour_ending,SOURCE_UTC_STATED,fmi-8ab7d7d344b4,fmi_100949_20201116_20201121.xml,fmi_100949_20201116_20201121.xml#229;fmi_100949_20201116_20201121.xml#230;fmi_100949_20201116_20201121.xml#231;fmi_100949_20201116_20201121.xml#232
100949,2020-11-18T10:00:00Z,10.1,2.5,0.0,0.0,OK,OK,OK,OK,false,hour_ending,SOURCE_UTC_STATED,fmi-8ab7d7d344b4,fmi_100949_20201116_20201121.xml,fmi_100949_20201116_20201121.xml#233;fmi_100949_20201116_20201121.xml#234;fmi_100949_20201116_20201121.xml#235;fmi_100949_20201116_20201121.xml#236
100949,2020-11-18T11:00:00Z,10.8,1.8,0.0,0.0,OK,OK,OK,OK,false,hour_ending,SOURCE_UTC_STATED,fmi-8ab7d7d344b4,fmi_100949_20201116_20201121.xml,fmi_100949_20201116_20201121.xml#237;fmi_100949_20201116_20201121.xml#238;fmi_100949_20201116_20201121.xml#239;fmi_100949_20201116_20201121.xml#240
100949,2020-11-18T12:00:00Z,10.4,3.0,0.0,0.0,OK,OK,OK,OK,false,hour_ending,SOURCE_UTC_STATED,fmi-8ab7d7d344b4,fmi_100949_20201116_20201121.xml,fmi_100949_20201116_20201121.xml#241;fmi_100949_20201116_20201121.xml#242;fmi_100949_20201116_20201121.xml#243;fmi_100949_20201116_20201121.xml#244
100949,2020-11-18T13:00:00Z,10.2,3.2,0.0,0.0,OK,OK,OK,OK,false,hour_ending,SOURCE_UTC_STATED,fmi-8ab7d7d344b4,fmi_100949_20201116_20201121.xml,fmi_100949_20201116_20201121.xml#245;fmi_100949_20201116_20201121.xml#246;fmi_100949_20201116_20201121.xml#247;fmi_100949_20201116_20201121.xml#248
100949,2020-11-18T14:00:00Z,10.3,3.2,0.0,0.0,OK,OK,OK,OK,false,hour_ending,SOURCE_UTC_STATED,fmi-8ab7d7d344b4,fmi_100949_20201116_20201121.xml,fmi_100949_20201116_20201121.xml#249;fmi_100949_20201116_20201121.xml#250;fmi_100949_20201116_20201121.xml#251;fmi_100949_20201116_20201121.xml#252
100949,2020-11-18T15:00:00Z,10.4,3.4,0.5,0.4,OK,OK,OK,OK,false,hour_ending,SOURCE_UTC_STATED,fmi-8ab7d7d344b4,fmi_100949_20201116_20201121.xml,fmi_100949_20201116_20201121.xml#253;fmi_100949_20201116_20201121.xml#254;fmi_100949_20201116_20201121.xml#255;fmi_100949_20201116_20201121.xml#256
100949,2020-11-18T16:00:00Z,10.7,4.1,0.5,0.0,OK,OK,OK,OK,false,hour_ending,SOURCE_UTC_STATED,fmi-8ab7d7d344b4,fmi_100949_20201116_20201121.xml,fmi_100949_20201116_20201121.xml#257;fmi_100949_20201116_20201121.xml#258;fmi_100949_20201116_20201121.xml#259;fmi_100949_20201116_20201121.xml#260
100949,2020-11-18T17:00:00Z,10.8,4.1,0.0,0.0,OK,OK,OK,OK,false,hour_ending,SOURCE_UTC_STATED,fmi-8ab7d7d344b4,fmi_100949_20201116_20201121.xml,fmi_100949_20201116_20201121.xml#261;fmi_100949_20201116_20201121.xml#262;fmi_100949_20201116_20201121.xml#263;fmi_100949_20201116_20201121.xml#264
100949,2020-11-18T18:00:00Z,11.1,4.5,0.0,0.0,OK,OK,OK,OK,false,hour_ending,SOURCE_UTC_STATED,fmi-8ab7d7d344b4,fmi_100949_20201116_20201121.xml,fmi_100949_20201116_20201121.xml#265;fmi_100949_20201116_20201121.xml#266;fmi_100949_20201116_20201121.xml#267;fmi_100949_20201116_20201121.xml#268
100949,2020-11-18T19:00:00Z,11.5,5.8,0.0,0.0,OK,OK,OK,OK,false,hour_ending,SOURCE_UTC_STATED,fmi-8ab7d7d344b4,fmi_100949_20201116_20201121.xml,fmi_100949_20201116_20201121.xml#269;fmi_100949_20201116_20201121.xml#270;fmi_100949_20201116_20201121.xml#271;fmi_100949_20201116_20201121.xml#272
100949,2020-11-18T20:00:00Z,11.3,5.8,0.0,0.0,OK,OK,OK,OK,false,hour_ending,SOURCE_UTC_STATED,fmi-8ab7d7d344b4,fmi_100949_20201116_20201121.xml,fmi_100949_20201116_20201121.xml#273;fmi_100949_20201116_20201121.xml#274;fmi_100949_20201116_20201121.xml#275;fmi_100949_20201116_20201121.xml#276
100949,2020-11-18T21:00:00Z,11.3,6.6,0.0,0.0,OK,OK,OK,OK,false,hour_ending,SOURCE_UTC_STATED,fmi-8ab7d7d344b4,fmi_100949_20201116_20201121.xml,fmi_100949_20201116_20201121.xml#277;fmi_100949_20201116_20201121.xml#278;fmi_100949_20201116_20201121.xml#279;fmi_100949_20201116_20201121.xml#280
100949,2020-11-18T22:00:00Z,11.2,6.2,0.0,0.0,OK,OK,OK,OK,false,hour_ending,SOURCE_UTC_STATED,fmi-8ab7d7d344b4,fmi_100949_20201116_20201121.xml,fmi_100949_20201116_20201121.xml#281;fmi_100949_20201116_20201121.xml#282;fmi_100949_20201116_20201121.xml#283;fmi_100949_20201116_20201121.xml#284
100949,2020-11-18T23:00:00Z,10.8,5.7,0.5,0.7,OK,OK,OK,OK,false,hour_ending,SOURCE_UTC_STATED,fmi-8ab7d7d344b4,fmi_100949_20201116_20201121.xml,fmi_100949_20201116_20201121.xml#285;fmi_100949_20201116_20201121.xml#286;fmi_100949_20201116_20201121.xml#287;fmi_100949_20201116_20201121.xml#288
100949,2020-11-19T00:00:00Z,10.9,6.8,0.3,0.0,OK,OK,OK,OK,false,hour_ending,SOURCE_UTC_STATED,fmi-8ab7d7d344b4,fmi_100949_20201116_20201121.xml,fmi_100949_20201116_20201121.xml#289;fmi_100949_20201116_20201121.xml#290;fmi_100949_20201116_20201121.xml#291;fmi_100949_20201116_20201121.xml#292
100949,2020-11-19T01:00:00Z,10.9,7.6,0.0,0.0,OK,OK,OK,OK,false,hour_ending,SOURCE_UTC_STATED,fmi-8ab7d7d344b4,fmi_100949_20201116_20201121.xml,fmi_100949_20201116_20201121.xml#293;fmi_100949_20201116_20201121.xml#294;fmi_100949_20201116_20201121.xml#295;fmi_100949_20201116_20201121.xml#296
100949,2020-11-19T02:00:00Z,10.0,6.7,0.9,3.1,OK,OK,OK,OK,false,hour_ending,SOURCE_UTC_STATED,fmi-8ab7d7d344b4,fmi_100949_20201116_20201121.xml,fmi_100949_20201116_20201121.xml#297;fmi_100949_20201116_20201121.xml#298;fmi_100949_20201116_20201121.xml#299;fmi_100949_20201116_20201121.xml#300
100949,2020-11-19T03:00:00Z,9.7,7.6,2.7,4.3,OK,OK,OK,OK,false,hour_ending,SOURCE_UTC_STATED,fmi-8ab7d7d344b4,fmi_100949_20201116_20201121.xml,fmi_100949_20201116_20201121.xml#301;fmi_100949_20201116_20201121.xml#302;fmi_100949_20201116_20201121.xml#303;fmi_100949_20201116_20201121.xml#304
100949,2020-11-19T04:00:00Z,10.1,8.1,0.1,0.0,OK,OK,OK,OK,false,hour_ending,SOURCE_UTC_STATED,fmi-8ab7d7d344b4,fmi_100949_20201116_20201121.xml,fmi_100949_20201116_20201121.xml#305;fmi_100949_20201116_20201121.xml#306;fmi_100949_20201116_20201121.xml#307;fmi_100949_20201116_20201121.xml#308
100949,2020-11-19T05:00:00Z,10.2,6.7,0.0,0.0,OK,OK,OK,OK,false,hour_ending,SOURCE_UTC_STATED,fmi-8ab7d7d344b4,fmi_100949_20201116_20201121.xml,fmi_100949_20201116_20201121.xml#309;fmi_100949_20201116_20201121.xml#310;fmi_100949_20201116_20201121.xml#311;fmi_100949_20201116_20201121.xml#312
100949,2020-11-19T06:00:00Z,10.2,7.8,0.0,0.0,OK,OK,OK,OK,false,hour_ending,SOURCE_UTC_STATED,fmi-8ab7d7d344b4,fmi_100949_20201116_20201121.xml,fmi_100949_20201116_20201121.xml#313;fmi_100949_20201116_20201121.xml#314;fmi_100949_20201116_20201121.xml#315;fmi_100949_20201116_20201121.xml#316
100949,2020-11-19T07:00:00Z,10.2,8.8,0.2,0.0,OK,OK,OK,OK,false,hour_ending,SOURCE_UTC_STATED,fmi-8ab7d7d344b4,fmi_100949_20201116_20201121.xml,fmi_100949_20201116_20201121.xml#317;fmi_100949_20201116_20201121.xml#318;fmi_100949_20201116_20201121.xml#319;fmi_100949_20201116_20201121.xml#320
100949,2020-11-19T08:00:00Z,11.2,8.9,0.0,0.0,OK,OK,OK,OK,false,hour_ending,SOURCE_UTC_STATED,fmi-8ab7d7d344b4,fmi_100949_20201116_20201121.xml,fmi_100949_20201116_20201121.xml#321;fmi_100949_20201116_20201121.xml#322;fmi_100949_20201116_20201121.xml#323;fmi_100949_20201116_20201121.xml#324
100949,2020-11-19T09:00:00Z,11.1,8.4,0.0,0.0,OK,OK,OK,OK,false,hour_ending,SOURCE_UTC_STATED,fmi-8ab7d7d344b4,fmi_100949_20201116_20201121.xml,fmi_100949_20201116_20201121.xml#325;fmi_100949_20201116_20201121.xml#326;fmi_100949_20201116_20201121.xml#327;fmi_100949_20201116_20201121.xml#328
100949,2020-11-19T10:00:00Z,10.2,7.3,0.0,0.0,OK,OK,OK,OK,false,hour_ending,SOURCE_UTC_STATED,fmi-8ab7d7d344b4,fmi_100949_20201116_20201121.xml,fmi_100949_20201116_20201121.xml#329;fmi_100949_20201116_20201121.xml#330;fmi_100949_20201116_20201121.xml#331;fmi_100949_20201116_20201121.xml#332
100949,2020-11-19T11:00:00Z,9.5,7.1,0.0,0.0,OK,OK,OK,OK,false,hour_ending,SOURCE_UTC_STATED,fmi-8ab7d7d344b4,fmi_100949_20201116_20201121.xml,fmi_100949_20201116_20201121.xml#333;fmi_100949_20201116_20201121.xml#334;fmi_100949_20201116_20201121.xml#335;fmi_100949_20201116_20201121.xml#336
100949,2020-11-19T12:00:00Z,9.6,8.2,0.0,0.0,OK,OK,OK,OK,false,hour_ending,SOURCE_UTC_STATED,fmi-8ab7d7d344b4,fmi_100949_20201116_20201121.xml,fmi_100949_20201116_20201121.xml#337;fmi_100949_20201116_20201121.xml#338;fmi_100949_20201116_20201121.xml#339;fmi_100949_20201116_20201121.xml#340
100949,2020-11-19T13:00:00Z,9.6,7.6,0.0,0.0,OK,OK,OK,OK,false,hour_ending,SOURCE_UTC_STATED,fmi-8ab7d7d344b4,fmi_100949_20201116_20201121.xml,fmi_100949_20201116_20201121.xml#341;fmi_100949_20201116_20201121.xml#342;fmi_100949_20201116_20201121.xml#343;fmi_100949_20201116_20201121.xml#344
100949,2020-11-19T14:00:00Z,4.9,3.5,1.5,0.3,OK,OK,OK,OK,false,hour_ending,SOURCE_UTC_STATED,fmi-8ab7d7d344b4,fmi_100949_20201116_20201121.xml,fmi_100949_20201116_20201121.xml#345;fmi_100949_20201116_20201121.xml#346;fmi_100949_20201116_20201121.xml#347;fmi_100949_20201116_20201121.xml#348
100949,2020-11-19T15:00:00Z,4.2,2.8,1.6,0.0,OK,OK,OK,OK,false,hour_ending,SOURCE_UTC_STATED,fmi-8ab7d7d344b4,fmi_100949_20201116_20201121.xml,fmi_100949_20201116_20201121.xml#349;fmi_100949_20201116_20201121.xml#350;fmi_100949_20201116_20201121.xml#351;fmi_100949_20201116_20201121.xml#352
100949,2020-11-19T16:00:00Z,3.4,2.4,0.0,0.0,OK,OK,OK,OK,false,hour_ending,SOURCE_UTC_STATED,fmi-8ab7d7d344b4,fmi_100949_20201116_20201121.xml,fmi_100949_20201116_20201121.xml#353;fmi_100949_20201116_20201121.xml#354;fmi_100949_20201116_20201121.xml#355;fmi_100949_20201116_20201121.xml#356
100949,2020-11-19T17:00:00Z,3.1,2.7,0.0,0.0,OK,OK,OK,OK,false,hour_ending,SOURCE_UTC_STATED,fmi-8ab7d7d344b4,fmi_100949_20201116_20201121.xml,fmi_100949_20201116_20201121.xml#357;fmi_100949_20201116_20201121.xml#358;fmi_100949_20201116_20201121.xml#359;fmi_100949_20201116_20201121.xml#360
100949,2020-11-19T18:00:00Z,3.1,3.5,0.0,0.0,OK,OK,OK,OK,false,hour_ending,SOURCE_UTC_STATED,fmi-8ab7d7d344b4,fmi_100949_20201116_20201121.xml,fmi_100949_20201116_20201121.xml#361;fmi_100949_20201116_20201121.xml#362;fmi_100949_20201116_20201121.xml#363;fmi_100949_20201116_20201121.xml#364
100949,2020-11-19T19:00:00Z,2.4,5.0,0.7,0.2,OK,OK,OK,OK,false,hour_ending,SOURCE_UTC_STATED,fmi-8ab7d7d344b4,fmi_100949_20201116_20201121.xml,fmi_100949_20201116_20201121.xml#365;fmi_100949_20201116_20201121.xml#366;fmi_100949_20201116_20201121.xml#367;fmi_100949_20201116_20201121.xml#368
100949,2020-11-19T20:00:00Z,0.8,4.4,0.5,0.0,OK,OK,OK,OK,false,hour_ending,SOURCE_UTC_STATED,fmi-8ab7d7d344b4,fmi_100949_20201116_20201121.xml,fmi_100949_20201116_20201121.xml#369;fmi_100949_20201116_20201121.xml#370;fmi_100949_20201116_20201121.xml#371;fmi_100949_20201116_20201121.xml#372
100949,2020-11-19T21:00:00Z,0.7,4.6,1.2,0.0,OK,OK,OK,OK,false,hour_ending,SOURCE_UTC_STATED,fmi-8ab7d7d344b4,fmi_100949_20201116_20201121.xml,fmi_100949_20201116_20201121.xml#373;fmi_100949_20201116_20201121.xml#374;fmi_100949_20201116_20201121.xml#375;fmi_100949_20201116_20201121.xml#376
100949,2020-11-19T22:00:00Z,0.5,4.2,0.2,0.4,OK,OK,OK,OK,false,hour_ending,SOURCE_UTC_STATED,fmi-8ab7d7d344b4,fmi_100949_20201116_20201121.xml,fmi_100949_20201116_20201121.xml#377;fmi_100949_20201116_20201121.xml#378;fmi_100949_20201116_20201121.xml#379;fmi_100949_20201116_20201121.xml#380
100949,2020-11-19T23:00:00Z,0.8,3.2,0.1,0.0,OK,OK,OK,OK,false,hour_ending,SOURCE_UTC_STATED,fmi-8ab7d7d344b4,fmi_100949_20201116_20201121.xml,fmi_100949_20201116_20201121.xml#381;fmi_100949_20201116_20201121.xml#382;fmi_100949_20201116_20201121.xml#383;fmi_100949_20201116_20201121.xml#384
100949,2020-11-20T00:00:00Z,0.5,3.5,0.0,0.0,OK,OK,OK,OK,false,hour_ending,SOURCE_UTC_STATED,fmi-8ab7d7d344b4,fmi_100949_20201116_20201121.xml,fmi_100949_20201116_20201121.xml#385;fmi_100949_20201116_20201121.xml#386;fmi_100949_20201116_20201121.xml#387;fmi_100949_20201116_20201121.xml#388
100949,2020-11-20T01:00:00Z,-0.1,2.5,0.0,0.0,OK,OK,OK,OK,false,hour_ending,SOURCE_UTC_STATED,fmi-8ab7d7d344b4,fmi_100949_20201116_20201121.xml,fmi_100949_20201116_20201121.xml#389;fmi_100949_20201116_20201121.xml#390;fmi_100949_20201116_20201121.xml#391;fmi_100949_20201116_20201121.xml#392
100949,2020-11-20T02:00:00Z,-0.5,3.0,0.8,2.2,OK,OK,OK,OK,false,hour_ending,SOURCE_UTC_STATED,fmi-8ab7d7d344b4,fmi_100949_20201116_20201121.xml,fmi_100949_20201116_20201121.xml#393;fmi_100949_20201116_20201121.xml#394;fmi_100949_20201116_20201121.xml#395;fmi_100949_20201116_20201121.xml#396
100949,2020-11-20T03:00:00Z,-1.0,3.0,1.0,1.7,OK,OK,OK,OK,false,hour_ending,SOURCE_UTC_STATED,fmi-8ab7d7d344b4,fmi_100949_20201116_20201121.xml,fmi_100949_20201116_20201121.xml#397;fmi_100949_20201116_20201121.xml#398;fmi_100949_20201116_20201121.xml#399;fmi_100949_20201116_20201121.xml#400
100949,2020-11-20T04:00:00Z,-0.9,1.3,0.0,0.0,OK,OK,OK,OK,false,hour_ending,SOURCE_UTC_STATED,fmi-8ab7d7d344b4,fmi_100949_20201116_20201121.xml,fmi_100949_20201116_20201121.xml#401;fmi_100949_20201116_20201121.xml#402;fmi_100949_20201116_20201121.xml#403;fmi_100949_20201116_20201121.xml#404
100949,2020-11-20T05:00:00Z,-0.8,2.3,0.8,0.0,OK,OK,OK,OK,false,hour_ending,SOURCE_UTC_STATED,fmi-8ab7d7d344b4,fmi_100949_20201116_20201121.xml,fmi_100949_20201116_20201121.xml#405;fmi_100949_20201116_20201121.xml#406;fmi_100949_20201116_20201121.xml#407;fmi_100949_20201116_20201121.xml#408
100949,2020-11-20T06:00:00Z,-0.8,1.3,0.0,0.0,OK,OK,OK,OK,false,hour_ending,SOURCE_UTC_STATED,fmi-8ab7d7d344b4,fmi_100949_20201116_20201121.xml,fmi_100949_20201116_20201121.xml#409;fmi_100949_20201116_20201121.xml#410;fmi_100949_20201116_20201121.xml#411;fmi_100949_20201116_20201121.xml#412
100949,2020-11-20T07:00:00Z,-1.8,0.6,0.0,0.0,OK,OK,OK,OK,false,hour_ending,SOURCE_UTC_STATED,fmi-8ab7d7d344b4,fmi_100949_20201116_20201121.xml,fmi_100949_20201116_20201121.xml#413;fmi_100949_20201116_20201121.xml#414;fmi_100949_20201116_20201121.xml#415;fmi_100949_20201116_20201121.xml#416
100949,2020-11-20T08:00:00Z,0.1,1.2,0.3,0.0,OK,OK,OK,OK,false,hour_ending,SOURCE_UTC_STATED,fmi-8ab7d7d344b4,fmi_100949_20201116_20201121.xml,fmi_100949_20201116_20201121.xml#417;fmi_100949_20201116_20201121.xml#418;fmi_100949_20201116_20201121.xml#419;fmi_100949_20201116_20201121.xml#420
100949,2020-11-20T09:00:00Z,0.8,3.2,0.2,1.1,OK,OK,OK,OK,false,hour_ending,SOURCE_UTC_STATED,fmi-8ab7d7d344b4,fmi_100949_20201116_20201121.xml,fmi_100949_20201116_20201121.xml#421;fmi_100949_20201116_20201121.xml#422;fmi_100949_20201116_20201121.xml#423;fmi_100949_20201116_20201121.xml#424
100949,2020-11-20T10:00:00Z,1.8,2.9,0.1,0.0,OK,OK,OK,OK,false,hour_ending,SOURCE_UTC_STATED,fmi-8ab7d7d344b4,fmi_100949_20201116_20201121.xml,fmi_100949_20201116_20201121.xml#425;fmi_100949_20201116_20201121.xml#426;fmi_100949_20201116_20201121.xml#427;fmi_100949_20201116_20201121.xml#428
100949,2020-11-20T11:00:00Z,2.0,2.8,0.1,0.1,OK,OK,OK,OK,false,hour_ending,SOURCE_UTC_STATED,fmi-8ab7d7d344b4,fmi_100949_20201116_20201121.xml,fmi_100949_20201116_20201121.xml#429;fmi_100949_20201116_20201121.xml#430;fmi_100949_20201116_20201121.xml#431;fmi_100949_20201116_20201121.xml#432
100949,2020-11-20T12:00:00Z,1.7,2.7,0.1,0.5,OK,OK,OK,OK,false,hour_ending,SOURCE_UTC_STATED,fmi-8ab7d7d344b4,fmi_100949_20201116_20201121.xml,fmi_100949_20201116_20201121.xml#433;fmi_100949_20201116_20201121.xml#434;fmi_100949_20201116_20201121.xml#435;fmi_100949_20201116_20201121.xml#436
100949,2020-11-20T13:00:00Z,1.4,3.5,0.2,0.0,OK,OK,OK,OK,false,hour_ending,SOURCE_UTC_STATED,fmi-8ab7d7d344b4,fmi_100949_20201116_20201121.xml,fmi_100949_20201116_20201121.xml#437;fmi_100949_20201116_20201121.xml#438;fmi_100949_20201116_20201121.xml#439;fmi_100949_20201116_20201121.xml#440
100949,2020-11-20T14:00:00Z,1.7,2.4,0.0,0.0,OK,OK,OK,OK,false,hour_ending,SOURCE_UTC_STATED,fmi-8ab7d7d344b4,fmi_100949_20201116_20201121.xml,fmi_100949_20201116_20201121.xml#441;fmi_100949_20201116_20201121.xml#442;fmi_100949_20201116_20201121.xml#443;fmi_100949_20201116_20201121.xml#444
100949,2020-11-20T15:00:00Z,1.5,3.0,0.1,0.0,OK,OK,OK,OK,false,hour_ending,SOURCE_UTC_STATED,fmi-8ab7d7d344b4,fmi_100949_20201116_20201121.xml,fmi_100949_20201116_20201121.xml#445;fmi_100949_20201116_20201121.xml#446;fmi_100949_20201116_20201121.xml#447;fmi_100949_20201116_20201121.xml#448
100949,2020-11-20T16:00:00Z,1.7,1.9,0.0,0.0,OK,OK,OK,OK,false,hour_ending,SOURCE_UTC_STATED,fmi-8ab7d7d344b4,fmi_100949_20201116_20201121.xml,fmi_100949_20201116_20201121.xml#449;fmi_100949_20201116_20201121.xml#450;fmi_100949_20201116_20201121.xml#451;fmi_100949_20201116_20201121.xml#452
100949,2020-11-20T17:00:00Z,2.1,2.4,0.0,0.0,OK,OK,OK,OK,false,hour_ending,SOURCE_UTC_STATED,fmi-8ab7d7d344b4,fmi_100949_20201116_20201121.xml,fmi_100949_20201116_20201121.xml#453;fmi_100949_20201116_20201121.xml#454;fmi_100949_20201116_20201121.xml#455;fmi_100949_20201116_20201121.xml#456
100949,2020-11-20T18:00:00Z,1.3,1.0,0.0,0.0,OK,OK,OK,OK,false,hour_ending,SOURCE_UTC_STATED,fmi-8ab7d7d344b4,fmi_100949_20201116_20201121.xml,fmi_100949_20201116_20201121.xml#457;fmi_100949_20201116_20201121.xml#458;fmi_100949_20201116_20201121.xml#459;fmi_100949_20201116_20201121.xml#460
100949,2020-11-20T19:00:00Z,-0.6,0.5,0.0,0.0,OK,OK,OK,OK,false,hour_ending,SOURCE_UTC_STATED,fmi-8ab7d7d344b4,fmi_100949_20201116_20201121.xml,fmi_100949_20201116_20201121.xml#461;fmi_100949_20201116_20201121.xml#462;fmi_100949_20201116_20201121.xml#463;fmi_100949_20201116_20201121.xml#464
100949,2020-11-20T20:00:00Z,-0.6,0.7,0.0,0.0,OK,OK,OK,OK,false,hour_ending,SOURCE_UTC_STATED,fmi-8ab7d7d344b4,fmi_100949_20201116_20201121.xml,fmi_100949_20201116_20201121.xml#465;fmi_100949_20201116_20201121.xml#466;fmi_100949_20201116_20201121.xml#467;fmi_100949_20201116_20201121.xml#468
100949,2020-11-20T21:00:00Z,-1.2,0.7,0.0,0.0,OK,OK,OK,OK,false,hour_ending,SOURCE_UTC_STATED,fmi-8ab7d7d344b4,fmi_100949_20201116_20201121.xml,fmi_100949_20201116_20201121.xml#469;fmi_100949_20201116_20201121.xml#470;fmi_100949_20201116_20201121.xml#471;fmi_100949_20201116_20201121.xml#472
100949,2020-11-20T22:00:00Z,-1.7,0.9,0.0,0.0,OK,OK,OK,OK,false,hour_ending,SOURCE_UTC_STATED,fmi-8ab7d7d344b4,fmi_100949_20201116_20201121.xml,fmi_100949_20201116_20201121.xml#473;fmi_100949_20201116_20201121.xml#474;fmi_100949_20201116_20201121.xml#475;fmi_100949_20201116_20201121.xml#476
100949,2020-11-20T23:00:00Z,-2.1,0.9,0.0,0.0,OK,OK,OK,OK,false,hour_ending,SOURCE_UTC_STATED,fmi-8ab7d7d344b4,fmi_100949_20201116_20201121.xml,fmi_100949_20201116_20201121.xml#477;fmi_100949_20201116_20201121.xml#478;fmi_100949_20201116_20201121.xml#479;fmi_100949_20201116_20201121.xml#480
100949,2020-11-21T00:00:00Z,-2.6,0.9,0.0,0.0,OK,OK,OK,OK,false,hour_ending,SOURCE_UTC_STATED,fmi-8ab7d7d344b4,fmi_100949_20201116_20201121.xml,fmi_100949_20201116_20201121.xml#481;fmi_100949_20201116_20201121.xml#482;fmi_100949_20201116_20201121.xml#483;fmi_100949_20201116_20201121.xml#484
