session_key,population,is_quarantined,canonical_weight_g,wp4_rule_weight_sum_g,weight_control,canonical_span_s,wp4_span_s,span_control,event_count_control,canonical_first_weighing_local,wp4_first_weighing_local,first_weighing_control
session0|non_registered_export,non_registered_export,false,358,358,MATCH,61,61,MATCH,MATCH,2020-10-28T11:32:13,2020-10-28T11:32:13,MATCH
session1000|non_registered_export,non_registered_export,false,346,346,MATCH,62,62,MATCH,MATCH,2020-10-29T11:43:06,2020-10-29T11:43:06,MATCH
session1001|non_registered_export,non_registered_export,false,329,329,MATCH,27,27,MATCH,MATCH,2020-10-28T12:15:11,2020-10-28T12:15:11,MATCH
session1002|non_registered_export,non_registered_export,false,357,357,MATCH,44,44,MATCH,MATCH,2020-10-15T10:35:59,2020-10-15T10:35:59,MATCH
session1003|non_registered_export,non_registered_export,false,12,12,MATCH,33,33,MATCH,MATCH,2020-10-15T10:35:04,2020-10-15T10:35:04,MATCH
session1004|registered_export,registered_export,false,1277,1277,MATCH,89,89,MATCH,MATCH,2020-10-20T10:39:15,2020-10-20T10:39:15,MATCH
session1005|non_registered_export,non_registered_export,false,387,387,MATCH,93,93,MATCH,MATCH,2020-10-21T11:06:40,2020-10-21T11:06:40,MATCH
session1006|non_registered_export,non_registered_export,false,1380,1380,MATCH,98,98,MATCH,MATCH,2020-10-07T11:04:28,2020-10-07T11:04:28,MATCH
session1007|non_registered_export,non_registered_export,false,522,522,MATCH,36,36,MATCH,MATCH,2020-10-20T10:55:33,2020-10-20T10:55:33,MATCH
session1008|non_registered_export,non_registered_export,false,504,504,MATCH,48,48,MATCH,MATCH,2020-11-12T11:37:32,2020-11-12T11:37:32,MATCH
session1009|registered_export,registered_export,false,163,163,MATCH,94,94,MATCH,MATCH,2020-11-02T11:31:58,2020-11-02T11:31:58,MATCH
session100|registered_export,registered_export,false,686,686,MATCH,122,122,MATCH,MATCH,2020-10-19T11:44:43,2020-10-19T11:44:43,MATCH
session1010|non_registered_export,non_registered_export,false,148,148,MATCH,0,0,MATCH,MATCH,2020-10-05T12:30:15,2020-10-05T12:30:15,MATCH
session1011|non_registered_export,non_registered_export,false,2054,2054,MATCH,168,168,MATCH,MATCH,2020-10-15T11:20:07,2020-10-15T11:20:07,MATCH
session1012|registered_export,registered_export,false,522,522,MATCH,79,79,MATCH,MATCH,2020-11-11T10:49:42,2020-11-11T10:49:42,MATCH
session1013|registered_export,registered_export,false,459,459,MATCH,97,97,MATCH,MATCH,2020-11-10T11:40:26,2020-11-10T11:40:26,MATCH
session1014|non_registered_export,non_registered_export,false,14,14,MATCH,0,0,MATCH,MATCH,2020-11-11T11:06:10,2020-11-11T11:06:10,MATCH
session1015|non_registered_export,non_registered_export,false,2,2,MATCH,0,0,MATCH,MATCH,2020-10-13T11:02:02,2020-10-13T11:02:02,MATCH
session1016|registered_export,registered_export,false,697,697,MATCH,81,81,MATCH,MATCH,2020-11-03T12:02:52,2020-11-03T12:02:52,MATCH
session1017|non_registered_export,non_registered_export,false,331,331,MATCH,65,65,MATCH,MATCH,2020-10-26T11:07:55,2020-10-26T11:07:55,MATCH
session1018|registered_export,registered_export,false,598,598,MATCH,68,68,MATCH,MATCH,2020-10-27T11:03:41,2020-10-27T11:03:41,MATCH
session1019|registered_export,registered_export,false,448,448,MATCH,59,59,MATCH,MATCH,2020-10-07T11:14:32,2020-10-07T11:14:32,MATCH
session101|registered_export,registered_export,false,364,364,MATCH,40,40,MATCH,MATCH,2020-11-03T12:19:10,2020-11-03T12:19:10,MATCH
session1020|non_registered_export,non_registered_export,false,662,662,MATCH,63,63,MATCH,MATCH,2020-10-22T11:19:43,2020-10-22T11:19:43,MATCH
session1021|registered_export,registered_export,false,586,586,MATCH,99,99,MATCH,MATCH,2020-11-10T11:43:53,2020-11-10T11:43:53,MATCH
session1022|registered_export,registered_export,false,375,375,MATCH,47,47,MATCH,MATCH,2020-11-10T10:57:55,2020-11-10T10:57:55,MATCH
session1023|non_registered_export,non_registered_export,false,46,46,MATCH,0,0,MATCH,MATCH,2020-10-28T11:38:43,2020-10-28T11:38:43,MATCH
session1024|non_registered_export,non_registered_export,false,715,715,MATCH,103,103,MATCH,MATCH,2020-10-29T11:23:52,2020-10-29T11:23:52,MATCH
session1025|registered_export,registered_export,false,454,454,MATCH,91,91,MATCH,MATCH,2020-10-20T11:12:28,2020-10-20T11:12:28,MATCH
session1026|registered_export,registered_export,false,410,410,MATCH,67,67,MATCH,MATCH,2020-10-27T11:06:19,2020-10-27T11:06:19,MATCH
session1027|non_registered_export,non_registered_export,false,1,1,MATCH,0,0,MATCH,MATCH,2020-10-13T11:05:45,2020-10-13T11:05:45,MATCH
session1028|registered_export,registered_export,false,574,574,MATCH,88,88,MATCH,MATCH,2020-11-20T10:34:55,2020-11-20T10:34:55,MATCH
session1029|non_registered_export,non_registered_export,false,1,1,MATCH,0,0,MATCH,MATCH,2020-10-09T10:35:10,2020-10-09T10:35:10,MATCH
session102|non_registered_export,non_registered_export,false,15,15,MATCH,0,0,MATCH,MATCH,2020-10-15T13:00:06,2020-10-15T13:00:06,MATCH
session1030|registered_export,registered_export,false,489,489,MATCH,79,79,MATCH,MATCH,2020-10-21T11:57:44,2020-10-21T11:57:44,MATCH
session1031|non_registered_export,non_registered_export,false,1,1,MATCH,0,0,MATCH,MATCH,2020-10-13T11:06:31,2020-10-13T11:06:31,MATCH
session1032|non_registered_export,non_registered_export,false,221,221,MATCH,65,65,MATCH,MATCH,2020-11-13T10:53:36,2020-11-13T10:53:36,MATCH
session1033|registered_export,registered_export,false,593,593,MATCH,56,56,MATCH,MATCH,2020-10-12T10:33:30,2020-10-12T10:33:30,MATCH
session1034|non_registered_export,non_registered_export,false,943,943,MATCH,31,31,MATCH,MATCH,2020-11-12T11:09:17,2020-11-12T11:09:17,MATCH
session1035|registered_export,registered_export,false,528,528,MATCH,67,67,MATCH,MATCH,2020-11-16T11:47:15,2020-11-16T11:47:15,MATCH
session1036|registered_export,registered_export,false,590,590,MATCH,66,66,MATCH,MATCH,2020-11-10T11:08:36,2020-11-10T11:08:36,MATCH
session1037|registered_export,registered_export,false,670,670,MATCH,80,80,MATCH,MATCH,2020-10-14T12:17:08,2020-10-14T12:17:08,MATCH
session1038|non_registered_export,non_registered_export,false,40,40,MATCH,0,0,MATCH,MATCH,2020-10-16T11:25:10,2020-10-16T11:25:10,MATCH
session1039|registered_export,registered_export,false,627,627,MATCH,81,81,MATCH,MATCH,2020-10-21T11:22:00,2020-10-21T11:22:00,MATCH
session103|registered_export,registered_export,false,1147,1147,MATCH,51,51,MATCH,MATCH,2020-10-07T11:54:52,2020-10-07T11:54:52,MATCH
session1040|registered_export,registered_export,false,1291,1291,MATCH,83,83,MATCH,MATCH,2020-10-12T10:59:37,2020-10-12T10:59:37,MATCH
session1041|non_registered_export,non_registered_export,false,13,13,MATCH,0,0,MATCH,MATCH,2020-11-04T12:29:47,2020-11-04T12:29:47,MATCH
session1042|registered_export,registered_export,false,383,383,MATCH,58,58,MATCH,MATCH,2020-10-28T11:27:57,2020-10-28T11:27:57,MATCH
session1043|registered_export,registered_export,false,442,442,MATCH,97,97,MATCH,MATCH,2020-11-10T11:11:19,2020-11-10T11:11:19,MATCH
session1044|non_registered_export,non_registered_export,false,479,479,MATCH,50,50,MATCH,MATCH,2020-10-15T11:00:37,2020-10-15T11:00:37,MATCH
session1045|registered_export,registered_export,false,422,422,MATCH,100,100,MATCH,MATCH,2020-11-20T11:25:13,2020-11-20T11:25:13,MATCH
session1046|registered_export,registered_export,false,732,732,MATCH,80,80,MATCH,MATCH,2020-11-18T11:19:23,2020-11-18T11:19:23,MATCH
session1047|non_registered_export,non_registered_export,false,878,878,MATCH,0,0,MATCH,MATCH,2020-11-09T12:51:30,2020-11-09T12:51:30,MATCH
session1048|registered_export,registered_export,false,492,492,MATCH,0,0,MATCH,MATCH,2020-10-28T12:19:08,2020-10-28T12:19:08,MATCH
session1049|non_registered_export,non_registered_export,false,56,56,MATCH,0,0,MATCH,MATCH,2020-11-10T10:43:10,2020-11-10T10:43:10,MATCH
session104|non_registered_export,non_registered_export,false,108,108,MATCH,0,0,MATCH,MATCH,2020-10-14T11:47:51,2020-10-14T11:47:51,MATCH
session1050|non_registered_export,non_registered_export,false,794,794,MATCH,79,79,MATCH,MATCH,2020-10-13T11:02:43,2020-10-13T11:02:43,MATCH
session1051|non_registered_export,non_registered_export,false,56,56,MATCH,0,0,MATCH,MATCH,2020-10-29T12:33:15,2020-10-29T12:33:15,MATCH
session1052|registered_export,registered_export,false,320,320,MATCH,47,47,MATCH,MATCH,2020-11-04T12:15:27,2020-11-04T12:15:27,MATCH
session1053|registered_export,registered_export,false,294,294,MATCH,0,0,MATCH,MATCH,2020-11-02T10:16:12,2020-11-02T10:16:12,MATCH
session1054|non_registered_export,non_registered_export,false,879,879,MATCH,70,70,MATCH,MATCH,2020-10-09T12:12:50,2020-10-09T12:12:50,MATCH
session1055|non_registered_export,non_registered_export,false,1,1,MATCH,0,0,MATCH,MATCH,2020-10-06T11:24:22,2020-10-06T11:24:22,MATCH
session1056|non_registered_export,non_registered_export,false,492,492,MATCH,60,60,MATCH,MATCH,2020-10-23T11:13:01,2020-10-23T11:13:01,MATCH
session1057|registered_export,registered_export,false,434,434,MATCH,36,36,MATCH,MATCH,2020-10-27T10:39:24,2020-10-27T10:39:24,MATCH
session1058|non_registered_export,non_registered_export,false,176,176,MATCH,0,0,MATCH,MATCH,2020-10-26T10:36:50,2020-10-26T10:36:50,MATCH
session1059|registered_export,registered_export,false,497,497,MATCH,63,63,MATCH,MATCH,2020-11-06T11:27:45,2020-11-06T11:27:45,MATCH
session105|non_registered_export,non_registered_export,false,597,597,MATCH,64,64,MATCH,MATCH,2020-11-05T11:52:56,2020-11-05T11:52:56,MATCH
session1060|non_registered_export,non_registered_export,false,480,480,MATCH,36,36,MATCH,MATCH,2020-11-04T12:38:36,2020-11-04T12:38:36,MATCH
session1061|non_registered_export,non_registered_export,false,22,22,MATCH,0,0,MATCH,MATCH,2020-10-30T11:53:37,2020-10-30T11:53:37,MATCH
session1062|non_registered_export,non_registered_export,false,887,887,MATCH,83,83,MATCH,MATCH,2020-11-02T12:44:33,2020-11-02T12:44:33,MATCH
session1063|registered_export,registered_export,false,579,579,MATCH,77,77,MATCH,MATCH,2020-11-10T12:09:26,2020-11-10T12:09:26,MATCH
session1064|registered_export,registered_export,false,394,394,MATCH,79,79,MATCH,MATCH,2020-11-04T11:07:13,2020-11-04T11:07:13,MATCH
session1065|registered_export,registered_export,false,208,208,MATCH,77,77,MATCH,MATCH,2020-10-07T11:24:01,2020-10-07T11:24:01,MATCH
session1066|non_registered_export,non_registered_export,false,59,59,MATCH,0,0,MATCH,MATCH,2020-10-06T13:03:47,2020-10-06T13:03:47,MATCH
session1067|non_registered_export,non_registered_export,false,324,324,MATCH,51,51,MATCH,MATCH,2020-10-16T11:52:50,2020-10-16T11:52:50,MATCH
session1068|non_registered_export,non_registered_export,false,423,423,MATCH,0,0,MATCH,MATCH,2020-11-09T11:09:54,2020-11-09T11:09:54,MATCH
session1069|non_registered_export,non_registered_export,false,467,467,MATCH,68,68,MATCH,MATCH,2020-11-03T12:08:29,2020-11-03T12:08:29,MATCH
session106|registered_export,registered_export,false,590,590,MATCH,76,76,MATCH,MATCH,2020-10-28T11:01:00,2020-10-28T11:01:00,MATCH
session1070|non_registered_export,non_registered_export,false,268,268,MATCH,113,113,MATCH,MATCH,2020-10-20T12:02:15,2020-10-20T12:02:15,MATCH
session1071|non_registered_export,non_registered_export,false,243,243,MATCH,48,48,MATCH,MATCH,2020-10-19T12:03:29,2020-10-19T12:03:29,MATCH
session1072|non_registered_export,non_registered_export,false,518,518,MATCH,97,97,MATCH,MATCH,2020-10-20T12:30:50,2020-10-20T12:30:50,MATCH
session1073|registered_export,registered_export,false,647,647,MATCH,79,79,MATCH,MATCH,2020-11-12T11:08:13,2020-11-12T11:08:13,MATCH
session1074|registered_export,registered_export,false,1643,1643,MATCH,81,81,MATCH,MATCH,2020-10-05T10:48:03,2020-10-05T10:48:03,MATCH
session1075|registered_export,registered_export,false,583,583,MATCH,86,86,MATCH,MATCH,2020-10-26T12:13:15,2020-10-26T12:13:15,MATCH
session1076|non_registered_export,non_registered_export,false,66,66,MATCH,123,123,MATCH,MATCH,2020-11-12T11:40:16,2020-11-12T11:40:16,MATCH
session1077|registered_export,registered_export,false,506,506,MATCH,73,73,MATCH,MATCH,2020-10-14T11:58:57,2020-10-14T11:58:57,MATCH
session1078|registered_export,registered_export,false,741,741,MATCH,65,65,MATCH,MATCH,2020-10-27T12:05:11,2020-10-27T12:05:11,MATCH
session1079|registered_export,registered_export,false,348,348,MATCH,43,43,MATCH,MATCH,2020-10-26T10:32:45,2020-10-26T10:32:45,MATCH
session107|non_registered_export,non_registered_export,false,3,3,MATCH,0,0,MATCH,MATCH,2020-10-29T11:42:57,2020-10-29T11:42:57,MATCH
session1080|registered_export,registered_export,false,460,460,MATCH,78,78,MATCH,MATCH,2020-10-28T12:09:27,2020-10-28T12:09:27,MATCH
session1081|non_registered_export,non_registered_export,false,91,91,MATCH,74,74,MATCH,MATCH,2020-10-13T10:50:10,2020-10-13T10:50:10,MATCH
session1082|non_registered_export,non_registered_export,false,1109,1109,MATCH,0,0,MATCH,MATCH,2020-10-29T11:57:30,2020-10-29T11:57:30,MATCH
session1083|non_registered_export,non_registered_export,false,128,128,MATCH,0,0,MATCH,MATCH,2020-10-05T11:26:05,2020-10-05T11:26:05,MATCH
session1084|registered_export,registered_export,false,628,628,MATCH,83,83,MATCH,MATCH,2020-10-20T11:40:50,2020-10-20T11:40:50,MATCH
session1085|registered_export,registered_export,false,407,407,MATCH,53,53,MATCH,MATCH,2020-11-06T11:24:33,2020-11-06T11:24:33,MATCH
session1086|registered_export,registered_export,false,641,641,MATCH,85,85,MATCH,MATCH,2020-10-06T11:37:15,2020-10-06T11:37:15,MATCH
session1087|non_registered_export,non_registered_export,false,3,3,MATCH,0,0,MATCH,MATCH,2020-10-28T11:00:15,2020-10-28T11:00:15,MATCH
session1088|registered_export,registered_export,false,420,420,MATCH,55,55,MATCH,MATCH,2020-11-17T11:12:30,2020-11-17T11:12:30,MATCH
session1089|registered_export,registered_export,false,478,478,MATCH,63,63,MATCH,MATCH,2020-11-03T11:49:06,2020-11-03T11:49:06,MATCH
session108|registered_export,registered_export,false,1247,1247,MATCH,145,145,MATCH,MATCH,2020-11-03T10:49:53,2020-11-03T10:49:53,MATCH
session1090|registered_export,registered_export,false,279,279,MATCH,71,71,MATCH,MATCH,2020-10-07T10:42:45,2020-10-07T10:42:45,MATCH
session1091|registered_export,registered_export,false,565,565,MATCH,67,67,MATCH,MATCH,2020-11-03T10:41:58,2020-11-03T10:41:58,MATCH
session1092|registered_export,registered_export,false,416,416,MATCH,46,46,MATCH,MATCH,2020-10-26T11:31:54,2020-10-26T11:31:54,MATCH
session1093|registered_export,registered_export,false,576,576,MATCH,41,41,MATCH,MATCH,2020-10-16T11:38:18,2020-10-16T11:38:18,MATCH
session1094|non_registered_export,non_registered_export,false,996,996,MATCH,49,49,MATCH,MATCH,2020-10-21T11:24:03,2020-10-21T11:24:03,MATCH
session1095|registered_export,registered_export,false,593,593,MATCH,92,92,MATCH,MATCH,2020-11-20T11:02:47,2020-11-20T11:02:47,MATCH
session1096|registered_export,registered_export,false,363,363,MATCH,50,50,MATCH,MATCH,2020-11-06T10:31:51,2020-11-06T10:31:51,MATCH
session1097|registered_export,registered_export,false,472,472,MATCH,120,120,MATCH,MATCH,2020-10-14T11:47:05,2020-10-14T11:47:05,MATCH
session1098|non_registered_export,non_registered_export,false,9,9,MATCH,44,44,MATCH,MATCH,2020-11-09T11:02:12,2020-11-09T11:02:12,MATCH
session1099|non_registered_export,non_registered_export,false,401,401,MATCH,100,100,MATCH,MATCH,2020-10-14T11:56:12,2020-10-14T11:56:12,MATCH
session109|registered_export,registered_export,false,2452,2452,MATCH,87,87,MATCH,MATCH,2020-10-27T11:16:16,2020-10-27T11:16:16,MATCH
session10|non_registered_export,non_registered_export,false,414,414,MATCH,128,128,MATCH,MATCH,2020-11-13T11:26:23,2020-11-13T11:26:23,MATCH
session1100|non_registered_export,non_registered_export,false,969,969,MATCH,58,58,MATCH,MATCH,2020-10-27T12:41:45,2020-10-27T12:41:45,MATCH
session1101|registered_export,registered_export,false,483,483,MATCH,73,73,MATCH,MATCH,2020-11-03T10:52:15,2020-11-03T10:52:15,MATCH
session1102|non_registered_export,non_registered_export,false,3,3,MATCH,0,0,MATCH,MATCH,2020-10-19T10:47:56,2020-10-19T10:47:56,MATCH
session1103|non_registered_export,non_registered_export,false,495,495,MATCH,100,100,MATCH,MATCH,2020-10-13T12:20:24,2020-10-13T12:20:24,MATCH
session1104|non_registered_export,non_registered_export,false,1,1,MATCH,0,0,MATCH,MATCH,2020-10-20T11:55:51,2020-10-20T11:55:51,MATCH
session1105|non_registered_export,non_registered_export,false,230,230,MATCH,21,21,MATCH,MATCH,2020-11-13T10:31:00,2020-11-13T10:31:00,MATCH
session1106|non_registered_export,non_registered_export,false,443,443,MATCH,68,68,MATCH,MATCH,2020-10-29T11:05:00,2020-10-29T11:05:00,MATCH
session1107|registered_export,registered_export,false,530,530,MATCH,33,33,MATCH,MATCH,2020-10-19T12:10:28,2020-10-19T12:10:28,MATCH
session1108|registered_export,registered_export,false,632,632,MATCH,75,75,MATCH,MATCH,2020-11-09T12:27:15,2020-11-09T12:27:15,MATCH
session1109|non_registered_export,non_registered_export,false,272,272,MATCH,35,35,MATCH,MATCH,2020-10-13T10:40:31,2020-10-13T10:40:31,MATCH
session110|registered_export,registered_export,false,323,323,MATCH,103,103,MATCH,MATCH,2020-10-14T11:28:48,2020-10-14T11:28:48,MATCH
session1110|non_registered_export,non_registered_export,false,826,826,MATCH,40,40,MATCH,MATCH,2020-11-11T12:05:07,2020-11-11T12:05:07,MATCH
session1111|non_registered_export,non_registered_export,false,312,312,MATCH,68,68,MATCH,MATCH,2020-10-22T11:00:58,2020-10-22T11:00:58,MATCH
session1112|registered_export,registered_export,false,624,624,MATCH,38,38,MATCH,MATCH,2020-11-17T10:46:29,2020-11-17T10:46:29,MATCH
session1113|non_registered_export,non_registered_export,false,15,15,MATCH,0,0,MATCH,MATCH,2020-10-16T11:43:12,2020-10-16T11:43:12,MATCH
session1114|non_registered_export,non_registered_export,false,791,791,MATCH,83,83,MATCH,MATCH,2020-11-05T11:08:38,2020-11-05T11:08:38,MATCH
session1115|registered_export,registered_export,false,580,580,MATCH,94,94,MATCH,MATCH,2020-10-29T10:40:49,2020-10-29T10:40:49,MATCH
session1116|registered_export,registered_export,false,1733,1733,MATCH,120,120,MATCH,MATCH,2020-11-13T12:07:41,2020-11-13T12:07:41,MATCH
session1117|registered_export,registered_export,false,442,442,MATCH,53,53,MATCH,MATCH,2020-11-06T10:46:51,2020-11-06T10:46:51,MATCH
session1118|registered_export,registered_export,false,626,626,MATCH,97,97,MATCH,MATCH,2020-11-03T10:48:40,2020-11-03T10:48:40,MATCH
session1119|registered_export,registered_export,false,562,562,MATCH,60,60,MATCH,MATCH,2020-11-05T11:12:07,2020-11-05T11:12:07,MATCH
session111|registered_export,registered_export,false,423,423,MATCH,34,34,MATCH,MATCH,2020-11-11T11:53:04,2020-11-11T11:53:04,MATCH
session1120|non_registered_export,non_registered_export,false,413,413,MATCH,36,36,MATCH,MATCH,2020-10-12T12:28:36,2020-10-12T12:28:36,MATCH
session1121|registered_export,registered_export,false,555,555,MATCH,78,78,MATCH,MATCH,2020-10-06T10:36:13,2020-10-06T10:36:13,MATCH
session1122|registered_export,registered_export,false,559,559,MATCH,82,82,MATCH,MATCH,2020-10-21T11:52:04,2020-10-21T11:52:04,MATCH
session1123|non_registered_export,non_registered_export,false,357,357,MATCH,28,28,MATCH,MATCH,2020-10-06T12:27:13,2020-10-06T12:27:13,MATCH
session1124|non_registered_export,non_registered_export,false,505,505,MATCH,53,53,MATCH,MATCH,2020-10-09T12:07:22,2020-10-09T12:07:22,MATCH
session1125|non_registered_export,non_registered_export,false,2,2,MATCH,0,0,MATCH,MATCH,2020-10-08T10:51:33,2020-10-08T10:51:33,MATCH
session1126|registered_export,registered_export,false,768,768,MATCH,92,92,MATCH,MATCH,2020-10-26T12:22:27,2020-10-26T12:22:27,MATCH
session1127|registered_export,registered_export,false,785,785,MATCH,98,98,MATCH,MATCH,2020-10-26T12:44:59,2020-10-26T12:44:59,MATCH
session1128|non_registered_export,non_registered_export,false,5,5,MATCH,22,22,MATCH,MATCH,2020-11-06T11:46:23,2020-11-06T11:46:23,MATCH
session1129|registered_export,registered_export,false,420,420,MATCH,54,54,MATCH,MATCH,2020-10-26T11:53:50,2020-10-26T11:53:50,MATCH
session112|non_registered_export,non_registered_export,false,68,68,MATCH,0,0,MATCH,MATCH,2020-10-06T11:41:06,2020-10-06T11:41:06,MATCH
session1130|registered_export,registered_export,false,1491,1491,MATCH,72,72,MATCH,MATCH,2020-11-10T11:08:02,2020-11-10T11:08:02,MATCH
session1131|non_registered_export,non_registered_export,false,60,60,MATCH,37,37,MATCH,MATCH,2020-10-29T11:03:22,2020-10-29T11:03:22,MATCH
session1132|non_registered_export,non_registered_export,false,195,195,MATCH,84,84,MATCH,MATCH,2020-10-21T11:19:28,2020-10-21T11:19:28,MATCH
session1133|non_registered_export,non_registered_export,false,420,420,MATCH,37,37,MATCH,MATCH,2020-10-08T11:03:08,2020-10-08T11:03:08,MATCH
session1134|registered_export,registered_export,false,427,427,MATCH,87,87,MATCH,MATCH,2020-10-12T10:39:45,2020-10-12T10:39:45,MATCH
session1135|registered_export,registered_export,false,450,450,MATCH,107,107,MATCH,MATCH,2020-10-27T11:22:06,2020-10-27T11:22:06,MATCH
session1136|non_registered_export,non_registered_export,false,63,63,MATCH,24,24,MATCH,MATCH,2020-10-07T11:31:17,2020-10-07T11:31:17,MATCH
session1137|registered_export,registered_export,false,444,444,MATCH,51,51,MATCH,MATCH,2020-10-26T11:42:47,2020-10-26T11:42:47,MATCH
session1138|registered_export,registered_export,false,340,340,MATCH,134,134,MATCH,MATCH,2020-10-19T11:42:49,2020-10-19T11:42:49,MATCH
session1139|non_registered_export,non_registered_export,false,13,13,MATCH,16,16,MATCH,MATCH,2020-10-15T11:09:20,2020-10-15T11:09:20,MATCH
session113|registered_export,registered_export,false,554,554,MATCH,97,97,MATCH,MATCH,2020-11-03T11:37:52,2020-11-03T11:37:52,MATCH
session1140|registered_export,registered_export,false,59,59,MATCH,11,11,MATCH,MATCH,2020-10-26T10:33:03,2020-10-26T10:33:03,MATCH
session1141|registered_export,registered_export,false,544,544,MATCH,126,126,MATCH,MATCH,2020-10-14T10:39:25,2020-10-14T10:39:25,MATCH
session1142|non_registered_export,non_registered_export,false,25,25,MATCH,0,0,MATCH,MATCH,2020-10-23T11:01:40,2020-10-23T11:01:40,MATCH
session1143|non_registered_export,non_registered_export,false,26,26,MATCH,0,0,MATCH,MATCH,2020-10-13T11:56:45,2020-10-13T11:56:45,MATCH
session1144|registered_export,registered_export,false,393,393,MATCH,105,105,MATCH,MATCH,2020-10-21T11:50:39,2020-10-21T11:50:39,MATCH
session1145|registered_export,registered_export,false,735,735,MATCH,67,67,MATCH,MATCH,2020-10-07T11:40:45,2020-10-07T11:40:45,MATCH
session1146|non_registered_export,non_registered_export,false,55,55,MATCH,58,58,MATCH,MATCH,2020-11-11T10:59:35,2020-11-11T10:59:35,MATCH
session1147|non_registered_export,non_registered_export,false,1844,1844,MATCH,84,84,MATCH,MATCH,2020-10-12T11:00:29,2020-10-12T11:00:29,MATCH
session1148|non_registered_export,non_registered_export,false,478,478,MATCH,14,14,MATCH,MATCH,2020-11-09T12:53:49,2020-11-09T12:53:49,MATCH
session1149|registered_export,registered_export,false,505,505,MATCH,55,55,MATCH,MATCH,2020-10-19T12:08:46,2020-10-19T12:08:46,MATCH
session114|registered_export,registered_export,false,2532,2532,MATCH,97,97,MATCH,MATCH,2020-11-04T11:26:20,2020-11-04T11:26:20,MATCH
session1150|non_registered_export,non_registered_export,false,206,206,MATCH,29,29,MATCH,MATCH,2020-10-29T11:39:46,2020-10-29T11:39:46,MATCH
session1151|non_registered_export,non_registered_export,false,440,440,MATCH,80,80,MATCH,MATCH,2020-10-29T11:09:50,2020-10-29T11:09:50,MATCH
session1152|registered_export,registered_export,false,639,639,MATCH,88,88,MATCH,MATCH,2020-11-04T10:40:06,2020-11-04T10:40:06,MATCH
session1153|non_registered_export,non_registered_export,false,380,380,MATCH,62,62,MATCH,MATCH,2020-10-16T12:21:33,2020-10-16T12:21:33,MATCH
session1154|registered_export,registered_export,false,412,412,MATCH,86,86,MATCH,MATCH,2020-10-26T11:24:53,2020-10-26T11:24:53,MATCH
session1155|registered_export,registered_export,false,611,611,MATCH,59,59,MATCH,MATCH,2020-11-11T11:38:13,2020-11-11T11:38:13,MATCH
session1156|non_registered_export,non_registered_export,false,339,339,MATCH,32,32,MATCH,MATCH,2020-10-26T12:20:41,2020-10-26T12:20:41,MATCH
session1157|non_registered_export,non_registered_export,false,3,3,MATCH,0,0,MATCH,MATCH,2020-11-03T10:52:42,2020-11-03T10:52:42,MATCH
session1158|non_registered_export,non_registered_export,false,686,686,MATCH,0,0,MATCH,MATCH,2020-11-09T12:15:39,2020-11-09T12:15:39,MATCH
session1159|non_registered_export,non_registered_export,false,14,14,MATCH,0,0,MATCH,MATCH,2020-11-12T11:39:44,2020-11-12T11:39:44,MATCH
session115|registered_export,registered_export,false,511,511,MATCH,63,63,MATCH,MATCH,2020-10-16T11:19:43,2020-10-16T11:19:43,MATCH
session1160|registered_export,registered_export,false,472,472,MATCH,72,72,MATCH,MATCH,2020-10-27T11:03:05,2020-10-27T11:03:05,MATCH
session1161|non_registered_export,non_registered_export,false,671,671,MATCH,58,58,MATCH,MATCH,2020-10-05T11:32:12,2020-10-05T11:32:12,MATCH
session1162|registered_export,registered_export,false,569,569,MATCH,89,89,MATCH,MATCH,2020-10-26T11:47:14,2020-10-26T11:47:14,MATCH
session1163|registered_export,registered_export,false,1037,1037,MATCH,99,99,MATCH,MATCH,2020-11-10T11:59:15,2020-11-10T11:59:15,MATCH
session1164|non_registered_export,non_registered_export,false,225,225,MATCH,0,0,MATCH,MATCH,2020-11-12T11:06:00,2020-11-12T11:06:00,MATCH
session1165|non_registered_export,non_registered_export,false,730,730,MATCH,40,40,MATCH,MATCH,2020-11-11T11:27:58,2020-11-11T11:27:58,MATCH
session1166|registered_export,registered_export,false,542,542,MATCH,81,81,MATCH,MATCH,2020-11-05T11:04:34,2020-11-05T11:04:34,MATCH
session1167|non_registered_export,non_registered_export,false,97,97,MATCH,57,57,MATCH,MATCH,2020-10-26T11:04:18,2020-10-26T11:04:18,MATCH
session1168|non_registered_export,non_registered_export,false,520,520,MATCH,41,41,MATCH,MATCH,2020-10-22T11:53:01,2020-10-22T11:53:01,MATCH
session1169|non_registered_export,non_registered_export,false,36,36,MATCH,0,0,MATCH,MATCH,2020-11-09T11:07:35,2020-11-09T11:07:35,MATCH
session116|non_registered_export,non_registered_export,false,207,207,MATCH,4,4,MATCH,MATCH,2020-10-23T12:11:40,2020-10-23T12:11:40,MATCH
session1170|non_registered_export,non_registered_export,false,64,64,MATCH,7,7,MATCH,MATCH,2020-10-23T12:34:21,2020-10-23T12:34:21,MATCH
session1171|registered_export,registered_export,false,1108,1108,MATCH,98,98,MATCH,MATCH,2020-10-13T11:06:19,2020-10-13T11:06:19,MATCH
session1172|non_registered_export,non_registered_export,false,15,15,MATCH,31,31,MATCH,MATCH,2020-10-15T11:28:43,2020-10-15T11:28:43,MATCH
session1173|non_registered_export,non_registered_export,false,1183,1183,MATCH,28,28,MATCH,MATCH,2020-11-13T12:24:24,2020-11-13T12:24:24,MATCH
session1174|non_registered_export,non_registered_export,false,33,33,MATCH,23,23,MATCH,MATCH,2020-10-22T10:58:02,2020-10-22T10:58:02,MATCH
session1175|non_registered_export,non_registered_export,false,2,2,MATCH,0,0,MATCH,MATCH,2020-10-30T11:21:28,2020-10-30T11:21:28,MATCH
session1176|non_registered_export,non_registered_export,false,462,462,MATCH,63,63,MATCH,MATCH,2020-10-23T10:51:23,2020-10-23T10:51:23,MATCH
session1177|registered_export,registered_export,false,408,408,MATCH,100,100,MATCH,MATCH,2020-11-18T11:18:50,2020-11-18T11:18:50,MATCH
session1178|registered_export,registered_export,false,341,341,MATCH,75,75,MATCH,MATCH,2020-11-11T11:14:30,2020-11-11T11:14:30,MATCH
session1179|registered_export,registered_export,false,588,588,MATCH,43,43,MATCH,MATCH,2020-11-17T12:05:03,2020-11-17T12:05:03,MATCH
session117|registered_export,registered_export,false,1167,1167,MATCH,68,68,MATCH,MATCH,2020-10-05T11:13:39,2020-10-05T11:13:39,MATCH
session1180|non_registered_export,non_registered_export,false,1500,1500,MATCH,58,58,MATCH,MATCH,2020-10-07T11:26:15,2020-10-07T11:26:15,MATCH
session1181|non_registered_export,non_registered_export,false,10,10,MATCH,6,6,MATCH,MATCH,2020-10-08T11:29:58,2020-10-08T11:29:58,MATCH
session1182|non_registered_export,non_registered_export,false,23,23,MATCH,20,20,MATCH,MATCH,2020-10-07T12:43:16,2020-10-07T12:43:16,MATCH
session1183|non_registered_export,non_registered_export,false,287,287,MATCH,36,36,MATCH,MATCH,2020-10-06T12:11:17,2020-10-06T12:11:17,MATCH
session1184|non_registered_export,non_registered_export,false,337,337,MATCH,59,59,MATCH,MATCH,2020-10-22T12:02:03,2020-10-22T12:02:03,MATCH
session1185|non_registered_export,non_registered_export,false,28,28,MATCH,18,18,MATCH,MATCH,2020-10-30T13:17:17,2020-10-30T13:17:17,MATCH
session1186|registered_export,registered_export,false,419,419,MATCH,103,103,MATCH,MATCH,2020-10-07T11:58:54,2020-10-07T11:58:54,MATCH
session1187|non_registered_export,non_registered_export,false,331,331,MATCH,59,59,MATCH,MATCH,2020-11-06T11:25:34,2020-11-06T11:25:34,MATCH
session1188|registered_export,registered_export,false,317,317,MATCH,48,48,MATCH,MATCH,2020-10-07T10:30:51,2020-10-07T10:30:51,MATCH
session1189|registered_export,registered_export,false,410,410,MATCH,71,71,MATCH,MATCH,2020-11-10T12:07:07,2020-11-10T12:07:07,MATCH
session118|non_registered_export,non_registered_export,false,200,200,MATCH,0,0,MATCH,MATCH,2020-10-27T12:02:12,2020-10-27T12:02:12,MATCH
session1190|registered_export,registered_export,false,828,828,MATCH,99,99,MATCH,MATCH,2020-11-10T11:15:54,2020-11-10T11:15:54,MATCH
session1191|registered_export,registered_export,false,314,314,MATCH,71,71,MATCH,MATCH,2020-11-09T11:01:43,2020-11-09T11:01:43,MATCH
session1192|non_registered_export,non_registered_export,false,6,6,MATCH,0,0,MATCH,MATCH,2020-11-11T11:22:01,2020-11-11T11:22:01,MATCH
session1193|registered_export,registered_export,false,963,963,MATCH,74,74,MATCH,MATCH,2020-11-11T10:46:58,2020-11-11T10:46:58,MATCH
session1194|non_registered_export,non_registered_export,false,42,42,MATCH,0,0,MATCH,MATCH,2020-11-05T10:35:21,2020-11-05T10:35:21,MATCH
session1195|registered_export,registered_export,false,1588,1588,MATCH,66,66,MATCH,MATCH,2020-10-06T11:05:23,2020-10-06T11:05:23,MATCH
session1196|non_registered_export,non_registered_export,false,85,85,MATCH,0,0,MATCH,MATCH,2020-11-05T13:27:16,2020-11-05T13:27:16,MATCH
session1197|registered_export,registered_export,false,478,478,MATCH,58,58,MATCH,MATCH,2020-10-14T10:41:00,2020-10-14T10:41:00,MATCH
session1198|non_registered_export,non_registered_export,false,13,13,MATCH,19,19,MATCH,MATCH,2020-10-23T12:03:56,2020-10-23T12:03:56,MATCH
session1199|registered_export,registered_export,false,627,627,MATCH,68,68,MATCH,MATCH,2020-11-04T10:33:56,2020-11-04T10:33:56,MATCH
session119|registered_export,registered_export,false,313,313,MATCH,79,79,MATCH,MATCH,2020-10-20T10:29:52,2020-10-20T10:29:52,MATCH
session11|registered_export,registered_export,false,374,374,MATCH,54,54,MATCH,MATCH,2020-11-09T11:48:09,2020-11-09T11:48:09,MATCH
session1200|non_registered_export,non_registered_export,false,551,551,MATCH,42,42,MATCH,MATCH,2020-10-15T12:39:44,2020-10-15T12:39:44,MATCH
session1201|registered_export,registered_export,false,723,723,MATCH,75,75,MATCH,MATCH,2020-10-19T11:21:07,2020-10-19T11:21:07,MATCH
session1202|non_registered_export,non_registered_export,false,152,152,MATCH,21,21,MATCH,MATCH,2020-10-23T12:12:25,2020-10-23T12:12:25,MATCH
session1203|registered_export,registered_export,false,379,379,MATCH,94,94,MATCH,MATCH,2020-10-14T10:35:14,2020-10-14T10:35:14,MATCH
session1204|non_registered_export,non_registered_export,false,5,5,MATCH,0,0,MATCH,MATCH,2020-10-06T11:37:38,2020-10-06T11:37:38,MATCH
session1205|registered_export,registered_export,false,578,578,MATCH,83,83,MATCH,MATCH,2020-11-20T12:17:19,2020-11-20T12:17:19,MATCH
session1206|registered_export,registered_export,false,379,379,MATCH,91,91,MATCH,MATCH,2020-10-14T10:51:22,2020-10-14T10:51:22,MATCH
session1207|non_registered_export,non_registered_export,false,6,6,MATCH,0,0,MATCH,MATCH,2020-10-07T12:40:03,2020-10-07T12:40:03,MATCH
session1208|registered_export,registered_export,false,685,685,MATCH,108,108,MATCH,MATCH,2020-10-20T12:11:49,2020-10-20T12:11:49,MATCH
session1209|non_registered_export,non_registered_export,false,1609,1609,MATCH,43,43,MATCH,MATCH,2020-10-05T11:06:32,2020-10-05T11:06:32,MATCH
session120|non_registered_export,non_registered_export,false,33,33,MATCH,29,29,MATCH,MATCH,2020-10-23T12:21:12,2020-10-23T12:21:12,MATCH
session1210|non_registered_export,non_registered_export,false,1115,1115,MATCH,0,0,MATCH,MATCH,2020-10-30T11:21:40,2020-10-30T11:21:40,MATCH
session1211|registered_export,registered_export,false,610,610,MATCH,126,126,MATCH,MATCH,2020-10-27T10:45:36,2020-10-27T10:45:36,MATCH
session1212|non_registered_export,non_registered_export,false,185,185,MATCH,0,0,MATCH,MATCH,2020-11-02T13:00:22,2020-11-02T13:00:22,MATCH
session1213|registered_export,registered_export,false,1219,1219,MATCH,100,100,MATCH,MATCH,2020-10-27T11:10:47,2020-10-27T11:10:47,MATCH
session1214|non_registered_export,non_registered_export,false,20,20,MATCH,0,0,MATCH,MATCH,2020-10-07T12:41:18,2020-10-07T12:41:18,MATCH
session1215|non_registered_export,non_registered_export,false,467,467,MATCH,88,88,MATCH,MATCH,2020-10-27T12:32:12,2020-10-27T12:32:12,MATCH
session1216|non_registered_export,non_registered_export,false,503,503,MATCH,0,0,MATCH,MATCH,2020-10-06T12:39:11,2020-10-06T12:39:11,MATCH
session1217|non_registered_export,non_registered_export,false,142,142,MATCH,35,35,MATCH,MATCH,2020-10-13T11:08:21,2020-10-13T11:08:21,MATCH
session1218|non_registered_export,non_registered_export,false,6,6,MATCH,0,0,MATCH,MATCH,2020-10-16T11:07:32,2020-10-16T11:07:32,MATCH
session1219|non_registered_export,non_registered_export,false,300,300,MATCH,0,0,MATCH,MATCH,2020-11-02T12:56:53,2020-11-02T12:56:53,MATCH
session121|registered_export,registered_export,false,412,412,MATCH,61,61,MATCH,MATCH,2020-11-09T11:22:52,2020-11-09T11:22:52,MATCH
session1220|registered_export,registered_export,false,325,325,MATCH,55,55,MATCH,MATCH,2020-10-19T10:32:12,2020-10-19T10:32:12,MATCH
session1221|registered_export,registered_export,false,448,448,MATCH,48,48,MATCH,MATCH,2020-10-12T11:28:17,2020-10-12T11:28:17,MATCH
session1222|registered_export,registered_export,false,2866,2866,MATCH,76,76,MATCH,MATCH,2020-10-19T10:57:12,2020-10-19T10:57:12,MATCH
session1223|registered_export,registered_export,false,444,444,MATCH,62,62,MATCH,MATCH,2020-11-06T11:55:11,2020-11-06T11:55:11,MATCH
session1224|registered_export,registered_export,false,338,338,MATCH,54,54,MATCH,MATCH,2020-11-09T11:14:57,2020-11-09T11:14:57,MATCH
session1225|non_registered_export,non_registered_export,false,3,3,MATCH,0,0,MATCH,MATCH,2020-11-13T11:15:06,2020-11-13T11:15:06,MATCH
session1226|non_registered_export,non_registered_export,false,1358,1358,MATCH,70,70,MATCH,MATCH,2020-10-26T12:37:54,2020-10-26T12:37:54,MATCH
session1227|registered_export,registered_export,false,1070,1070,MATCH,68,68,MATCH,MATCH,2020-10-28T12:07:08,2020-10-28T12:07:08,MATCH
session1228|registered_export,registered_export,false,298,298,MATCH,64,64,MATCH,MATCH,2020-10-19T11:29:25,2020-10-19T11:29:25,MATCH
session1229|non_registered_export,non_registered_export,false,7,7,MATCH,0,0,MATCH,MATCH,2020-11-02T11:58:47,2020-11-02T11:58:47,MATCH
session122|non_registered_export,non_registered_export,false,128,128,MATCH,18,18,MATCH,MATCH,2020-10-23T11:25:42,2020-10-23T11:25:42,MATCH
session1230|registered_export,registered_export,false,377,377,MATCH,41,41,MATCH,MATCH,2020-10-27T10:54:54,2020-10-27T10:54:54,MATCH
session1231|non_registered_export,non_registered_export,false,144,144,MATCH,0,0,MATCH,MATCH,2020-10-13T11:25:49,2020-10-13T11:25:49,MATCH
session1232|registered_export,registered_export,false,424,424,MATCH,45,45,MATCH,MATCH,2020-11-06T12:11:31,2020-11-06T12:11:31,MATCH
session1233|registered_export,registered_export,false,462,462,MATCH,96,96,MATCH,MATCH,2020-10-27T11:19:08,2020-10-27T11:19:08,MATCH
session1234|registered_export,registered_export,false,245,245,MATCH,53,53,MATCH,MATCH,2020-10-30T11:49:32,2020-10-30T11:49:32,MATCH
session1235|non_registered_export,non_registered_export,false,99,99,MATCH,58,58,MATCH,MATCH,2020-10-28T12:08:37,2020-10-28T12:08:37,MATCH
session1236|registered_export,registered_export,false,318,318,MATCH,51,51,MATCH,MATCH,2020-11-03T11:19:26,2020-11-03T11:19:26,MATCH
session1237|non_registered_export,non_registered_export,false,435,435,MATCH,43,43,MATCH,MATCH,2020-10-05T11:34:17,2020-10-05T11:34:17,MATCH
session1238|registered_export,registered_export,false,569,569,MATCH,114,114,MATCH,MATCH,2020-10-05T12:10:41,2020-10-05T12:10:41,MATCH
session1239|non_registered_export,non_registered_export,false,1,1,MATCH,0,0,MATCH,MATCH,2020-10-29T11:06:35,2020-10-29T11:06:35,MATCH
session123|non_registered_export,non_registered_export,false,81,81,MATCH,0,0,MATCH,MATCH,2020-10-05T11:12:03,2020-10-05T11:12:03,MATCH
session1240|registered_export,registered_export,false,53,53,MATCH,34,34,MATCH,MATCH,2020-10-28T12:17:54,2020-10-28T12:17:54,MATCH
session1241|registered_export,registered_export,false,435,435,MATCH,46,46,MATCH,MATCH,2020-10-27T10:27:47,2020-10-27T10:27:47,MATCH
session1242|registered_export,registered_export,false,432,432,MATCH,90,90,MATCH,MATCH,2020-10-14T12:25:31,2020-10-14T12:25:31,MATCH
session1243|non_registered_export,non_registered_export,false,160,160,MATCH,21,21,MATCH,MATCH,2020-11-12T12:36:00,2020-11-12T12:36:00,MATCH
session1244|non_registered_export,non_registered_export,false,753,753,MATCH,0,0,MATCH,MATCH,2020-10-09T12:08:04,2020-10-09T12:08:04,MATCH
session1245|non_registered_export,non_registered_export,false,3,3,MATCH,0,0,MATCH,MATCH,2020-10-22T11:38:03,2020-10-22T11:38:03,MATCH
session1246|non_registered_export,non_registered_export,false,1263,1263,MATCH,43,43,MATCH,MATCH,2020-10-06T11:04:58,2020-10-06T11:04:58,MATCH
session1247|non_registered_export,non_registered_export,false,273,273,MATCH,44,44,MATCH,MATCH,2020-10-20T11:48:12,2020-10-20T11:48:12,MATCH
session1248|registered_export,registered_export,false,564,564,MATCH,51,51,MATCH,MATCH,2020-10-26T11:54:21,2020-10-26T11:54:21,MATCH
session1249|non_registered_export,non_registered_export,false,119,119,MATCH,0,0,MATCH,MATCH,2020-11-12T12:20:01,2020-11-12T12:20:01,MATCH
session124|non_registered_export,non_registered_export,false,145,145,MATCH,0,0,MATCH,MATCH,2020-10-30T13:15:43,2020-10-30T13:15:43,MATCH
session1250|registered_export,registered_export,false,636,636,MATCH,54,54,MATCH,MATCH,2020-11-04T10:51:27,2020-11-04T10:51:27,MATCH
session1251|registered_export,registered_export,false,740,740,MATCH,82,82,MATCH,MATCH,2020-10-27T10:29:57,2020-10-27T10:29:57,MATCH
session1252|registered_export,registered_export,false,1051,1051,MATCH,59,59,MATCH,MATCH,2020-10-07T11:58:36,2020-10-07T11:58:36,MATCH
session1253|non_registered_export,non_registered_export,false,505,505,MATCH,37,37,MATCH,MATCH,2020-10-06T12:10:51,2020-10-06T12:10:51,MATCH
session1254|registered_export,registered_export,false,242,242,MATCH,86,86,MATCH,MATCH,2020-11-11T11:07:38,2020-11-11T11:07:38,MATCH
session1255|non_registered_export,non_registered_export,false,128,128,MATCH,35,35,MATCH,MATCH,2020-11-03T11:37:48,2020-11-03T11:37:48,MATCH
session1256|registered_export,registered_export,false,476,476,MATCH,72,72,MATCH,MATCH,2020-11-20T11:34:51,2020-11-20T11:34:51,MATCH
session1257|non_registered_export,non_registered_export,false,192,192,MATCH,64,64,MATCH,MATCH,2020-11-04T11:18:02,2020-11-04T11:18:02,MATCH
session1258|non_registered_export,non_registered_export,false,442,442,MATCH,69,69,MATCH,MATCH,2020-11-04T10:49:54,2020-11-04T10:49:54,MATCH
session1259|registered_export,registered_export,false,311,311,MATCH,78,78,MATCH,MATCH,2020-10-28T12:23:38,2020-10-28T12:23:38,MATCH
session125|registered_export,registered_export,false,513,513,MATCH,99,99,MATCH,MATCH,2020-11-04T11:24:38,2020-11-04T11:24:38,MATCH
session1260|registered_export,registered_export,false,474,474,MATCH,84,84,MATCH,MATCH,2020-11-03T11:07:00,2020-11-03T11:07:00,MATCH
session1261|non_registered_export,non_registered_export,false,776,776,MATCH,69,69,MATCH,MATCH,2020-10-13T11:28:48,2020-10-13T11:28:48,MATCH
session1262|non_registered_export,non_registered_export,false,257,257,MATCH,74,74,MATCH,MATCH,2020-11-04T12:30:58,2020-11-04T12:30:58,MATCH
session1263|registered_export,registered_export,false,725,725,MATCH,75,75,MATCH,MATCH,2020-10-12T10:50:43,2020-10-12T10:50:43,MATCH
session1264|registered_export,registered_export,false,425,425,MATCH,72,72,MATCH,MATCH,2020-10-16T10:47:02,2020-10-16T10:47:02,MATCH
session1265|registered_export,registered_export,false,436,436,MATCH,50,50,MATCH,MATCH,2020-11-04T10:56:19,2020-11-04T10:56:19,MATCH
session1266|non_registered_export,non_registered_export,false,587,587,MATCH,36,36,MATCH,MATCH,2020-10-16T12:12:00,2020-10-16T12:12:00,MATCH
session1267|registered_export,registered_export,false,353,353,MATCH,73,73,MATCH,MATCH,2020-10-20T11:20:14,2020-10-20T11:20:14,MATCH
session1268|non_registered_export,non_registered_export,false,279,279,MATCH,0,0,MATCH,MATCH,2020-10-09T13:22:16,2020-10-09T13:22:16,MATCH
session1269|non_registered_export,non_registered_export,false,87,87,MATCH,15,15,MATCH,MATCH,2020-11-03T13:08:42,2020-11-03T13:08:42,MATCH
session126|non_registered_export,non_registered_export,false,208,208,MATCH,0,0,MATCH,MATCH,2020-10-13T10:56:55,2020-10-13T10:56:55,MATCH
session1270|non_registered_export,non_registered_export,false,4,4,MATCH,0,0,MATCH,MATCH,2020-11-05T12:15:09,2020-11-05T12:15:09,MATCH
session1271|registered_export,registered_export,false,1016,1016,MATCH,80,80,MATCH,MATCH,2020-10-27T11:59:24,2020-10-27T11:59:24,MATCH
session1272|registered_export,registered_export,false,321,321,MATCH,49,49,MATCH,MATCH,2020-11-10T11:00:15,2020-11-10T11:00:15,MATCH
session1273|non_registered_export,non_registered_export,false,427,427,MATCH,0,0,MATCH,MATCH,2020-10-09T11:25:08,2020-10-09T11:25:08,MATCH
session1274|registered_export,registered_export,false,399,399,MATCH,102,102,MATCH,MATCH,2020-11-11T11:23:58,2020-11-11T11:23:58,MATCH
session1275|registered_export,registered_export,false,309,309,MATCH,74,74,MATCH,MATCH,2020-10-07T11:05:55,2020-10-07T11:05:55,MATCH
session1276|non_registered_export,non_registered_export,false,357,357,MATCH,61,61,MATCH,MATCH,2020-10-29T10:53:42,2020-10-29T10:53:42,MATCH
session1277|registered_export,registered_export,false,463,463,MATCH,61,61,MATCH,MATCH,2020-10-08T11:30:51,2020-10-08T11:30:51,MATCH
session1278|non_registered_export,non_registered_export,false,4,4,MATCH,0,0,MATCH,MATCH,2020-11-05T12:26:53,2020-11-05T12:26:53,MATCH
session1279|registered_export,registered_export,false,521,521,MATCH,66,66,MATCH,MATCH,2020-10-07T12:14:19,2020-10-07T12:14:19,MATCH
session127|non_registered_export,non_registered_export,false,196,196,MATCH,36,36,MATCH,MATCH,2020-10-07T11:41:02,2020-10-07T11:41:02,MATCH
session1280|registered_export,registered_export,false,485,485,MATCH,83,83,MATCH,MATCH,2020-10-06T12:18:17,2020-10-06T12:18:17,MATCH
session1281|registered_export,registered_export,false,393,393,MATCH,82,82,MATCH,MATCH,2020-10-06T10:55:40,2020-10-06T10:55:40,MATCH
session1282|registered_export,registered_export,false,362,362,MATCH,48,48,MATCH,MATCH,2020-11-16T11:07:00,2020-11-16T11:07:00,MATCH
session1283|registered_export,registered_export,false,742,742,MATCH,26,26,MATCH,MATCH,2020-11-13T10:58:06,2020-11-13T10:58:06,MATCH
session1284|non_registered_export,non_registered_export,false,277,277,MATCH,23,23,MATCH,MATCH,2020-10-21T13:21:41,2020-10-21T13:21:41,MATCH
session1285|non_registered_export,non_registered_export,false,315,315,MATCH,114,114,MATCH,MATCH,2020-10-21T12:20:23,2020-10-21T12:20:23,MATCH
session1286|registered_export,registered_export,false,771,771,MATCH,109,109,MATCH,MATCH,2020-10-06T11:58:53,2020-10-06T11:58:53,MATCH
session1287|registered_export,registered_export,false,395,395,MATCH,75,75,MATCH,MATCH,2020-10-21T12:08:34,2020-10-21T12:08:34,MATCH
session1288|non_registered_export,non_registered_export,false,278,278,MATCH,22,22,MATCH,MATCH,2020-11-04T11:47:01,2020-11-04T11:47:01,MATCH
session1289|non_registered_export,non_registered_export,false,426,426,MATCH,0,0,MATCH,MATCH,2020-10-15T11:32:24,2020-10-15T11:32:24,MATCH
session128|registered_export,registered_export,false,566,566,MATCH,91,91,MATCH,MATCH,2020-10-06T11:57:39,2020-10-06T11:57:39,MATCH
session1290|non_registered_export,non_registered_export,false,205,205,MATCH,19,19,MATCH,MATCH,2020-10-08T12:54:41,2020-10-08T12:54:41,MATCH
session1291|registered_export,registered_export,false,459,459,MATCH,108,108,MATCH,MATCH,2020-10-27T11:52:12,2020-10-27T11:52:12,MATCH
session1292|non_registered_export,non_registered_export,false,369,369,MATCH,47,47,MATCH,MATCH,2020-10-23T10:43:43,2020-10-23T10:43:43,MATCH
session1293|registered_export,registered_export,false,487,487,MATCH,87,87,MATCH,MATCH,2020-10-13T12:02:58,2020-10-13T12:02:58,MATCH
session1294|registered_export,registered_export,false,724,724,MATCH,55,55,MATCH,MATCH,2020-11-10T11:30:43,2020-11-10T11:30:43,MATCH
session1295|registered_export,registered_export,false,307,307,MATCH,81,81,MATCH,MATCH,2020-11-20T10:36:28,2020-11-20T10:36:28,MATCH
session1296|registered_export,registered_export,false,1989,1989,MATCH,152,152,MATCH,MATCH,2020-10-26T10:57:20,2020-10-26T10:57:20,MATCH
session1297|registered_export,registered_export,false,310,310,MATCH,59,59,MATCH,MATCH,2020-10-20T11:18:32,2020-10-20T11:18:32,MATCH
session1298|registered_export,registered_export,false,392,392,MATCH,27,27,MATCH,MATCH,2020-10-26T11:02:52,2020-10-26T11:02:52,MATCH
session1299|registered_export,registered_export,false,489,489,MATCH,86,86,MATCH,MATCH,2020-10-20T10:54:15,2020-10-20T10:54:15,MATCH
session129|non_registered_export,non_registered_export,false,214,214,MATCH,64,64,MATCH,MATCH,2020-11-12T11:34:12,2020-11-12T11:34:12,MATCH
session12|registered_export,registered_export,false,561,561,MATCH,107,107,MATCH,MATCH,2020-10-21T12:08:40,2020-10-21T12:08:40,MATCH
session1300|non_registered_export,non_registered_export,false,585,585,MATCH,44,44,MATCH,MATCH,2020-10-29T11:35:33,2020-10-29T11:35:33,MATCH
session1301|registered_export,registered_export,false,307,307,MATCH,85,85,MATCH,MATCH,2020-10-20T10:42:30,2020-10-20T10:42:30,MATCH
session1302|registered_export,registered_export,false,567,567,MATCH,81,81,MATCH,MATCH,2020-11-11T10:40:05,2020-11-11T10:40:05,MATCH
session1303|non_registered_export,non_registered_export,false,317,317,MATCH,25,25,MATCH,MATCH,2020-10-05T10:54:45,2020-10-05T10:54:45,MATCH
session1304|non_registered_export,non_registered_export,false,105,105,MATCH,42,42,MATCH,MATCH,2020-10-28T11:36:24,2020-10-28T11:36:24,MATCH
session1305|registered_export,registered_export,false,691,691,MATCH,71,71,MATCH,MATCH,2020-11-16T10:42:40,2020-11-16T10:42:40,MATCH
session1306|non_registered_export,non_registered_export,false,1211,1211,MATCH,47,47,MATCH,MATCH,2020-10-07T12:05:41,2020-10-07T12:05:41,MATCH
session1307|non_registered_export,non_registered_export,false,1090,1090,MATCH,20,20,MATCH,MATCH,2020-10-08T11:33:31,2020-10-08T11:33:31,MATCH
session1308|non_registered_export,non_registered_export,false,326,326,MATCH,14,14,MATCH,MATCH,2020-11-06T11:44:14,2020-11-06T11:44:14,MATCH
session1309|non_registered_export,non_registered_export,false,187,187,MATCH,34,34,MATCH,MATCH,2020-10-13T11:26:44,2020-10-13T11:26:44,MATCH
session130|non_registered_export,non_registered_export,false,84,84,MATCH,9,9,MATCH,MATCH,2020-10-06T11:02:04,2020-10-06T11:02:04,MATCH
session1310|registered_export,registered_export,false,388,388,MATCH,79,79,MATCH,MATCH,2020-10-28T11:57:38,2020-10-28T11:57:38,MATCH
session1311|non_registered_export,non_registered_export,false,127,127,MATCH,0,0,MATCH,MATCH,2020-11-11T11:02:02,2020-11-11T11:02:02,MATCH
session1312|non_registered_export,non_registered_export,false,188,188,MATCH,21,21,MATCH,MATCH,2020-11-10T11:56:34,2020-11-10T11:56:34,MATCH
session1313|non_registered_export,non_registered_export,false,100,100,MATCH,0,0,MATCH,MATCH,2020-11-12T11:31:41,2020-11-12T11:31:41,MATCH
session1314|registered_export,registered_export,false,525,525,MATCH,50,50,MATCH,MATCH,2020-11-10T12:09:47,2020-11-10T12:09:47,MATCH
session1315|registered_export,registered_export,false,249,249,MATCH,55,55,MATCH,MATCH,2020-10-23T10:59:48,2020-10-23T10:59:48,MATCH
session1316|registered_export,registered_export,false,291,291,MATCH,54,54,MATCH,MATCH,2020-10-07T10:48:21,2020-10-07T10:48:21,MATCH
session1317|non_registered_export,non_registered_export,false,522,522,MATCH,80,80,MATCH,MATCH,2020-11-12T12:31:21,2020-11-12T12:31:21,MATCH
session1318|non_registered_export,non_registered_export,false,138,138,MATCH,60,60,MATCH,MATCH,2020-10-29T10:40:34,2020-10-29T10:40:34,MATCH
session1319|registered_export,registered_export,false,310,310,MATCH,92,92,MATCH,MATCH,2020-10-27T10:37:13,2020-10-27T10:37:13,MATCH
session131|non_registered_export,non_registered_export,false,492,492,MATCH,0,0,MATCH,MATCH,2020-10-06T12:09:38,2020-10-06T12:09:38,MATCH
session1320|non_registered_export,non_registered_export,false,20,20,MATCH,0,0,MATCH,MATCH,2020-11-05T12:24:03,2020-11-05T12:24:03,MATCH
session1321|registered_export,registered_export,false,467,467,MATCH,69,69,MATCH,MATCH,2020-11-03T10:57:34,2020-11-03T10:57:34,MATCH
session1322|non_registered_export,non_registered_export,false,53,53,MATCH,11,11,MATCH,MATCH,2020-11-09T11:35:05,2020-11-09T11:35:05,MATCH
session1323|non_registered_export,non_registered_export,false,93,93,MATCH,21,21,MATCH,MATCH,2020-10-30T10:33:10,2020-10-30T10:33:10,MATCH
session1324|non_registered_export,non_registered_export,false,198,198,MATCH,50,50,MATCH,MATCH,2020-11-11T11:56:01,2020-11-11T11:56:01,MATCH
session1325|registered_export,registered_export,false,1151,1151,MATCH,118,118,MATCH,MATCH,2020-10-26T11:07:16,2020-10-26T11:07:16,MATCH
session1326|non_registered_export,non_registered_export,false,335,335,MATCH,37,37,MATCH,MATCH,2020-10-12T13:16:52,2020-10-12T13:16:52,MATCH
session1327|non_registered_export,non_registered_export,false,838,838,MATCH,37,37,MATCH,MATCH,2020-11-13T10:40:07,2020-11-13T10:40:07,MATCH
session1328|non_registered_export,non_registered_export,false,5,5,MATCH,0,0,MATCH,MATCH,2020-10-23T11:32:09,2020-10-23T11:32:09,MATCH
session1329|registered_export,registered_export,false,1393,1393,MATCH,76,76,MATCH,MATCH,2020-10-26T11:44:17,2020-10-26T11:44:17,MATCH
session132|non_registered_export,non_registered_export,false,7,7,MATCH,65,65,MATCH,MATCH,2020-11-06T11:10:47,2020-11-06T11:10:47,MATCH
session1330|registered_export,registered_export,false,361,361,MATCH,58,58,MATCH,MATCH,2020-11-20T11:15:48,2020-11-20T11:15:48,MATCH
session1331|non_registered_export,non_registered_export,false,128,128,MATCH,43,43,MATCH,MATCH,2020-11-02T11:50:23,2020-11-02T11:50:23,MATCH
session1332|non_registered_export,non_registered_export,false,192,192,MATCH,46,46,MATCH,MATCH,2020-11-13T10:52:44,2020-11-13T10:52:44,MATCH
session1333|registered_export,registered_export,false,572,572,MATCH,61,61,MATCH,MATCH,2020-10-14T10:55:39,2020-10-14T10:55:39,MATCH
session1334|registered_export,registered_export,false,1015,1015,MATCH,86,86,MATCH,MATCH,2020-11-20T11:13:23,2020-11-20T11:13:23,MATCH
session1335|non_registered_export,non_registered_export,false,580,580,MATCH,30,30,MATCH,MATCH,2020-10-22T12:25:21,2020-10-22T12:25:21,MATCH
session1336|registered_export,registered_export,false,423,423,MATCH,70,70,MATCH,MATCH,2020-10-29T10:43:04,2020-10-29T10:43:04,MATCH
session1337|non_registered_export,non_registered_export,false,411,411,MATCH,62,62,MATCH,MATCH,2020-10-23T12:59:08,2020-10-23T12:59:08,MATCH
session1338|registered_export,registered_export,false,344,344,MATCH,67,67,MATCH,MATCH,2020-11-20T10:33:09,2020-11-20T10:33:09,MATCH
session1339|registered_export,registered_export,false,491,491,MATCH,96,96,MATCH,MATCH,2020-11-20T10:53:00,2020-11-20T10:53:00,MATCH
session133|registered_export,registered_export,false,3,3,MATCH,0,0,MATCH,MATCH,2020-10-05T11:19:47,2020-10-05T11:19:47,MATCH
session1340|non_registered_export,non_registered_export,false,399,399,MATCH,35,35,MATCH,MATCH,2020-11-03T12:51:40,2020-11-03T12:51:40,MATCH
session1341|registered_export,registered_export,false,461,461,MATCH,76,76,MATCH,MATCH,2020-10-19T11:13:23,2020-10-19T11:13:23,MATCH
session1342|non_registered_export,non_registered_export,false,55,55,MATCH,0,0,MATCH,MATCH,2020-10-22T11:04:29,2020-10-22T11:04:29,MATCH
session1343|registered_export,registered_export,false,720,720,MATCH,80,80,MATCH,MATCH,2020-11-04T12:11:52,2020-11-04T12:11:52,MATCH
session1344|registered_export,registered_export,false,638,638,MATCH,71,71,MATCH,MATCH,2020-11-09T11:53:26,2020-11-09T11:53:26,MATCH
session1345|non_registered_export,non_registered_export,false,609,609,MATCH,18,18,MATCH,MATCH,2020-10-08T13:16:06,2020-10-08T13:16:06,MATCH
session1346|non_registered_export,non_registered_export,false,73,73,MATCH,0,0,MATCH,MATCH,2020-11-05T10:58:08,2020-11-05T10:58:08,MATCH
session1347|registered_export,registered_export,false,586,586,MATCH,93,93,MATCH,MATCH,2020-11-04T11:30:30,2020-11-04T11:30:30,MATCH
session1348|registered_export,registered_export,false,987,987,MATCH,53,53,MATCH,MATCH,2020-10-27T11:42:48,2020-10-27T11:42:48,MATCH
session1349|non_registered_export,non_registered_export,false,105,105,MATCH,38,38,MATCH,MATCH,2020-10-15T10:52:13,2020-10-15T10:52:13,MATCH
session134|non_registered_export,non_registered_export,false,19,19,MATCH,14,14,MATCH,MATCH,2020-11-12T11:57:19,2020-11-12T11:57:19,MATCH
session1350|registered_export,registered_export,false,1615,1615,MATCH,90,90,MATCH,MATCH,2020-11-04T12:22:28,2020-11-04T12:22:28,MATCH
session1351|non_registered_export,non_registered_export,false,3,3,MATCH,0,0,MATCH,MATCH,2020-10-09T12:14:29,2020-10-09T12:14:29,MATCH
session1352|registered_export,registered_export,false,471,471,MATCH,46,46,MATCH,MATCH,2020-11-10T11:45:35,2020-11-10T11:45:35,MATCH
session1353|non_registered_export,non_registered_export,false,476,476,MATCH,0,0,MATCH,MATCH,2020-11-02T11:47:58,2020-11-02T11:47:58,MATCH
session1354|non_registered_export,non_registered_export,false,57,57,MATCH,0,0,MATCH,MATCH,2020-11-02T11:26:15,2020-11-02T11:26:15,MATCH
session1355|non_registered_export,non_registered_export,false,62,62,MATCH,12,12,MATCH,MATCH,2020-10-15T11:40:27,2020-10-15T11:40:27,MATCH
session1356|non_registered_export,non_registered_export,false,1058,1058,MATCH,91,91,MATCH,MATCH,2020-10-12T12:38:00,2020-10-12T12:38:00,MATCH
session1357|registered_export,registered_export,false,506,506,MATCH,79,79,MATCH,MATCH,2020-10-12T10:55:53,2020-10-12T10:55:53,MATCH
session1358|non_registered_export,non_registered_export,false,1038,1038,MATCH,75,75,MATCH,MATCH,2020-10-13T12:20:50,2020-10-13T12:20:50,MATCH
session1359|non_registered_export,non_registered_export,false,293,293,MATCH,42,42,MATCH,MATCH,2020-10-06T12:37:26,2020-10-06T12:37:26,MATCH
session135|registered_export,registered_export,false,446,446,MATCH,43,43,MATCH,MATCH,2020-10-26T11:31:31,2020-10-26T11:31:31,MATCH
session1360|registered_export,registered_export,false,427,427,MATCH,84,84,MATCH,MATCH,2020-10-07T11:39:12,2020-10-07T11:39:12,MATCH
session1361|registered_export,registered_export,false,490,490,MATCH,96,96,MATCH,MATCH,2020-10-20T10:43:14,2020-10-20T10:43:14,MATCH
session1362|non_registered_export,non_registered_export,false,9,9,MATCH,14,14,MATCH,MATCH,2020-10-05T10:29:56,2020-10-05T10:29:56,MATCH
session1363|registered_export,registered_export,false,576,576,MATCH,45,45,MATCH,MATCH,2020-10-07T12:07:54,2020-10-07T12:07:54,MATCH
session1364|registered_export,registered_export,false,468,468,MATCH,92,92,MATCH,MATCH,2020-10-27T11:25:57,2020-10-27T11:25:57,MATCH
session1365|registered_export,registered_export,false,825,825,MATCH,113,113,MATCH,MATCH,2020-11-18T11:27:42,2020-11-18T11:27:42,MATCH
session1366|non_registered_export,non_registered_export,false,3,3,MATCH,0,0,MATCH,MATCH,2020-11-03T13:26:28,2020-11-03T13:26:28,MATCH
session1367|non_registered_export,non_registered_export,false,96,96,MATCH,0,0,MATCH,MATCH,2020-11-04T12:34:32,2020-11-04T12:34:32,MATCH
session1368|registered_export,registered_export,false,1057,1057,MATCH,87,87,MATCH,MATCH,2020-10-13T12:07:53,2020-10-13T12:07:53,MATCH
session1369|non_registered_export,non_registered_export,false,787,787,MATCH,0,0,MATCH,MATCH,2020-10-07T11:49:44,2020-10-07T11:49:44,MATCH
session136|registered_export,registered_export,false,694,694,MATCH,45,45,MATCH,MATCH,2020-11-11T11:54:17,2020-11-11T11:54:17,MATCH
session1370|non_registered_export,non_registered_export,false,687,687,MATCH,53,53,MATCH,MATCH,2020-10-20T11:55:52,2020-10-20T11:55:52,MATCH
session1371|registered_export,registered_export,false,1050,1050,MATCH,132,132,MATCH,MATCH,2020-10-06T11:42:22,2020-10-06T11:42:22,MATCH
session1372|non_registered_export,non_registered_export,false,360,360,MATCH,23,23,MATCH,MATCH,2020-10-27T12:31:23,2020-10-27T12:31:23,MATCH
session1373|non_registered_export,non_registered_export,false,35,35,MATCH,7,7,MATCH,MATCH,2020-10-15T12:28:10,2020-10-15T12:28:10,MATCH
session1374|registered_export,registered_export,false,343,343,MATCH,71,71,MATCH,MATCH,2020-10-14T12:00:51,2020-10-14T12:00:51,MATCH
session1375|non_registered_export,non_registered_export,false,2566,2566,MATCH,75,75,MATCH,MATCH,2020-11-04T10:58:03,2020-11-04T10:58:03,MATCH
session1376|non_registered_export,non_registered_export,false,63,63,MATCH,61,61,MATCH,MATCH,2020-10-15T10:51:09,2020-10-15T10:51:09,MATCH
session1377|registered_export,registered_export,false,333,333,MATCH,44,44,MATCH,MATCH,2020-10-28T11:45:56,2020-10-28T11:45:56,MATCH
session1378|registered_export,registered_export,false,249,249,MATCH,74,74,MATCH,MATCH,2020-10-14T11:51:41,2020-10-14T11:51:41,MATCH
session1379|registered_export,registered_export,false,286,286,MATCH,37,37,MATCH,MATCH,2020-10-07T10:29:19,2020-10-07T10:29:19,MATCH
session137|registered_export,registered_export,false,815,815,MATCH,93,93,MATCH,MATCH,2020-10-19T11:46:06,2020-10-19T11:46:06,MATCH
session1380|registered_export,registered_export,false,400,400,MATCH,75,75,MATCH,MATCH,2020-11-20T11:28:39,2020-11-20T11:28:39,MATCH
session1381|non_registered_export,non_registered_export,false,332,332,MATCH,0,0,MATCH,MATCH,2020-10-05T12:38:40,2020-10-05T12:38:40,MATCH
session1382|registered_export,registered_export,false,555,555,MATCH,47,47,MATCH,MATCH,2020-10-26T11:39:41,2020-10-26T11:39:41,MATCH
session1383|non_registered_export,non_registered_export,false,459,459,MATCH,0,0,MATCH,MATCH,2020-10-21T11:32:37,2020-10-21T11:32:37,MATCH
session1384|non_registered_export,non_registered_export,false,990,990,MATCH,48,48,MATCH,MATCH,2020-10-30T11:20:45,2020-10-30T11:20:45,MATCH
session1385|registered_export,registered_export,false,496,496,MATCH,58,58,MATCH,MATCH,2020-11-09T11:44:32,2020-11-09T11:44:32,MATCH
session1386|registered_export,registered_export,false,1241,1241,MATCH,47,47,MATCH,MATCH,2020-10-07T10:54:01,2020-10-07T10:54:01,MATCH
session1387|non_registered_export,non_registered_export,false,73,73,MATCH,17,17,MATCH,MATCH,2020-10-16T10:57:35,2020-10-16T10:57:35,MATCH
session1388|non_registered_export,non_registered_export,false,18,18,MATCH,0,0,MATCH,MATCH,2020-11-03T13:00:24,2020-11-03T13:00:24,MATCH
session1389|non_registered_export,non_registered_export,false,36,36,MATCH,35,35,MATCH,MATCH,2020-10-19T12:01:38,2020-10-19T12:01:38,MATCH
session138|non_registered_export,non_registered_export,false,402,402,MATCH,52,52,MATCH,MATCH,2020-10-26T11:22:54,2020-10-26T11:22:54,MATCH
session1390|non_registered_export,non_registered_export,false,843,843,MATCH,86,86,MATCH,MATCH,2020-10-07T11:16:54,2020-10-07T11:16:54,MATCH
session1391|non_registered_export,non_registered_export,false,129,129,MATCH,60,60,MATCH,MATCH,2020-10-15T13:04:25,2020-10-15T13:04:25,MATCH
session1392|registered_export,registered_export,false,639,639,MATCH,52,52,MATCH,MATCH,2020-11-04T11:51:06,2020-11-04T11:51:06,MATCH
session1393|registered_export,registered_export,false,51,51,MATCH,14,14,MATCH,MATCH,2020-11-10T11:19:54,2020-11-10T11:19:54,MATCH
session1394|registered_export,registered_export,false,212,212,MATCH,30,30,MATCH,MATCH,2020-10-23T10:38:38,2020-10-23T10:38:38,MATCH
session1395|non_registered_export,non_registered_export,false,157,157,MATCH,40,40,MATCH,MATCH,2020-10-29T11:38:05,2020-10-29T11:38:05,MATCH
session1396|non_registered_export,non_registered_export,false,525,525,MATCH,54,54,MATCH,MATCH,2020-10-14T11:22:20,2020-10-14T11:22:20,MATCH
session1397|registered_export,registered_export,false,403,403,MATCH,58,58,MATCH,MATCH,2020-10-05T11:43:14,2020-10-05T11:43:14,MATCH
session1398|registered_export,registered_export,false,333,333,MATCH,92,92,MATCH,MATCH,2020-10-27T10:59:18,2020-10-27T10:59:18,MATCH
session1399|registered_export,registered_export,false,528,528,MATCH,73,73,MATCH,MATCH,2020-11-03T10:34:29,2020-11-03T10:34:29,MATCH
session139|non_registered_export,non_registered_export,false,45,45,MATCH,67,67,MATCH,MATCH,2020-11-04T11:09:37,2020-11-04T11:09:37,MATCH
session13|non_registered_export,non_registered_export,false,345,345,MATCH,75,75,MATCH,MATCH,2020-11-05T13:00:22,2020-11-05T13:00:22,MATCH
session1400|non_registered_export,non_registered_export,false,110,110,MATCH,69,69,MATCH,MATCH,2020-10-16T12:20:22,2020-10-16T12:20:22,MATCH
session1401|registered_export,registered_export,false,1481,1481,MATCH,111,111,MATCH,MATCH,2020-10-12T11:59:17,2020-10-12T11:59:17,MATCH
session1402|registered_export,registered_export,false,761,761,MATCH,84,84,MATCH,MATCH,2020-10-21T11:37:41,2020-10-21T11:37:41,MATCH
session1403|non_registered_export,non_registered_export,false,1338,1338,MATCH,89,89,MATCH,MATCH,2020-11-05T11:13:09,2020-11-05T11:13:09,MATCH
session1404|non_registered_export,non_registered_export,false,171,171,MATCH,80,80,MATCH,MATCH,2020-10-20T11:31:26,2020-10-20T11:31:26,MATCH
session1405|registered_export,registered_export,false,506,506,MATCH,80,80,MATCH,MATCH,2020-10-13T10:38:15,2020-10-13T10:38:15,MATCH
session1406|registered_export,registered_export,false,645,645,MATCH,112,112,MATCH,MATCH,2020-11-04T12:02:18,2020-11-04T12:02:18,MATCH
session1407|registered_export,registered_export,false,478,478,MATCH,78,78,MATCH,MATCH,2020-11-03T12:07:21,2020-11-03T12:07:21,MATCH
session1408|non_registered_export,non_registered_export,false,5,5,MATCH,24,24,MATCH,MATCH,2020-10-26T10:52:33,2020-10-26T10:52:33,MATCH
session1409|registered_export,registered_export,false,556,556,MATCH,97,97,MATCH,MATCH,2020-10-28T12:25:22,2020-10-28T12:25:22,MATCH
session140|non_registered_export,non_registered_export,false,98,98,MATCH,14,14,MATCH,MATCH,2020-10-23T11:21:59,2020-10-23T11:21:59,MATCH
session1410|non_registered_export,non_registered_export,false,120,120,MATCH,0,0,MATCH,MATCH,2020-10-22T10:53:06,2020-10-22T10:53:06,MATCH
session1411|non_registered_export,non_registered_export,false,264,264,MATCH,24,24,MATCH,MATCH,2020-11-03T12:04:04,2020-11-03T12:04:04,MATCH
session1412|registered_export,registered_export,false,321,321,MATCH,42,42,MATCH,MATCH,2020-11-06T11:03:37,2020-11-06T11:03:37,MATCH
session1413|registered_export,registered_export,false,396,396,MATCH,88,88,MATCH,MATCH,2020-11-20T11:14:16,2020-11-20T11:14:16,MATCH
session1414|registered_export,registered_export,false,504,504,MATCH,103,103,MATCH,MATCH,2020-11-05T12:35:26,2020-11-05T12:35:26,MATCH
session1415|non_registered_export,non_registered_export,false,48,48,MATCH,36,36,MATCH,MATCH,2020-11-12T10:59:28,2020-11-12T10:59:28,MATCH
session1416|non_registered_export,non_registered_export,false,295,295,MATCH,0,0,MATCH,MATCH,2020-11-04T13:18:43,2020-11-04T13:18:43,MATCH
session1417|registered_export,registered_export,false,785,785,MATCH,75,75,MATCH,MATCH,2020-11-13T10:31:02,2020-11-13T10:31:02,MATCH
session1418|registered_export,registered_export,false,835,835,MATCH,60,60,MATCH,MATCH,2020-10-28T11:34:40,2020-10-28T11:34:40,MATCH
session1419|registered_export,registered_export,false,297,297,MATCH,55,55,MATCH,MATCH,2020-10-13T11:58:27,2020-10-13T11:58:27,MATCH
session141|registered_export,registered_export,false,360,360,MATCH,115,115,MATCH,MATCH,2020-10-19T11:58:55,2020-10-19T11:58:55,MATCH
session1420|registered_export,registered_export,false,553,553,MATCH,92,92,MATCH,MATCH,2020-10-20T12:04:13,2020-10-20T12:04:13,MATCH
session1421|non_registered_export,non_registered_export,false,659,659,MATCH,71,71,MATCH,MATCH,2020-10-21T12:37:54,2020-10-21T12:37:54,MATCH
session1422|registered_export,registered_export,false,1344,1344,MATCH,77,77,MATCH,MATCH,2020-10-28T11:21:37,2020-10-28T11:21:37,MATCH
session1423|registered_export,registered_export,false,339,339,MATCH,110,110,MATCH,MATCH,2020-10-21T11:26:33,2020-10-21T11:26:33,MATCH
session1424|registered_export,registered_export,false,523,523,MATCH,86,86,MATCH,MATCH,2020-10-06T11:06:11,2020-10-06T11:06:11,MATCH
session1425|registered_export,registered_export,false,374,374,MATCH,54,54,MATCH,MATCH,2020-11-09T12:25:14,2020-11-09T12:25:14,MATCH
session1426|non_registered_export,non_registered_export,false,151,151,MATCH,28,28,MATCH,MATCH,2020-10-16T12:33:17,2020-10-16T12:33:17,MATCH
session1427|registered_export,registered_export,false,304,304,MATCH,73,73,MATCH,MATCH,2020-10-12T10:38:29,2020-10-12T10:38:29,MATCH
session1428|non_registered_export,non_registered_export,false,239,239,MATCH,54,54,MATCH,MATCH,2020-11-10T10:45:16,2020-11-10T10:45:16,MATCH
session1429|non_registered_export,non_registered_export,false,17,17,MATCH,41,41,MATCH,MATCH,2020-11-12T11:47:39,2020-11-12T11:47:39,MATCH
session142|non_registered_export,non_registered_export,false,56,56,MATCH,50,50,MATCH,MATCH,2020-10-19T11:12:31,2020-10-19T11:12:31,MATCH
session1430|non_registered_export,non_registered_export,false,566,566,MATCH,34,34,MATCH,MATCH,2020-10-08T10:49:08,2020-10-08T10:49:08,MATCH
session1431|registered_export,registered_export,false,454,454,MATCH,45,45,MATCH,MATCH,2020-11-16T12:04:13,2020-11-16T12:04:13,MATCH
session1432|registered_export,registered_export,false,849,849,MATCH,81,81,MATCH,MATCH,2020-11-20T12:06:56,2020-11-20T12:06:56,MATCH
session1433|non_registered_export,non_registered_export,false,354,354,MATCH,53,53,MATCH,MATCH,2020-11-03T11:41:33,2020-11-03T11:41:33,MATCH
session1434|registered_export,registered_export,false,508,508,MATCH,88,88,MATCH,MATCH,2020-11-10T11:58:23,2020-11-10T11:58:23,MATCH
session1435|non_registered_export,non_registered_export,false,1046,1046,MATCH,58,58,MATCH,MATCH,2020-10-20T10:48:38,2020-10-20T10:48:38,MATCH
session1436|registered_export,registered_export,false,680,680,MATCH,71,71,MATCH,MATCH,2020-10-07T11:39:53,2020-10-07T11:39:53,MATCH
session1437|non_registered_export,non_registered_export,false,52,52,MATCH,0,0,MATCH,MATCH,2020-10-19T10:42:38,2020-10-19T10:42:38,MATCH
session1438|registered_export,registered_export,false,422,422,MATCH,81,81,MATCH,MATCH,2020-11-12T10:46:49,2020-11-12T10:46:49,MATCH
session1439|non_registered_export,non_registered_export,false,9,9,MATCH,0,0,MATCH,MATCH,2020-10-22T11:17:47,2020-10-22T11:17:47,MATCH
session143|registered_export,registered_export,false,647,647,MATCH,69,69,MATCH,MATCH,2020-10-20T11:06:57,2020-10-20T11:06:57,MATCH
session1440|registered_export,registered_export,false,1340,1340,MATCH,122,122,MATCH,MATCH,2020-10-20T11:01:33,2020-10-20T11:01:33,MATCH
session1441|non_registered_export,non_registered_export,false,762,762,MATCH,68,68,MATCH,MATCH,2020-10-29T12:44:32,2020-10-29T12:44:32,MATCH
session1442|registered_export,registered_export,false,1849,1849,MATCH,119,119,MATCH,MATCH,2020-10-20T11:48:52,2020-10-20T11:48:52,MATCH
session1443|registered_export,registered_export,false,486,486,MATCH,111,111,MATCH,MATCH,2020-11-04T11:59:31,2020-11-04T11:59:31,MATCH
session1444|registered_export,registered_export,false,1364,1364,MATCH,66,66,MATCH,MATCH,2020-10-14T10:30:41,2020-10-14T10:30:41,MATCH
session1445|registered_export,registered_export,false,760,760,MATCH,91,91,MATCH,MATCH,2020-10-27T11:13:30,2020-10-27T11:13:30,MATCH
session1446|registered_export,registered_export,false,1169,1169,MATCH,116,116,MATCH,MATCH,2020-10-06T11:46:42,2020-10-06T11:46:42,MATCH
session1447|non_registered_export,non_registered_export,false,1041,1041,MATCH,34,34,MATCH,MATCH,2020-11-13T11:58:50,2020-11-13T11:58:50,MATCH
session1448|registered_export,registered_export,false,254,254,MATCH,111,111,MATCH,MATCH,2020-10-28T12:17:25,2020-10-28T12:17:25,MATCH
session1449|non_registered_export,non_registered_export,false,52,52,MATCH,0,0,MATCH,MATCH,2020-10-06T10:53:13,2020-10-06T10:53:13,MATCH
session144|registered_export,registered_export,false,922,922,MATCH,65,65,MATCH,MATCH,2020-11-06T11:19:00,2020-11-06T11:19:00,MATCH
session1450|registered_export,registered_export,false,607,607,MATCH,77,77,MATCH,MATCH,2020-10-07T10:56:33,2020-10-07T10:56:33,MATCH
session1451|registered_export,registered_export,false,602,602,MATCH,83,83,MATCH,MATCH,2020-11-10T11:24:03,2020-11-10T11:24:03,MATCH
session1452|non_registered_export,non_registered_export,false,125,125,MATCH,55,55,MATCH,MATCH,2020-10-09T10:34:31,2020-10-09T10:34:31,MATCH
session1453|non_registered_export,non_registered_export,false,8,8,MATCH,0,0,MATCH,MATCH,2020-11-04T11:07:14,2020-11-04T11:07:14,MATCH
session1454|non_registered_export,non_registered_export,false,70,70,MATCH,97,97,MATCH,MATCH,2020-10-13T12:40:10,2020-10-13T12:40:10,MATCH
session1455|registered_export,registered_export,false,372,372,MATCH,80,80,MATCH,MATCH,2020-11-04T11:17:04,2020-11-04T11:17:04,MATCH
session1456|non_registered_export,non_registered_export,false,156,156,MATCH,79,79,MATCH,MATCH,2020-10-20T12:10:22,2020-10-20T12:10:22,MATCH
session1457|non_registered_export,non_registered_export,false,36,36,MATCH,0,0,MATCH,MATCH,2020-10-12T10:53:36,2020-10-12T10:53:36,MATCH
session1458|registered_export,registered_export,false,639,639,MATCH,99,99,MATCH,MATCH,2020-11-04T11:31:35,2020-11-04T11:31:35,MATCH
session1459|registered_export,registered_export,false,793,793,MATCH,77,77,MATCH,MATCH,2020-11-17T11:14:44,2020-11-17T11:14:44,MATCH
session145|non_registered_export,non_registered_export,false,498,498,MATCH,54,54,MATCH,MATCH,2020-10-22T12:17:39,2020-10-22T12:17:39,MATCH
session1460|registered_export,registered_export,false,1212,1212,MATCH,82,82,MATCH,MATCH,2020-11-09T11:07:34,2020-11-09T11:07:34,MATCH
session1461|non_registered_export,non_registered_export,false,3,3,MATCH,0,0,MATCH,MATCH,2020-10-19T11:14:01,2020-10-19T11:14:01,MATCH
session1462|registered_export,registered_export,false,899,899,MATCH,114,114,MATCH,MATCH,2020-10-06T11:16:43,2020-10-06T11:16:43,MATCH
session1463|non_registered_export,non_registered_export,false,197,197,MATCH,0,0,MATCH,MATCH,2020-10-20T10:58:54,2020-10-20T10:58:54,MATCH
session1464|registered_export,registered_export,false,559,559,MATCH,79,79,MATCH,MATCH,2020-10-09T10:37:35,2020-10-09T10:37:35,MATCH
session1465|non_registered_export,non_registered_export,false,17,17,MATCH,46,46,MATCH,MATCH,2020-11-11T11:03:05,2020-11-11T11:03:05,MATCH
session1466|registered_export,registered_export,false,90,90,MATCH,30,30,MATCH,MATCH,2020-11-09T12:25:33,2020-11-09T12:25:33,MATCH
session1467|registered_export,registered_export,false,421,421,MATCH,99,99,MATCH,MATCH,2020-11-20T11:42:52,2020-11-20T11:42:52,MATCH
session1468|non_registered_export,non_registered_export,false,883,883,MATCH,0,0,MATCH,MATCH,2020-10-15T10:32:35,2020-10-15T10:32:35,MATCH
session1469|non_registered_export,non_registered_export,false,799,799,MATCH,0,0,MATCH,MATCH,2020-10-26T12:56:12,2020-10-26T12:56:12,MATCH
session146|non_registered_export,non_registered_export,false,9,9,MATCH,0,0,MATCH,MATCH,2020-10-12T11:11:15,2020-10-12T11:11:15,MATCH
session1470|non_registered_export,non_registered_export,false,448,448,MATCH,19,19,MATCH,MATCH,2020-11-12T12:09:13,2020-11-12T12:09:13,MATCH
session1471|non_registered_export,non_registered_export,false,16,16,MATCH,11,11,MATCH,MATCH,2020-10-05T10:49:49,2020-10-05T10:49:49,MATCH
session1472|non_registered_export,non_registered_export,false,154,154,MATCH,56,56,MATCH,MATCH,2020-10-13T12:23:14,2020-10-13T12:23:14,MATCH
session1473|non_registered_export,non_registered_export,false,502,502,MATCH,64,64,MATCH,MATCH,2020-11-12T11:27:18,2020-11-12T11:27:18,MATCH
session1474|registered_export,registered_export,false,1202,1202,MATCH,95,95,MATCH,MATCH,2020-11-06T12:20:34,2020-11-06T12:20:34,MATCH
session1475|non_registered_export,non_registered_export,false,405,405,MATCH,68,68,MATCH,MATCH,2020-10-09T12:18:05,2020-10-09T12:18:05,MATCH
session1476|non_registered_export,non_registered_export,false,120,120,MATCH,0,0,MATCH,MATCH,2020-11-05T10:56:35,2020-11-05T10:56:35,MATCH
session1477|registered_export,registered_export,false,460,460,MATCH,57,57,MATCH,MATCH,2020-10-26T10:38:31,2020-10-26T10:38:31,MATCH
session1478|registered_export,registered_export,false,440,440,MATCH,65,65,MATCH,MATCH,2020-10-06T10:42:03,2020-10-06T10:42:03,MATCH
session1479|non_registered_export,non_registered_export,false,602,602,MATCH,83,83,MATCH,MATCH,2020-10-27T12:23:56,2020-10-27T12:23:56,MATCH
session147|non_registered_export,non_registered_export,false,3,3,MATCH,41,41,MATCH,MATCH,2020-10-13T11:57:14,2020-10-13T11:57:14,MATCH
session1480|non_registered_export,non_registered_export,false,756,756,MATCH,74,74,MATCH,MATCH,2020-10-09T11:32:25,2020-10-09T11:32:25,MATCH
session1481|non_registered_export,non_registered_export,false,538,538,MATCH,18,18,MATCH,MATCH,2020-11-12T11:43:28,2020-11-12T11:43:28,MATCH
session1482|non_registered_export,non_registered_export,false,2,2,MATCH,0,0,MATCH,MATCH,2020-11-05T11:53:09,2020-11-05T11:53:09,MATCH
session1483|non_registered_export,non_registered_export,false,11,11,MATCH,0,0,MATCH,MATCH,2020-10-19T11:34:04,2020-10-19T11:34:04,MATCH
session1484|registered_export,registered_export,false,405,405,MATCH,82,82,MATCH,MATCH,2020-10-14T11:17:15,2020-10-14T11:17:15,MATCH
session1485|non_registered_export,non_registered_export,false,1633,1633,MATCH,66,66,MATCH,MATCH,2020-11-03T12:35:38,2020-11-03T12:35:38,MATCH
session1486|registered_export,registered_export,false,523,523,MATCH,81,81,MATCH,MATCH,2020-10-20T10:41:39,2020-10-20T10:41:39,MATCH
session1487|non_registered_export,non_registered_export,false,138,138,MATCH,0,0,MATCH,MATCH,2020-10-15T11:27:06,2020-10-15T11:27:06,MATCH
session1488|registered_export,registered_export,false,455,455,MATCH,47,47,MATCH,MATCH,2020-11-09T10:39:36,2020-11-09T10:39:36,MATCH
session1489|registered_export,registered_export,false,382,382,MATCH,64,64,MATCH,MATCH,2020-10-27T10:45:58,2020-10-27T10:45:58,MATCH
session148|non_registered_export,non_registered_export,false,634,634,MATCH,38,38,MATCH,MATCH,2020-11-05T10:41:20,2020-11-05T10:41:20,MATCH
session1490|non_registered_export,non_registered_export,false,1633,1633,MATCH,99,99,MATCH,MATCH,2020-10-06T12:03:51,2020-10-06T12:03:51,MATCH
session1491|registered_export,registered_export,false,700,700,MATCH,68,68,MATCH,MATCH,2020-11-10T10:54:30,2020-11-10T10:54:30,MATCH
session1492|registered_export,registered_export,false,1334,1334,MATCH,57,57,MATCH,MATCH,2020-10-26T10:37:00,2020-10-26T10:37:00,MATCH
session1493|registered_export,registered_export,false,502,502,MATCH,71,71,MATCH,MATCH,2020-10-20T10:30:33,2020-10-20T10:30:33,MATCH
session1494|registered_export,registered_export,false,543,543,MATCH,63,63,MATCH,MATCH,2020-10-06T10:42:28,2020-10-06T10:42:28,MATCH
session1495|registered_export,registered_export,false,841,841,MATCH,88,88,MATCH,MATCH,2020-11-06T12:02:29,2020-11-06T12:02:29,MATCH
session1496|non_registered_export,non_registered_export,false,391,391,MATCH,50,50,MATCH,MATCH,2020-11-05T11:24:58,2020-11-05T11:24:58,MATCH
session1497|registered_export,registered_export,false,1126,1126,MATCH,198,198,MATCH,MATCH,2020-10-06T12:20:23,2020-10-06T12:20:23,MATCH
session1498|non_registered_export,non_registered_export,false,56,56,MATCH,24,24,MATCH,MATCH,2020-11-06T10:57:14,2020-11-06T10:57:14,MATCH
session1499|registered_export,registered_export,false,383,383,MATCH,50,50,MATCH,MATCH,2020-10-19T11:32:03,2020-10-19T11:32:03,MATCH
session149|non_registered_export,non_registered_export,false,294,294,MATCH,27,27,MATCH,MATCH,2020-10-15T11:32:39,2020-10-15T11:32:39,MATCH
session14|non_registered_export,non_registered_export,false,971,971,MATCH,54,54,MATCH,MATCH,2020-10-06T12:01:52,2020-10-06T12:01:52,MATCH
session1500|non_registered_export,non_registered_export,false,5,5,MATCH,30,30,MATCH,MATCH,2020-10-30T11:17:16,2020-10-30T11:17:16,MATCH
session1501|non_registered_export,non_registered_export,false,111,111,MATCH,56,56,MATCH,MATCH,2020-10-14T10:41:58,2020-10-14T10:41:58,MATCH
session1502|non_registered_export,non_registered_export,false,77,77,MATCH,15,15,MATCH,MATCH,2020-10-08T13:20:13,2020-10-08T13:20:13,MATCH
session1503|non_registered_export,non_registered_export,false,292,292,MATCH,49,49,MATCH,MATCH,2020-10-21T11:20:36,2020-10-21T11:20:36,MATCH
session1504|registered_export,registered_export,false,897,897,MATCH,75,75,MATCH,MATCH,2020-11-11T11:09:31,2020-11-11T11:09:31,MATCH
session1505|registered_export,registered_export,false,407,407,MATCH,76,76,MATCH,MATCH,2020-10-28T12:23:13,2020-10-28T12:23:13,MATCH
session1506|registered_export,registered_export,false,394,394,MATCH,76,76,MATCH,MATCH,2020-11-04T11:03:20,2020-11-04T11:03:20,MATCH
session1507|registered_export,registered_export,false,365,365,MATCH,103,103,MATCH,MATCH,2020-11-20T11:57:11,2020-11-20T11:57:11,MATCH
session1508|registered_export,registered_export,false,283,283,MATCH,53,53,MATCH,MATCH,2020-10-28T10:42:23,2020-10-28T10:42:23,MATCH
session1509|non_registered_export,non_registered_export,false,11,11,MATCH,16,16,MATCH,MATCH,2020-10-19T10:48:40,2020-10-19T10:48:40,MATCH
session150|registered_export,registered_export,false,393,393,MATCH,35,35,MATCH,MATCH,2020-11-06T10:54:07,2020-11-06T10:54:07,MATCH
session1510|registered_export,registered_export,false,481,481,MATCH,62,62,MATCH,MATCH,2020-11-10T11:37:18,2020-11-10T11:37:18,MATCH
session1511|registered_export,registered_export,false,631,631,MATCH,70,70,MATCH,MATCH,2020-10-19T11:26:33,2020-10-19T11:26:33,MATCH
session1512|non_registered_export,non_registered_export,false,228,228,MATCH,30,30,MATCH,MATCH,2020-10-21T10:33:04,2020-10-21T10:33:04,MATCH
session1513|non_registered_export,non_registered_export,false,8,8,MATCH,0,0,MATCH,MATCH,2020-10-21T12:08:30,2020-10-21T12:08:30,MATCH
session1514|registered_export,registered_export,false,465,465,MATCH,49,49,MATCH,MATCH,2020-10-19T11:07:21,2020-10-19T11:07:21,MATCH
session1515|non_registered_export,non_registered_export,false,539,539,MATCH,72,72,MATCH,MATCH,2020-10-16T12:35:41,2020-10-16T12:35:41,MATCH
session1516|non_registered_export,non_registered_export,false,22,22,MATCH,11,11,MATCH,MATCH,2020-11-06T11:37:02,2020-11-06T11:37:02,MATCH
session1517|registered_export,registered_export,false,458,458,MATCH,67,67,MATCH,MATCH,2020-10-27T10:47:24,2020-10-27T10:47:24,MATCH
session1518|registered_export,registered_export,false,352,352,MATCH,59,59,MATCH,MATCH,2020-11-03T11:53:56,2020-11-03T11:53:56,MATCH
session1519|non_registered_export,non_registered_export,false,705,705,MATCH,72,72,MATCH,MATCH,2020-11-10T10:40:45,2020-11-10T10:40:45,MATCH
session151|registered_export,registered_export,false,474,474,MATCH,59,59,MATCH,MATCH,2020-10-07T11:58:08,2020-10-07T11:58:08,MATCH
session1520|registered_export,registered_export,false,414,414,MATCH,70,70,MATCH,MATCH,2020-10-13T11:38:04,2020-10-13T11:38:04,MATCH
session1521|registered_export,registered_export,false,354,354,MATCH,61,61,MATCH,MATCH,2020-11-06T11:52:05,2020-11-06T11:52:05,MATCH
session1522|non_registered_export,non_registered_export,false,48,48,MATCH,56,56,MATCH,MATCH,2020-10-26T11:16:44,2020-10-26T11:16:44,MATCH
session1523|non_registered_export,non_registered_export,false,258,258,MATCH,47,47,MATCH,MATCH,2020-11-05T11:31:00,2020-11-05T11:31:00,MATCH
session1524|registered_export,registered_export,false,1355,1355,MATCH,78,78,MATCH,MATCH,2020-10-28T12:43:04,2020-10-28T12:43:04,MATCH
session1525|registered_export,registered_export,false,730,730,MATCH,95,95,MATCH,MATCH,2020-11-03T11:56:48,2020-11-03T11:56:48,MATCH
session1526|registered_export,registered_export,false,436,436,MATCH,105,105,MATCH,MATCH,2020-10-21T12:09:39,2020-10-21T12:09:39,MATCH
session1527|registered_export,registered_export,false,376,376,MATCH,74,74,MATCH,MATCH,2020-11-03T12:19:13,2020-11-03T12:19:13,MATCH
session1528|non_registered_export,non_registered_export,false,10,10,MATCH,47,47,MATCH,MATCH,2020-11-03T10:50:27,2020-11-03T10:50:27,MATCH
session1529|non_registered_export,non_registered_export,false,192,192,MATCH,0,0,MATCH,MATCH,2020-10-13T12:36:40,2020-10-13T12:36:40,MATCH
session152|non_registered_export,non_registered_export,false,1401,1401,MATCH,63,63,MATCH,MATCH,2020-11-12T11:45:08,2020-11-12T11:45:08,MATCH
session1530|non_registered_export,non_registered_export,false,204,204,MATCH,41,41,MATCH,MATCH,2020-10-29T10:54:38,2020-10-29T10:54:38,MATCH
session1531|registered_export,registered_export,false,761,761,MATCH,35,35,MATCH,MATCH,2020-10-26T11:17:53,2020-10-26T11:17:53,MATCH
session1532|registered_export,registered_export,false,388,388,MATCH,28,28,MATCH,MATCH,2020-10-20T10:35:22,2020-10-20T10:35:22,MATCH
session1533|non_registered_export,non_registered_export,false,17,17,MATCH,65,65,MATCH,MATCH,2020-10-06T12:30:10,2020-10-06T12:30:10,MATCH
session1534|registered_export,registered_export,false,559,559,MATCH,44,44,MATCH,MATCH,2020-11-11T10:35:34,2020-11-11T10:35:34,MATCH
session1535|registered_export,registered_export,false,500,500,MATCH,65,65,MATCH,MATCH,2020-11-10T11:20:31,2020-11-10T11:20:31,MATCH
session1536|non_registered_export,non_registered_export,false,1152,1152,MATCH,83,83,MATCH,MATCH,2020-10-20T11:31:48,2020-10-20T11:31:48,MATCH
session1537|non_registered_export,non_registered_export,false,15,15,MATCH,28,28,MATCH,MATCH,2020-10-22T13:10:22,2020-10-22T13:10:22,MATCH
session1538|registered_export,registered_export,false,640,640,MATCH,32,32,MATCH,MATCH,2020-11-19T10:51:50,2020-11-19T10:51:50,MATCH
session1539|non_registered_export,non_registered_export,false,878,878,MATCH,57,57,MATCH,MATCH,2020-10-06T11:39:25,2020-10-06T11:39:25,MATCH
session153|non_registered_export,non_registered_export,false,200,200,MATCH,99,99,MATCH,MATCH,2020-10-13T11:04:11,2020-10-13T11:04:11,MATCH
session1540|non_registered_export,non_registered_export,false,2135,2135,MATCH,24,24,MATCH,MATCH,2020-10-12T12:53:56,2020-10-12T12:53:56,MATCH
session1541|registered_export,registered_export,false,602,602,MATCH,84,84,MATCH,MATCH,2020-11-10T11:28:52,2020-11-10T11:28:52,MATCH
session1542|registered_export,registered_export,false,2280,2280,MATCH,124,124,MATCH,MATCH,2020-10-14T11:54:56,2020-10-14T11:54:56,MATCH
session1543|non_registered_export,non_registered_export,false,44,44,MATCH,6,6,MATCH,MATCH,2020-10-06T12:17:53,2020-10-06T12:17:53,MATCH
session1544|registered_export,registered_export,false,501,501,MATCH,57,57,MATCH,MATCH,2020-10-19T10:34:13,2020-10-19T10:34:13,MATCH
session1545|registered_export,registered_export,false,479,479,MATCH,27,27,MATCH,MATCH,2020-11-16T11:42:52,2020-11-16T11:42:52,MATCH
session1546|non_registered_export,non_registered_export,false,812,812,MATCH,73,73,MATCH,MATCH,2020-10-22T11:22:50,2020-10-22T11:22:50,MATCH
session1547|non_registered_export,non_registered_export,false,40,40,MATCH,8,8,MATCH,MATCH,2020-10-20T10:46:55,2020-10-20T10:46:55,MATCH
session1548|registered_export,registered_export,false,540,540,MATCH,65,65,MATCH,MATCH,2020-11-09T11:48:08,2020-11-09T11:48:08,MATCH
session1549|registered_export,registered_export,false,1131,1131,MATCH,102,102,MATCH,MATCH,2020-10-05T11:07:59,2020-10-05T11:07:59,MATCH
session154|registered_export,registered_export,false,1356,1356,MATCH,57,57,MATCH,MATCH,2020-11-06T10:54:56,2020-11-06T10:54:56,MATCH
session1550|registered_export,registered_export,false,449,449,MATCH,117,117,MATCH,MATCH,2020-10-09T11:18:17,2020-10-09T11:18:17,MATCH
session1551|non_registered_export,non_registered_export,false,36,36,MATCH,0,0,MATCH,MATCH,2020-10-14T12:32:38,2020-10-14T12:32:38,MATCH
session1552|non_registered_export,non_registered_export,false,471,471,MATCH,81,81,MATCH,MATCH,2020-10-20T11:27:12,2020-10-20T11:27:12,MATCH
session1553|registered_export,registered_export,false,380,380,MATCH,102,102,MATCH,MATCH,2020-11-20T11:42:20,2020-11-20T11:42:20,MATCH
session1554|registered_export,registered_export,false,386,386,MATCH,75,75,MATCH,MATCH,2020-11-04T11:35:29,2020-11-04T11:35:29,MATCH
session1555|non_registered_export,non_registered_export,false,188,188,MATCH,0,0,MATCH,MATCH,2020-11-13T11:58:57,2020-11-13T11:58:57,MATCH
session1556|registered_export,registered_export,false,553,553,MATCH,56,56,MATCH,MATCH,2020-11-03T11:32:00,2020-11-03T11:32:00,MATCH
session1557|registered_export,registered_export,false,559,559,MATCH,82,82,MATCH,MATCH,2020-11-16T10:38:53,2020-11-16T10:38:53,MATCH
session1558|non_registered_export,non_registered_export,false,486,486,MATCH,78,78,MATCH,MATCH,2020-10-12T12:01:42,2020-10-12T12:01:42,MATCH
session1559|registered_export,registered_export,false,438,438,MATCH,85,85,MATCH,MATCH,2020-10-13T11:20:24,2020-10-13T11:20:24,MATCH
session155|non_registered_export,non_registered_export,false,21,21,MATCH,8,8,MATCH,MATCH,2020-11-10T11:50:29,2020-11-10T11:50:29,MATCH
session1560|non_registered_export,non_registered_export,false,266,266,MATCH,69,69,MATCH,MATCH,2020-10-14T11:45:17,2020-10-14T11:45:17,MATCH
session1561|registered_export,registered_export,false,154,154,MATCH,32,32,MATCH,MATCH,2020-11-04T11:46:27,2020-11-04T11:46:27,MATCH
session1562|registered_export,registered_export,false,300,300,MATCH,49,49,MATCH,MATCH,2020-10-20T11:18:24,2020-10-20T11:18:24,MATCH
session1563|non_registered_export,non_registered_export,false,77,77,MATCH,0,0,MATCH,MATCH,2020-11-02T11:12:00,2020-11-02T11:12:00,MATCH
session1564|registered_export,registered_export,false,674,674,MATCH,60,60,MATCH,MATCH,2020-11-11T11:09:34,2020-11-11T11:09:34,MATCH
session1565|registered_export,registered_export,false,590,590,MATCH,92,92,MATCH,MATCH,2020-11-16T10:59:45,2020-11-16T10:59:45,MATCH
session1566|registered_export,registered_export,false,1612,1612,MATCH,101,101,MATCH,MATCH,2020-10-12T10:45:06,2020-10-12T10:45:06,MATCH
session1567|non_registered_export,non_registered_export,false,4,4,MATCH,46,46,MATCH,MATCH,2020-10-20T11:42:29,2020-10-20T11:42:29,MATCH
session1568|non_registered_export,non_registered_export,false,1,1,MATCH,0,0,MATCH,MATCH,2020-10-14T13:30:24,2020-10-14T13:30:24,MATCH
session1569|registered_export,registered_export,false,632,632,MATCH,104,104,MATCH,MATCH,2020-10-28T11:39:29,2020-10-28T11:39:29,MATCH
session156|registered_export,registered_export,false,646,646,MATCH,44,44,MATCH,MATCH,2020-10-19T11:51:38,2020-10-19T11:51:38,MATCH
session1570|registered_export,registered_export,false,313,313,MATCH,29,29,MATCH,MATCH,2020-10-26T11:06:56,2020-10-26T11:06:56,MATCH
session1571|non_registered_export,non_registered_export,false,108,108,MATCH,12,12,MATCH,MATCH,2020-11-03T11:11:05,2020-11-03T11:11:05,MATCH
session1572|non_registered_export,non_registered_export,false,643,643,MATCH,92,92,MATCH,MATCH,2020-10-27T12:03:49,2020-10-27T12:03:49,MATCH
session1573|registered_export,registered_export,false,389,389,MATCH,64,64,MATCH,MATCH,2020-11-20T10:58:48,2020-11-20T10:58:48,MATCH
session1574|non_registered_export,non_registered_export,false,357,357,MATCH,34,34,MATCH,MATCH,2020-10-16T10:54:41,2020-10-16T10:54:41,MATCH
session1575|registered_export,registered_export,false,655,655,MATCH,81,81,MATCH,MATCH,2020-11-03T11:45:30,2020-11-03T11:45:30,MATCH
session1576|non_registered_export,non_registered_export,false,215,215,MATCH,39,39,MATCH,MATCH,2020-10-13T11:36:38,2020-10-13T11:36:38,MATCH
session1577|registered_export,registered_export,false,563,563,MATCH,69,69,MATCH,MATCH,2020-10-28T12:14:06,2020-10-28T12:14:06,MATCH
session1578|registered_export,registered_export,false,480,480,MATCH,155,155,MATCH,MATCH,2020-10-19T10:50:37,2020-10-19T10:50:37,MATCH
session1579|non_registered_export,non_registered_export,false,1276,1276,MATCH,59,59,MATCH,MATCH,2020-11-02T12:24:59,2020-11-02T12:24:59,MATCH
session157|non_registered_export,non_registered_export,false,263,263,MATCH,64,64,MATCH,MATCH,2020-11-10T12:14:28,2020-11-10T12:14:28,MATCH
session1580|non_registered_export,non_registered_export,false,292,292,MATCH,0,0,MATCH,MATCH,2020-11-05T13:14:56,2020-11-05T13:14:56,MATCH
session1581|registered_export,registered_export,false,401,401,MATCH,56,56,MATCH,MATCH,2020-10-20T12:38:15,2020-10-20T12:38:15,MATCH
session1582|non_registered_export,non_registered_export,false,4,4,MATCH,0,0,MATCH,MATCH,2020-10-08T11:39:29,2020-10-08T11:39:29,MATCH
session1583|registered_export,registered_export,false,468,468,MATCH,60,60,MATCH,MATCH,2020-11-05T12:24:09,2020-11-05T12:24:09,MATCH
session1584|registered_export,registered_export,false,685,685,MATCH,28,28,MATCH,MATCH,2020-11-11T11:07:35,2020-11-11T11:07:35,MATCH
session1585|registered_export,registered_export,false,630,630,MATCH,75,75,MATCH,MATCH,2020-10-05T10:38:04,2020-10-05T10:38:04,MATCH
session1586|non_registered_export,non_registered_export,false,8,8,MATCH,0,0,MATCH,MATCH,2020-10-08T11:32:21,2020-10-08T11:32:21,MATCH
session1587|non_registered_export,non_registered_export,false,162,162,MATCH,0,0,MATCH,MATCH,2020-10-05T11:58:40,2020-10-05T11:58:40,MATCH
session1588|non_registered_export,non_registered_export,false,453,453,MATCH,70,70,MATCH,MATCH,2020-10-29T12:01:30,2020-10-29T12:01:30,MATCH
session1589|registered_export,registered_export,false,1182,1182,MATCH,101,101,MATCH,MATCH,2020-11-10T12:19:25,2020-11-10T12:19:25,MATCH
session158|registered_export,registered_export,false,1268,1268,MATCH,63,63,MATCH,MATCH,2020-10-19T11:59:52,2020-10-19T11:59:52,MATCH
session1590|non_registered_export,non_registered_export,false,848,848,MATCH,46,46,MATCH,MATCH,2020-10-15T11:29:55,2020-10-15T11:29:55,MATCH
session1591|non_registered_export,non_registered_export,false,14,14,MATCH,20,20,MATCH,MATCH,2020-10-19T11:10:25,2020-10-19T11:10:25,MATCH
session1592|non_registered_export,non_registered_export,false,1391,1391,MATCH,109,109,MATCH,MATCH,2020-10-06T11:51:53,2020-10-06T11:51:53,MATCH
session1593|registered_export,registered_export,false,400,400,MATCH,67,67,MATCH,MATCH,2020-11-03T11:51:28,2020-11-03T11:51:28,MATCH
session1594|non_registered_export,non_registered_export,false,8,8,MATCH,92,92,MATCH,MATCH,2020-11-09T11:32:50,2020-11-09T11:32:50,MATCH
session1595|non_registered_export,non_registered_export,false,239,239,MATCH,54,54,MATCH,MATCH,2020-10-30T11:43:25,2020-10-30T11:43:25,MATCH
session1596|registered_export,registered_export,false,614,614,MATCH,61,61,MATCH,MATCH,2020-11-03T10:57:40,2020-11-03T10:57:40,MATCH
session1597|non_registered_export,non_registered_export,false,63,63,MATCH,58,58,MATCH,MATCH,2020-10-14T11:32:51,2020-10-14T11:32:51,MATCH
session1598|non_registered_export,non_registered_export,false,44,44,MATCH,24,24,MATCH,MATCH,2020-10-23T12:33:56,2020-10-23T12:33:56,MATCH
session1599|registered_export,registered_export,false,768,768,MATCH,52,52,MATCH,MATCH,2020-10-28T11:56:26,2020-10-28T11:56:26,MATCH
session159|registered_export,registered_export,false,354,354,MATCH,72,72,MATCH,MATCH,2020-11-09T11:02:24,2020-11-09T11:02:24,MATCH
session15|non_registered_export,non_registered_export,false,976,976,MATCH,38,38,MATCH,MATCH,2020-11-10T10:44:55,2020-11-10T10:44:55,MATCH
session1600|non_registered_export,non_registered_export,false,12,12,MATCH,0,0,MATCH,MATCH,2020-10-07T11:35:13,2020-10-07T11:35:13,MATCH
session1601|registered_export,registered_export,false,513,513,MATCH,67,67,MATCH,MATCH,2020-10-13T11:47:14,2020-10-13T11:47:14,MATCH
session1602|non_registered_export,non_registered_export,false,65,65,MATCH,0,0,MATCH,MATCH,2020-10-23T11:24:09,2020-10-23T11:24:09,MATCH
session1603|registered_export,registered_export,false,464,464,MATCH,73,73,MATCH,MATCH,2020-10-13T11:51:55,2020-10-13T11:51:55,MATCH
session1604|non_registered_export,non_registered_export,false,5,5,MATCH,0,0,MATCH,MATCH,2020-11-13T11:04:15,2020-11-13T11:04:15,MATCH
session1605|registered_export,registered_export,false,546,546,MATCH,65,65,MATCH,MATCH,2020-11-06T11:44:30,2020-11-06T11:44:30,MATCH
session1606|registered_export,registered_export,false,507,507,MATCH,58,58,MATCH,MATCH,2020-10-07T12:22:18,2020-10-07T12:22:18,MATCH
session1607|non_registered_export,non_registered_export,false,764,764,MATCH,46,46,MATCH,MATCH,2020-10-09T11:07:07,2020-10-09T11:07:07,MATCH
session1608|non_registered_export,non_registered_export,false,2,2,MATCH,0,0,MATCH,MATCH,2020-10-30T10:39:13,2020-10-30T10:39:13,MATCH
session1609|non_registered_export,non_registered_export,false,48,48,MATCH,74,74,MATCH,MATCH,2020-10-30T11:13:46,2020-10-30T11:13:46,MATCH
session160|non_registered_export,non_registered_export,false,47,47,MATCH,24,24,MATCH,MATCH,2020-10-29T11:17:07,2020-10-29T11:17:07,MATCH
session1610|registered_export,registered_export,false,767,767,MATCH,80,80,MATCH,MATCH,2020-11-11T11:19:00,2020-11-11T11:19:00,MATCH
session1611|non_registered_export,non_registered_export,false,330,330,MATCH,44,44,MATCH,MATCH,2020-11-11T11:22:21,2020-11-11T11:22:21,MATCH
session1612|registered_export,registered_export,false,393,393,MATCH,63,63,MATCH,MATCH,2020-11-17T11:36:12,2020-11-17T11:36:12,MATCH
session1613|registered_export,registered_export,false,346,346,MATCH,86,86,MATCH,MATCH,2020-10-27T11:48:07,2020-10-27T11:48:07,MATCH
session1614|registered_export,registered_export,false,615,615,MATCH,79,79,MATCH,MATCH,2020-11-10T10:39:41,2020-11-10T10:39:41,MATCH
session1615|non_registered_export,non_registered_export,false,868,868,MATCH,0,0,MATCH,MATCH,2020-10-09T11:34:26,2020-10-09T11:34:26,MATCH
session1616|registered_export,registered_export,false,287,287,MATCH,49,49,MATCH,MATCH,2020-11-04T10:57:15,2020-11-04T10:57:15,MATCH
session1617|non_registered_export,non_registered_export,false,60,60,MATCH,0,0,MATCH,MATCH,2020-11-03T12:24:00,2020-11-03T12:24:00,MATCH
session1618|non_registered_export,non_registered_export,false,1070,1070,MATCH,100,100,MATCH,MATCH,2020-10-27T13:12:18,2020-10-27T13:12:18,MATCH
session1619|registered_export,registered_export,false,598,598,MATCH,79,79,MATCH,MATCH,2020-11-16T12:08:21,2020-11-16T12:08:21,MATCH
session161|registered_export,registered_export,false,330,330,MATCH,51,51,MATCH,MATCH,2020-11-03T11:17:41,2020-11-03T11:17:41,MATCH
session1620|non_registered_export,non_registered_export,false,1,1,MATCH,0,0,MATCH,MATCH,2020-11-10T11:57:05,2020-11-10T11:57:05,MATCH
session1621|non_registered_export,non_registered_export,false,742,742,MATCH,77,77,MATCH,MATCH,2020-10-20T11:19:18,2020-10-20T11:19:18,MATCH
session1622|non_registered_export,non_registered_export,false,3,3,MATCH,0,0,MATCH,MATCH,2020-10-30T11:30:47,2020-10-30T11:30:47,MATCH
session1623|non_registered_export,non_registered_export,false,18,18,MATCH,0,0,MATCH,MATCH,2020-10-07T11:34:24,2020-10-07T11:34:24,MATCH
session1624|non_registered_export,non_registered_export,false,634,634,MATCH,51,51,MATCH,MATCH,2020-10-13T12:01:42,2020-10-13T12:01:42,MATCH
session1625|registered_export,registered_export,false,1532,1532,MATCH,90,90,MATCH,MATCH,2020-11-03T11:20:13,2020-11-03T11:20:13,MATCH
session1626|registered_export,registered_export,false,517,517,MATCH,85,85,MATCH,MATCH,2020-11-12T11:38:29,2020-11-12T11:38:29,MATCH
session1627|registered_export,registered_export,false,1290,1290,MATCH,23,23,MATCH,MATCH,2020-11-03T11:39:47,2020-11-03T11:39:47,MATCH
session1628|non_registered_export,non_registered_export,false,165,165,MATCH,7,7,MATCH,MATCH,2020-10-22T10:45:08,2020-10-22T10:45:08,MATCH
session1629|non_registered_export,non_registered_export,false,41,41,MATCH,0,0,MATCH,MATCH,2020-10-30T11:12:14,2020-10-30T11:12:14,MATCH
session162|registered_export,registered_export,false,825,825,MATCH,96,96,MATCH,MATCH,2020-10-19T11:42:11,2020-10-19T11:42:11,MATCH
session1630|non_registered_export,non_registered_export,false,408,408,MATCH,0,0,MATCH,MATCH,2020-10-28T10:36:45,2020-10-28T10:36:45,MATCH
session1631|non_registered_export,non_registered_export,false,493,493,MATCH,25,25,MATCH,MATCH,2020-11-13T11:03:07,2020-11-13T11:03:07,MATCH
session1632|non_registered_export,non_registered_export,false,185,185,MATCH,0,0,MATCH,MATCH,2020-10-15T11:10:06,2020-10-15T11:10:06,MATCH
session1633|registered_export,registered_export,false,622,622,MATCH,71,71,MATCH,MATCH,2020-11-03T12:13:21,2020-11-03T12:13:21,MATCH
session1634|non_registered_export,non_registered_export,false,64,64,MATCH,0,0,MATCH,MATCH,2020-10-27T11:36:52,2020-10-27T11:36:52,MATCH
session1635|non_registered_export,non_registered_export,false,92,92,MATCH,64,64,MATCH,MATCH,2020-10-29T10:42:22,2020-10-29T10:42:22,MATCH
session1636|non_registered_export,non_registered_export,false,229,229,MATCH,29,29,MATCH,MATCH,2020-10-22T11:44:29,2020-10-22T11:44:29,MATCH
session1637|registered_export,registered_export,false,740,740,MATCH,84,84,MATCH,MATCH,2020-11-03T10:41:17,2020-11-03T10:41:17,MATCH
session1638|registered_export,registered_export,false,628,628,MATCH,90,90,MATCH,MATCH,2020-11-12T12:29:49,2020-11-12T12:29:49,MATCH
session1639|non_registered_export,non_registered_export,false,444,444,MATCH,36,36,MATCH,MATCH,2020-10-15T11:23:54,2020-10-15T11:23:54,MATCH
session163|registered_export,registered_export,false,543,543,MATCH,74,74,MATCH,MATCH,2020-11-17T10:36:07,2020-11-17T10:36:07,MATCH
session1640|registered_export,registered_export,false,968,968,MATCH,74,74,MATCH,MATCH,2020-10-21T11:56:56,2020-10-21T11:56:56,MATCH
session1641|non_registered_export,non_registered_export,false,86,86,MATCH,76,76,MATCH,MATCH,2020-10-22T11:55:13,2020-10-22T11:55:13,MATCH
session1642|non_registered_export,non_registered_export,false,33,33,MATCH,0,0,MATCH,MATCH,2020-10-06T12:07:07,2020-10-06T12:07:07,MATCH
session1643|registered_export,registered_export,false,646,646,MATCH,269,269,MATCH,MATCH,2020-11-11T11:23:04,2020-11-11T11:23:04,MATCH
session1644|registered_export,registered_export,false,549,549,MATCH,65,65,MATCH,MATCH,2020-11-10T10:47:26,2020-11-10T10:47:26,MATCH
session1645|registered_export,registered_export,false,535,535,MATCH,53,53,MATCH,MATCH,2020-11-05T12:16:36,2020-11-05T12:16:36,MATCH
session1646|registered_export,registered_export,false,562,562,MATCH,59,59,MATCH,MATCH,2020-11-09T11:49:34,2020-11-09T11:49:34,MATCH
session1647|registered_export,registered_export,false,860,860,MATCH,89,89,MATCH,MATCH,2020-11-16T12:54:11,2020-11-16T12:54:11,MATCH
session1648|non_registered_export,non_registered_export,false,764,764,MATCH,103,103,MATCH,MATCH,2020-10-21T12:39:50,2020-10-21T12:39:50,MATCH
session1649|registered_export,registered_export,false,591,591,MATCH,67,67,MATCH,MATCH,2020-10-28T11:46:31,2020-10-28T11:46:31,MATCH
session164|non_registered_export,non_registered_export,false,779,779,MATCH,0,0,MATCH,MATCH,2020-10-20T11:03:27,2020-10-20T11:03:27,MATCH
session1650|non_registered_export,non_registered_export,false,176,176,MATCH,0,0,MATCH,MATCH,2020-10-26T11:36:44,2020-10-26T11:36:44,MATCH
session1651|non_registered_export,non_registered_export,false,1185,1185,MATCH,40,40,MATCH,MATCH,2020-10-21T11:32:52,2020-10-21T11:32:52,MATCH
session1652|non_registered_export,non_registered_export,false,698,698,MATCH,0,0,MATCH,MATCH,2020-11-13T12:19:38,2020-11-13T12:19:38,MATCH
session1653|non_registered_export,non_registered_export,false,336,336,MATCH,106,106,MATCH,MATCH,2020-10-29T12:37:58,2020-10-29T12:37:58,MATCH
session1654|non_registered_export,non_registered_export,false,560,560,MATCH,33,33,MATCH,MATCH,2020-10-08T10:50:13,2020-10-08T10:50:13,MATCH
session1655|registered_export,registered_export,false,773,773,MATCH,86,86,MATCH,MATCH,2020-11-03T10:58:54,2020-11-03T10:58:54,MATCH
session1656|registered_export,registered_export,false,544,544,MATCH,95,95,MATCH,MATCH,2020-11-05T11:18:10,2020-11-05T11:18:10,MATCH
session1657|non_registered_export,non_registered_export,false,1190,1190,MATCH,71,71,MATCH,MATCH,2020-10-13T12:58:50,2020-10-13T12:58:50,MATCH
session1658|registered_export,registered_export,false,592,592,MATCH,68,68,MATCH,MATCH,2020-11-02T11:13:37,2020-11-02T11:13:37,MATCH
session1659|non_registered_export,non_registered_export,false,271,271,MATCH,0,0,MATCH,MATCH,2020-10-15T13:08:09,2020-10-15T13:08:09,MATCH
session165|registered_export,registered_export,false,342,342,MATCH,57,57,MATCH,MATCH,2020-10-12T11:17:18,2020-10-12T11:17:18,MATCH
session1660|registered_export,registered_export,false,505,505,MATCH,78,78,MATCH,MATCH,2020-10-07T11:54:05,2020-10-07T11:54:05,MATCH
session1661|registered_export,registered_export,false,541,541,MATCH,68,68,MATCH,MATCH,2020-11-04T11:26:28,2020-11-04T11:26:28,MATCH
session1662|non_registered_export,non_registered_export,false,605,605,MATCH,171,171,MATCH,MATCH,2020-10-21T11:01:59,2020-10-21T11:01:59,MATCH
session1663|registered_export,registered_export,false,642,642,MATCH,72,72,MATCH,MATCH,2020-11-03T11:49:24,2020-11-03T11:49:24,MATCH
session1664|non_registered_export,non_registered_export,false,511,511,MATCH,48,48,MATCH,MATCH,2020-10-06T11:24:44,2020-10-06T11:24:44,MATCH
session1665|registered_export,registered_export,false,505,505,MATCH,78,78,MATCH,MATCH,2020-10-21T12:18:34,2020-10-21T12:18:34,MATCH
session1666|registered_export,registered_export,false,317,317,MATCH,58,58,MATCH,MATCH,2020-11-10T11:08:05,2020-11-10T11:08:05,MATCH
session1667|non_registered_export,non_registered_export,false,662,662,MATCH,97,97,MATCH,MATCH,2020-10-05T10:49:53,2020-10-05T10:49:53,MATCH
session1668|non_registered_export,non_registered_export,false,5,5,MATCH,22,22,MATCH,MATCH,2020-10-15T11:47:15,2020-10-15T11:47:15,MATCH
session1669|non_registered_export,non_registered_export,false,177,177,MATCH,0,0,MATCH,MATCH,2020-10-08T11:00:11,2020-10-08T11:00:11,MATCH
session166|registered_export,registered_export,false,527,527,MATCH,73,73,MATCH,MATCH,2020-10-28T11:30:36,2020-10-28T11:30:36,MATCH
session1670|non_registered_export,non_registered_export,false,1130,1130,MATCH,65,65,MATCH,MATCH,2020-10-09T11:06:27,2020-10-09T11:06:27,MATCH
session1671|registered_export,registered_export,false,514,514,MATCH,55,55,MATCH,MATCH,2020-10-21T12:20:03,2020-10-21T12:20:03,MATCH
session1672|non_registered_export,non_registered_export,false,533,533,MATCH,52,52,MATCH,MATCH,2020-10-08T11:29:54,2020-10-08T11:29:54,MATCH
session1673|non_registered_export,non_registered_export,false,154,154,MATCH,37,37,MATCH,MATCH,2020-10-09T12:07:29,2020-10-09T12:07:29,MATCH
session1674|non_registered_export,non_registered_export,false,53,53,MATCH,6,6,MATCH,MATCH,2020-10-15T10:48:34,2020-10-15T10:48:34,MATCH
session1675|non_registered_export,non_registered_export,false,53,53,MATCH,0,0,MATCH,MATCH,2020-10-07T11:17:04,2020-10-07T11:17:04,MATCH
session1676|registered_export,registered_export,false,839,839,MATCH,44,44,MATCH,MATCH,2020-11-02T11:37:59,2020-11-02T11:37:59,MATCH
session1677|non_registered_export,non_registered_export,false,189,189,MATCH,9,9,MATCH,MATCH,2020-11-12T11:28:19,2020-11-12T11:28:19,MATCH
session1678|non_registered_export,non_registered_export,false,345,345,MATCH,79,79,MATCH,MATCH,2020-10-13T11:41:17,2020-10-13T11:41:17,MATCH
session1679|non_registered_export,non_registered_export,false,152,152,MATCH,49,49,MATCH,MATCH,2020-10-29T11:41:04,2020-10-29T11:41:04,MATCH
session167|registered_export,registered_export,false,498,498,MATCH,63,63,MATCH,MATCH,2020-11-10T11:15:54,2020-11-10T11:15:54,MATCH
session1680|registered_export,registered_export,false,449,449,MATCH,50,50,MATCH,MATCH,2020-11-06T10:51:54,2020-11-06T10:51:54,MATCH
session1681|non_registered_export,non_registered_export,false,3,3,MATCH,0,0,MATCH,MATCH,2020-10-14T11:04:26,2020-10-14T11:04:26,MATCH
session1682|registered_export,registered_export,false,728,728,MATCH,88,88,MATCH,MATCH,2020-10-26T12:09:41,2020-10-26T12:09:41,MATCH
session1683|non_registered_export,non_registered_export,false,365,365,MATCH,62,62,MATCH,MATCH,2020-11-05T10:37:29,2020-11-05T10:37:29,MATCH
session1684|non_registered_export,non_registered_export,false,888,888,MATCH,38,38,MATCH,MATCH,2020-10-15T11:28:22,2020-10-15T11:28:22,MATCH
session1685|registered_export,registered_export,false,536,536,MATCH,50,50,MATCH,MATCH,2020-11-11T10:55:44,2020-11-11T10:55:44,MATCH
session1686|registered_export,registered_export,false,572,572,MATCH,110,110,MATCH,MATCH,2020-10-21T10:47:28,2020-10-21T10:47:28,MATCH
session1687|non_registered_export,non_registered_export,false,425,425,MATCH,0,0,MATCH,MATCH,2020-11-05T11:34:13,2020-11-05T11:34:13,MATCH
session1688|registered_export,registered_export,false,638,638,MATCH,64,64,MATCH,MATCH,2020-10-28T11:03:31,2020-10-28T11:03:31,MATCH
session1689|non_registered_export,non_registered_export,false,427,427,MATCH,41,41,MATCH,MATCH,2020-10-15T12:05:22,2020-10-15T12:05:22,MATCH
session168|non_registered_export,non_registered_export,false,15,15,MATCH,42,42,MATCH,MATCH,2020-10-06T11:03:19,2020-10-06T11:03:19,MATCH
session1690|non_registered_export,non_registered_export,false,213,213,MATCH,21,21,MATCH,MATCH,2020-11-03T10:43:59,2020-11-03T10:43:59,MATCH
session1691|non_registered_export,non_registered_export,false,19,19,MATCH,0,0,MATCH,MATCH,2020-11-06T11:43:59,2020-11-06T11:43:59,MATCH
session1692|registered_export,registered_export,false,651,651,MATCH,93,93,MATCH,MATCH,2020-11-20T11:02:06,2020-11-20T11:02:06,MATCH
session1693|non_registered_export,non_registered_export,false,10,10,MATCH,0,0,MATCH,MATCH,2020-10-19T13:09:03,2020-10-19T13:09:03,MATCH
session1694|non_registered_export,non_registered_export,false,254,254,MATCH,69,69,MATCH,MATCH,2020-10-21T11:38:42,2020-10-21T11:38:42,MATCH
session1695|registered_export,registered_export,false,506,506,MATCH,60,60,MATCH,MATCH,2020-11-09T11:36:41,2020-11-09T11:36:41,MATCH
session1696|registered_export,registered_export,false,452,452,MATCH,65,65,MATCH,MATCH,2020-10-19T11:54:27,2020-10-19T11:54:27,MATCH
session1697|non_registered_export,non_registered_export,false,6,6,MATCH,0,0,MATCH,MATCH,2020-10-06T12:05:25,2020-10-06T12:05:25,MATCH
session1698|non_registered_export,non_registered_export,false,6,6,MATCH,0,0,MATCH,MATCH,2020-11-09T11:00:14,2020-11-09T11:00:14,MATCH
session1699|registered_export,registered_export,false,824,824,MATCH,106,106,MATCH,MATCH,2020-10-08T12:15:33,2020-10-08T12:15:33,MATCH
session169|non_registered_export,non_registered_export,false,2,2,MATCH,0,0,MATCH,MATCH,2020-11-02T11:42:14,2020-11-02T11:42:14,MATCH
session16|non_registered_export,non_registered_export,false,326,326,MATCH,23,23,MATCH,MATCH,2020-10-26T11:37:27,2020-10-26T11:37:27,MATCH
session1700|registered_export,registered_export,false,591,591,MATCH,71,71,MATCH,MATCH,2020-10-23T11:27:15,2020-10-23T11:27:15,MATCH
session1701|registered_export,registered_export,false,1085,1085,MATCH,97,97,MATCH,MATCH,2020-10-26T10:52:50,2020-10-26T10:52:50,MATCH
session1702|registered_export,registered_export,false,251,251,MATCH,110,110,MATCH,MATCH,2020-10-21T10:38:24,2020-10-21T10:38:24,MATCH
session1703|registered_export,registered_export,false,487,487,MATCH,114,114,MATCH,MATCH,2020-11-12T12:44:26,2020-11-12T12:44:26,MATCH
session1704|registered_export,registered_export,false,1288,1288,MATCH,66,66,MATCH,MATCH,2020-10-08T12:20:07,2020-10-08T12:20:07,MATCH
session1705|registered_export,registered_export,false,525,525,MATCH,46,46,MATCH,MATCH,2020-11-04T11:23:21,2020-11-04T11:23:21,MATCH
session1706|registered_export,registered_export,false,556,556,MATCH,63,63,MATCH,MATCH,2020-10-19T11:13:53,2020-10-19T11:13:53,MATCH
session1707|registered_export,registered_export,false,491,491,MATCH,48,48,MATCH,MATCH,2020-11-09T12:07:13,2020-11-09T12:07:13,MATCH
session1708|non_registered_export,non_registered_export,false,50,50,MATCH,0,0,MATCH,MATCH,2020-10-29T12:37:54,2020-10-29T12:37:54,MATCH
session1709|non_registered_export,non_registered_export,false,596,596,MATCH,0,0,MATCH,MATCH,2020-10-22T13:21:47,2020-10-22T13:21:47,MATCH
session170|registered_export,registered_export,false,536,536,MATCH,55,55,MATCH,MATCH,2020-11-04T11:57:13,2020-11-04T11:57:13,MATCH
session1710|non_registered_export,non_registered_export,false,397,397,MATCH,86,86,MATCH,MATCH,2020-10-29T11:45:52,2020-10-29T11:45:52,MATCH
session1711|registered_export,registered_export,false,433,433,MATCH,58,58,MATCH,MATCH,2020-10-27T10:52:05,2020-10-27T10:52:05,MATCH
session1712|registered_export,registered_export,false,467,467,MATCH,86,86,MATCH,MATCH,2020-11-06T11:08:52,2020-11-06T11:08:52,MATCH
session1713|registered_export,registered_export,false,1359,1359,MATCH,24,24,MATCH,MATCH,2020-11-04T11:29:46,2020-11-04T11:29:46,MATCH
session1714|non_registered_export,non_registered_export,false,578,578,MATCH,19,19,MATCH,MATCH,2020-10-28T11:49:51,2020-10-28T11:49:51,MATCH
session1715|registered_export,registered_export,false,512,512,MATCH,61,61,MATCH,MATCH,2020-11-06T12:15:13,2020-11-06T12:15:13,MATCH
session1716|non_registered_export,non_registered_export,false,1132,1132,MATCH,40,40,MATCH,MATCH,2020-10-28T11:28:54,2020-10-28T11:28:54,MATCH
session1717|registered_export,registered_export,false,621,621,MATCH,120,120,MATCH,MATCH,2020-11-04T12:02:50,2020-11-04T12:02:50,MATCH
session1718|registered_export,registered_export,false,829,829,MATCH,82,82,MATCH,MATCH,2020-11-20T12:29:58,2020-11-20T12:29:58,MATCH
session1719|registered_export,registered_export,false,617,617,MATCH,85,85,MATCH,MATCH,2020-10-20T11:23:12,2020-10-20T11:23:12,MATCH
session171|non_registered_export,non_registered_export,false,3,3,MATCH,0,0,MATCH,MATCH,2020-11-11T10:33:22,2020-11-11T10:33:22,MATCH
session1720|registered_export,registered_export,false,504,504,MATCH,37,37,MATCH,MATCH,2020-11-04T11:22:34,2020-11-04T11:22:34,MATCH
session1721|registered_export,registered_export,false,438,438,MATCH,111,111,MATCH,MATCH,2020-10-27T10:46:16,2020-10-27T10:46:16,MATCH
session1722|registered_export,registered_export,false,382,382,MATCH,60,60,MATCH,MATCH,2020-10-12T11:46:17,2020-10-12T11:46:17,MATCH
session1723|registered_export,registered_export,false,303,303,MATCH,47,47,MATCH,MATCH,2020-11-06T11:25:53,2020-11-06T11:25:53,MATCH
session1724|registered_export,registered_export,false,306,306,MATCH,40,40,MATCH,MATCH,2020-10-16T11:21:17,2020-10-16T11:21:17,MATCH
session1725|registered_export,registered_export,false,521,521,MATCH,67,67,MATCH,MATCH,2020-10-28T11:03:11,2020-10-28T11:03:11,MATCH
session1726|registered_export,registered_export,false,240,240,MATCH,75,75,MATCH,MATCH,2020-10-05T10:56:19,2020-10-05T10:56:19,MATCH
session1727|non_registered_export,non_registered_export,false,24,24,MATCH,24,24,MATCH,MATCH,2020-11-11T11:21:54,2020-11-11T11:21:54,MATCH
session1728|registered_export,registered_export,false,481,481,MATCH,58,58,MATCH,MATCH,2020-10-06T11:08:52,2020-10-06T11:08:52,MATCH
session1729|non_registered_export,non_registered_export,false,113,113,MATCH,10,10,MATCH,MATCH,2020-11-03T10:53:48,2020-11-03T10:53:48,MATCH
session172|non_registered_export,non_registered_export,false,5,5,MATCH,0,0,MATCH,MATCH,2020-10-13T12:06:59,2020-10-13T12:06:59,MATCH
session1730|registered_export,registered_export,false,524,524,MATCH,88,88,MATCH,MATCH,2020-11-04T11:39:42,2020-11-04T11:39:42,MATCH
session1731|registered_export,registered_export,false,570,570,MATCH,105,105,MATCH,MATCH,2020-10-14T12:27:37,2020-10-14T12:27:37,MATCH
session1732|non_registered_export,non_registered_export,false,4,4,MATCH,15,15,MATCH,MATCH,2020-10-20T11:01:19,2020-10-20T11:01:19,MATCH
session1733|registered_export,registered_export,false,1175,1175,MATCH,73,73,MATCH,MATCH,2020-10-13T11:26:30,2020-10-13T11:26:30,MATCH
session1734|registered_export,registered_export,false,1090,1090,MATCH,111,111,MATCH,MATCH,2020-10-19T11:41:12,2020-10-19T11:41:12,MATCH
session1735|non_registered_export,non_registered_export,false,76,76,MATCH,21,21,MATCH,MATCH,2020-11-04T10:53:18,2020-11-04T10:53:18,MATCH
session1736|non_registered_export,non_registered_export,false,275,275,MATCH,0,0,MATCH,MATCH,2020-11-03T11:41:56,2020-11-03T11:41:56,MATCH
session1737|registered_export,registered_export,false,1099,1099,MATCH,105,105,MATCH,MATCH,2020-10-20T11:59:06,2020-10-20T11:59:06,MATCH
session1738|registered_export,registered_export,false,301,301,MATCH,52,52,MATCH,MATCH,2020-10-30T13:00:35,2020-10-30T13:00:35,MATCH
session1739|registered_export,registered_export,false,506,506,MATCH,88,88,MATCH,MATCH,2020-11-11T10:36:12,2020-11-11T10:36:12,MATCH
session173|registered_export,registered_export,false,693,693,MATCH,87,87,MATCH,MATCH,2020-11-02T12:15:32,2020-11-02T12:15:32,MATCH
session1740|non_registered_export,non_registered_export,false,816,816,MATCH,95,95,MATCH,MATCH,2020-10-12T11:33:54,2020-10-12T11:33:54,MATCH
session1741|non_registered_export,non_registered_export,false,238,238,MATCH,39,39,MATCH,MATCH,2020-11-03T10:36:30,2020-11-03T10:36:30,MATCH
session1742|registered_export,registered_export,false,446,446,MATCH,78,78,MATCH,MATCH,2020-11-20T11:41:50,2020-11-20T11:41:50,MATCH
session1743|non_registered_export,non_registered_export,false,1,1,MATCH,0,0,MATCH,MATCH,2020-11-13T11:07:06,2020-11-13T11:07:06,MATCH
session1744|registered_export,registered_export,false,842,842,MATCH,1783,1783,MATCH,MATCH,2020-11-04T10:50:17,2020-11-04T10:50:17,MATCH
session1745|non_registered_export,non_registered_export,false,21,21,MATCH,0,0,MATCH,MATCH,2020-10-20T10:59:05,2020-10-20T10:59:05,MATCH
session1746|registered_export,registered_export,false,390,390,MATCH,122,122,MATCH,MATCH,2020-10-27T11:06:44,2020-10-27T11:06:44,MATCH
session1747|registered_export,registered_export,false,758,758,MATCH,95,95,MATCH,MATCH,2020-10-27T12:19:44,2020-10-27T12:19:44,MATCH
session1748|registered_export,registered_export,false,586,586,MATCH,63,63,MATCH,MATCH,2020-11-04T10:56:36,2020-11-04T10:56:36,MATCH
session1749|non_registered_export,non_registered_export,false,2,2,MATCH,0,0,MATCH,MATCH,2020-10-07T11:29:50,2020-10-07T11:29:50,MATCH
session174|registered_export,registered_export,false,421,421,MATCH,68,68,MATCH,MATCH,2020-11-10T12:06:17,2020-11-10T12:06:17,MATCH
session1750|registered_export,registered_export,false,421,421,MATCH,89,89,MATCH,MATCH,2020-10-12T11:13:21,2020-10-12T11:13:21,MATCH
session1751|registered_export,registered_export,false,543,543,MATCH,38,38,MATCH,MATCH,2020-10-26T12:26:12,2020-10-26T12:26:12,MATCH
session1752|registered_export,registered_export,false,351,351,MATCH,58,58,MATCH,MATCH,2020-10-28T11:31:42,2020-10-28T11:31:42,MATCH
session1753|registered_export,registered_export,false,780,780,MATCH,78,78,MATCH,MATCH,2020-10-27T11:51:23,2020-10-27T11:51:23,MATCH
session1754|non_registered_export,non_registered_export,false,1046,1046,MATCH,64,64,MATCH,MATCH,2020-11-12T12:16:08,2020-11-12T12:16:08,MATCH
session1755|registered_export,registered_export,false,571,571,MATCH,41,41,MATCH,MATCH,2020-11-09T11:41:58,2020-11-09T11:41:58,MATCH
session1756|non_registered_export,non_registered_export,false,210,210,MATCH,70,70,MATCH,MATCH,2020-11-05T10:44:10,2020-11-05T10:44:10,MATCH
session1757|non_registered_export,non_registered_export,false,690,690,MATCH,93,93,MATCH,MATCH,2020-10-21T11:35:24,2020-10-21T11:35:24,MATCH
session1758|non_registered_export,non_registered_export,false,339,339,MATCH,0,0,MATCH,MATCH,2020-10-08T11:39:50,2020-10-08T11:39:50,MATCH
session1759|non_registered_export,non_registered_export,false,19,19,MATCH,0,0,MATCH,MATCH,2020-10-30T10:55:04,2020-10-30T10:55:04,MATCH
session175|registered_export,registered_export,false,212,212,MATCH,76,76,MATCH,MATCH,2020-10-12T12:12:55,2020-10-12T12:12:55,MATCH
session1760|registered_export,registered_export,false,1208,1208,MATCH,69,69,MATCH,MATCH,2020-10-05T11:31:21,2020-10-05T11:31:21,MATCH
session1761|registered_export,registered_export,false,493,493,MATCH,59,59,MATCH,MATCH,2020-10-05T11:25:49,2020-10-05T11:25:49,MATCH
session1762|non_registered_export,non_registered_export,false,170,170,MATCH,0,0,MATCH,MATCH,2020-10-20T11:29:26,2020-10-20T11:29:26,MATCH
session1763|registered_export,registered_export,false,479,479,MATCH,60,60,MATCH,MATCH,2020-11-03T11:26:00,2020-11-03T11:26:00,MATCH
session1764|registered_export,registered_export,false,686,686,MATCH,78,78,MATCH,MATCH,2020-11-10T11:04:46,2020-11-10T11:04:46,MATCH
session1765|non_registered_export,non_registered_export,false,112,112,MATCH,0,0,MATCH,MATCH,2020-10-20T11:22:25,2020-10-20T11:22:25,MATCH
session1766|non_registered_export,non_registered_export,false,678,678,MATCH,0,0,MATCH,MATCH,2020-11-05T11:53:04,2020-11-05T11:53:04,MATCH
session1767|non_registered_export,non_registered_export,false,781,781,MATCH,44,44,MATCH,MATCH,2020-10-19T11:09:41,2020-10-19T11:09:41,MATCH
session1768|non_registered_export,non_registered_export,false,176,176,MATCH,54,54,MATCH,MATCH,2020-10-29T11:01:09,2020-10-29T11:01:09,MATCH
session1769|registered_export,registered_export,false,543,543,MATCH,53,53,MATCH,MATCH,2020-11-09T11:46:43,2020-11-09T11:46:43,MATCH
session176|non_registered_export,non_registered_export,false,412,412,MATCH,90,90,MATCH,MATCH,2020-10-14T11:30:54,2020-10-14T11:30:54,MATCH
session1770|registered_export,registered_export,false,884,884,MATCH,104,104,MATCH,MATCH,2020-10-05T11:41:39,2020-10-05T11:41:39,MATCH
session1771|non_registered_export,non_registered_export,false,195,195,MATCH,74,74,MATCH,MATCH,2020-10-27T11:19:54,2020-10-27T11:19:54,MATCH
session1772|non_registered_export,non_registered_export,false,4,4,MATCH,0,0,MATCH,MATCH,2020-10-29T11:00:38,2020-10-29T11:00:38,MATCH
session1773|registered_export,registered_export,false,751,751,MATCH,92,92,MATCH,MATCH,2020-10-12T12:26:36,2020-10-12T12:26:36,MATCH
session1774|registered_export,registered_export,false,755,755,MATCH,66,66,MATCH,MATCH,2020-10-21T11:52:01,2020-10-21T11:52:01,MATCH
session1775|registered_export,registered_export,false,336,336,MATCH,54,54,MATCH,MATCH,2020-11-11T10:55:16,2020-11-11T10:55:16,MATCH
session1776|registered_export,registered_export,false,1413,1413,MATCH,68,68,MATCH,MATCH,2020-11-04T10:57:01,2020-11-04T10:57:01,MATCH
session1777|non_registered_export,non_registered_export,false,428,428,MATCH,49,49,MATCH,MATCH,2020-10-07T11:05:57,2020-10-07T11:05:57,MATCH
session1778|non_registered_export,non_registered_export,false,2,2,MATCH,0,0,MATCH,MATCH,2020-10-23T10:37:47,2020-10-23T10:37:47,MATCH
session1779|non_registered_export,non_registered_export,false,493,493,MATCH,66,66,MATCH,MATCH,2020-10-07T11:40:15,2020-10-07T11:40:15,MATCH
session177|registered_export,registered_export,false,466,466,MATCH,91,91,MATCH,MATCH,2020-10-06T12:12:21,2020-10-06T12:12:21,MATCH
session1780|registered_export,registered_export,false,336,336,MATCH,109,109,MATCH,MATCH,2020-10-21T12:10:34,2020-10-21T12:10:34,MATCH
session1781|registered_export,registered_export,false,854,854,MATCH,128,128,MATCH,MATCH,2020-10-14T11:17:39,2020-10-14T11:17:39,MATCH
session1782|non_registered_export,non_registered_export,false,349,349,MATCH,45,45,MATCH,MATCH,2020-11-04T12:00:10,2020-11-04T12:00:10,MATCH
session1783|non_registered_export,non_registered_export,false,389,389,MATCH,0,0,MATCH,MATCH,2020-10-29T12:25:06,2020-10-29T12:25:06,MATCH
session1784|registered_export,registered_export,false,596,596,MATCH,73,73,MATCH,MATCH,2020-10-22T11:07:15,2020-10-22T11:07:15,MATCH
session1785|registered_export,registered_export,false,1271,1271,MATCH,99,99,MATCH,MATCH,2020-10-27T10:51:51,2020-10-27T10:51:51,MATCH
session1786|non_registered_export,non_registered_export,false,266,266,MATCH,27,27,MATCH,MATCH,2020-10-06T12:01:12,2020-10-06T12:01:12,MATCH
session1787|non_registered_export,non_registered_export,false,5,5,MATCH,0,0,MATCH,MATCH,2020-11-05T11:08:49,2020-11-05T11:08:49,MATCH
session1788|registered_export,registered_export,false,574,574,MATCH,66,66,MATCH,MATCH,2020-11-20T11:05:07,2020-11-20T11:05:07,MATCH
session1789|registered_export,registered_export,false,471,471,MATCH,79,79,MATCH,MATCH,2020-11-10T10:52:18,2020-11-10T10:52:18,MATCH
session178|non_registered_export,non_registered_export,false,253,253,MATCH,32,32,MATCH,MATCH,2020-10-29T10:59:04,2020-10-29T10:59:04,MATCH
session1790|non_registered_export,non_registered_export,false,859,859,MATCH,0,0,MATCH,MATCH,2020-11-03T12:47:33,2020-11-03T12:47:33,MATCH
session1791|registered_export,registered_export,false,493,493,MATCH,69,69,MATCH,MATCH,2020-10-19T12:21:46,2020-10-19T12:21:46,MATCH
session1792|non_registered_export,non_registered_export,false,7,7,MATCH,22,22,MATCH,MATCH,2020-10-06T12:31:05,2020-10-06T12:31:05,MATCH
session1793|registered_export,registered_export,false,489,489,MATCH,113,113,MATCH,MATCH,2020-10-21T11:36:34,2020-10-21T11:36:34,MATCH
session1794|registered_export,registered_export,false,629,629,MATCH,79,79,MATCH,MATCH,2020-11-10T10:47:26,2020-11-10T10:47:26,MATCH
session1795|non_registered_export,non_registered_export,false,291,291,MATCH,35,35,MATCH,MATCH,2020-10-05T11:01:58,2020-10-05T11:01:58,MATCH
session1796|non_registered_export,non_registered_export,false,38,38,MATCH,101,101,MATCH,MATCH,2020-11-05T11:09:16,2020-11-05T11:09:16,MATCH
session1797|non_registered_export,non_registered_export,false,115,115,MATCH,0,0,MATCH,MATCH,2020-11-09T11:24:38,2020-11-09T11:24:38,MATCH
session1798|registered_export,registered_export,false,505,505,MATCH,56,56,MATCH,MATCH,2020-11-03T11:11:12,2020-11-03T11:11:12,MATCH
session1799|non_registered_export,non_registered_export,false,4,4,MATCH,0,0,MATCH,MATCH,2020-10-08T13:18:43,2020-10-08T13:18:43,MATCH
session179|registered_export,registered_export,false,436,436,MATCH,63,63,MATCH,MATCH,2020-10-06T12:17:42,2020-10-06T12:17:42,MATCH
session17|registered_export,registered_export,false,336,336,MATCH,95,95,MATCH,MATCH,2020-11-20T12:29:20,2020-11-20T12:29:20,MATCH
session1800|non_registered_export,non_registered_export,false,553,553,MATCH,0,0,MATCH,MATCH,2020-10-15T11:24:36,2020-10-15T11:24:36,MATCH
session1801|registered_export,registered_export,false,1817,1817,MATCH,95,95,MATCH,MATCH,2020-11-20T12:11:47,2020-11-20T12:11:47,MATCH
session1802|registered_export,registered_export,false,400,400,MATCH,74,74,MATCH,MATCH,2020-10-12T11:43:32,2020-10-12T11:43:32,MATCH
session1803|non_registered_export,non_registered_export,false,341,341,MATCH,6,6,MATCH,MATCH,2020-10-06T11:30:43,2020-10-06T11:30:43,MATCH
session1804|registered_export,registered_export,false,392,392,MATCH,65,65,MATCH,MATCH,2020-11-20T11:00:41,2020-11-20T11:00:41,MATCH
session1805|non_registered_export,non_registered_export,false,264,264,MATCH,67,67,MATCH,MATCH,2020-10-23T11:54:35,2020-10-23T11:54:35,MATCH
session1806|non_registered_export,non_registered_export,false,729,729,MATCH,80,80,MATCH,MATCH,2020-10-09T11:27:43,2020-10-09T11:27:43,MATCH
session1807|non_registered_export,non_registered_export,false,156,156,MATCH,58,58,MATCH,MATCH,2020-11-12T11:44:05,2020-11-12T11:44:05,MATCH
session1808|registered_export,registered_export,false,494,494,MATCH,72,72,MATCH,MATCH,2020-11-11T10:43:32,2020-11-11T10:43:32,MATCH
session1809|non_registered_export,non_registered_export,false,253,253,MATCH,77,77,MATCH,MATCH,2020-10-28T13:18:16,2020-10-28T13:18:16,MATCH
session180|non_registered_export,non_registered_export,false,30,30,MATCH,0,0,MATCH,MATCH,2020-10-22T11:46:38,2020-10-22T11:46:38,MATCH
session1810|non_registered_export,non_registered_export,false,279,279,MATCH,72,72,MATCH,MATCH,2020-10-08T11:27:22,2020-10-08T11:27:22,MATCH
session1811|non_registered_export,non_registered_export,false,3,3,MATCH,0,0,MATCH,MATCH,2020-10-22T11:31:36,2020-10-22T11:31:36,MATCH
session1812|registered_export,registered_export,false,533,533,MATCH,76,76,MATCH,MATCH,2020-10-21T11:57:23,2020-10-21T11:57:23,MATCH
session1813|non_registered_export,non_registered_export,false,91,91,MATCH,0,0,MATCH,MATCH,2020-11-06T12:41:48,2020-11-06T12:41:48,MATCH
session1814|registered_export,registered_export,false,390,390,MATCH,86,86,MATCH,MATCH,2020-10-12T11:48:22,2020-10-12T11:48:22,MATCH
session1815|registered_export,registered_export,false,405,405,MATCH,86,86,MATCH,MATCH,2020-11-06T11:14:48,2020-11-06T11:14:48,MATCH
session1816|registered_export,registered_export,false,1167,1167,MATCH,95,95,MATCH,MATCH,2020-11-12T11:30:48,2020-11-12T11:30:48,MATCH
session1817|non_registered_export,non_registered_export,false,54,54,MATCH,12,12,MATCH,MATCH,2020-10-19T12:43:38,2020-10-19T12:43:38,MATCH
session1818|registered_export,registered_export,false,501,501,MATCH,85,85,MATCH,MATCH,2020-10-20T12:07:42,2020-10-20T12:07:42,MATCH
session1819|registered_export,registered_export,false,374,374,MATCH,53,53,MATCH,MATCH,2020-11-06T12:02:34,2020-11-06T12:02:34,MATCH
session181|registered_export,registered_export,false,488,488,MATCH,72,72,MATCH,MATCH,2020-10-27T11:31:01,2020-10-27T11:31:01,MATCH
session1820|non_registered_export,non_registered_export,false,734,734,MATCH,25,25,MATCH,MATCH,2020-10-13T12:47:16,2020-10-13T12:47:16,MATCH
session1821|non_registered_export,non_registered_export,false,201,201,MATCH,64,64,MATCH,MATCH,2020-10-23T11:25:35,2020-10-23T11:25:35,MATCH
session1822|non_registered_export,non_registered_export,false,192,192,MATCH,0,0,MATCH,MATCH,2020-11-09T12:36:48,2020-11-09T12:36:48,MATCH
session1823|registered_export,registered_export,false,638,638,MATCH,104,104,MATCH,MATCH,2020-11-04T11:04:54,2020-11-04T11:04:54,MATCH
session1824|non_registered_export,non_registered_export,false,103,103,MATCH,0,0,MATCH,MATCH,2020-10-30T11:55:20,2020-10-30T11:55:20,MATCH
session1825|registered_export,registered_export,false,557,557,MATCH,74,74,MATCH,MATCH,2020-10-06T11:31:02,2020-10-06T11:31:02,MATCH
session1826|non_registered_export,non_registered_export,false,39,39,MATCH,0,0,MATCH,MATCH,2020-10-23T11:37:58,2020-10-23T11:37:58,MATCH
session1827|non_registered_export,non_registered_export,false,141,141,MATCH,72,72,MATCH,MATCH,2020-10-20T11:32:18,2020-10-20T11:32:18,MATCH
session1828|registered_export,registered_export,false,456,456,MATCH,83,83,MATCH,MATCH,2020-10-28T10:47:40,2020-10-28T10:47:40,MATCH
session1829|non_registered_export,non_registered_export,false,85,85,MATCH,22,22,MATCH,MATCH,2020-11-04T10:55:31,2020-11-04T10:55:31,MATCH
session182|registered_export,registered_export,false,604,604,MATCH,65,65,MATCH,MATCH,2020-10-26T10:50:12,2020-10-26T10:50:12,MATCH
session1830|non_registered_export,non_registered_export,false,1,1,MATCH,0,0,MATCH,MATCH,2020-10-09T13:29:08,2020-10-09T13:29:08,MATCH
session1831|non_registered_export,non_registered_export,false,339,339,MATCH,64,64,MATCH,MATCH,2020-11-02T11:07:43,2020-11-02T11:07:43,MATCH
session1832|non_registered_export,non_registered_export,false,319,319,MATCH,14,14,MATCH,MATCH,2020-10-14T11:02:53,2020-10-14T11:02:53,MATCH
session1833|registered_export,registered_export,false,418,418,MATCH,66,66,MATCH,MATCH,2020-10-13T10:40:14,2020-10-13T10:40:14,MATCH
session1834|registered_export,registered_export,false,524,524,MATCH,27,27,MATCH,MATCH,2020-11-04T11:54:22,2020-11-04T11:54:22,MATCH
session1835|registered_export,registered_export,false,283,283,MATCH,53,53,MATCH,MATCH,2020-10-13T11:33:41,2020-10-13T11:33:41,MATCH
session1836|registered_export,registered_export,false,540,540,MATCH,65,65,MATCH,MATCH,2020-10-27T10:42:32,2020-10-27T10:42:32,MATCH
session1837|registered_export,registered_export,false,462,462,MATCH,36,36,MATCH,MATCH,2020-10-19T10:31:37,2020-10-19T10:31:37,MATCH
session1838|registered_export,registered_export,false,620,620,MATCH,99,99,MATCH,MATCH,2020-11-10T12:32:19,2020-11-10T12:32:19,MATCH
session1839|registered_export,registered_export,false,531,531,MATCH,56,56,MATCH,MATCH,2020-11-04T11:46:05,2020-11-04T11:46:05,MATCH
session183|registered_export,registered_export,false,430,430,MATCH,57,57,MATCH,MATCH,2020-10-07T12:29:41,2020-10-07T12:29:41,MATCH
session1840|non_registered_export,non_registered_export,false,148,148,MATCH,164,164,MATCH,MATCH,2020-10-23T13:19:37,2020-10-23T13:19:37,MATCH
session1841|non_registered_export,non_registered_export,false,9,9,MATCH,0,0,MATCH,MATCH,2020-10-05T11:56:48,2020-10-05T11:56:48,MATCH
session1842|non_registered_export,non_registered_export,false,898,898,MATCH,63,63,MATCH,MATCH,2020-11-02T12:36:45,2020-11-02T12:36:45,MATCH
session1843|registered_export,registered_export,false,427,427,MATCH,73,73,MATCH,MATCH,2020-10-12T11:25:04,2020-10-12T11:25:04,MATCH
session1844|registered_export,registered_export,false,300,300,MATCH,37,37,MATCH,MATCH,2020-10-26T11:30:01,2020-10-26T11:30:01,MATCH
session1845|non_registered_export,non_registered_export,false,230,230,MATCH,0,0,MATCH,MATCH,2020-11-05T12:24:31,2020-11-05T12:24:31,MATCH
session1846|non_registered_export,non_registered_export,false,183,183,MATCH,0,0,MATCH,MATCH,2020-10-23T11:12:54,2020-10-23T11:12:54,MATCH
session1847|registered_export,registered_export,false,523,523,MATCH,97,97,MATCH,MATCH,2020-10-13T11:12:44,2020-10-13T11:12:44,MATCH
session1848|registered_export,registered_export,false,414,414,MATCH,65,65,MATCH,MATCH,2020-10-14T11:33:10,2020-10-14T11:33:10,MATCH
session1849|non_registered_export,non_registered_export,false,838,838,MATCH,104,104,MATCH,MATCH,2020-10-15T10:34:04,2020-10-15T10:34:04,MATCH
session184|non_registered_export,non_registered_export,false,3,3,MATCH,0,0,MATCH,MATCH,2020-10-21T11:08:52,2020-10-21T11:08:52,MATCH
session1850|registered_export,registered_export,false,458,458,MATCH,62,62,MATCH,MATCH,2020-11-06T12:23:12,2020-11-06T12:23:12,MATCH
session1851|registered_export,registered_export,false,385,385,MATCH,102,102,MATCH,MATCH,2020-10-13T11:14:33,2020-10-13T11:14:33,MATCH
session1852|non_registered_export,non_registered_export,false,378,378,MATCH,60,60,MATCH,MATCH,2020-10-29T11:41:22,2020-10-29T11:41:22,MATCH
session1853|non_registered_export,non_registered_export,false,256,256,MATCH,33,33,MATCH,MATCH,2020-10-19T11:48:56,2020-10-19T11:48:56,MATCH
session1854|registered_export,registered_export,false,603,603,MATCH,75,75,MATCH,MATCH,2020-11-06T12:12:03,2020-11-06T12:12:03,MATCH
session1855|registered_export,registered_export,false,785,785,MATCH,52,52,MATCH,MATCH,2020-11-13T11:28:59,2020-11-13T11:28:59,MATCH
session1856|registered_export,registered_export,false,361,361,MATCH,106,106,MATCH,MATCH,2020-11-06T11:39:21,2020-11-06T11:39:21,MATCH
session1857|non_registered_export,non_registered_export,false,246,246,MATCH,66,66,MATCH,MATCH,2020-10-21T12:39:29,2020-10-21T12:39:29,MATCH
session1858|registered_export,registered_export,false,231,231,MATCH,77,77,MATCH,MATCH,2020-10-07T11:09:59,2020-10-07T11:09:59,MATCH
session1859|registered_export,registered_export,false,359,359,MATCH,55,55,MATCH,MATCH,2020-11-20T11:42:32,2020-11-20T11:42:32,MATCH
session185|non_registered_export,non_registered_export,false,149,149,MATCH,0,0,MATCH,MATCH,2020-10-29T13:29:37,2020-10-29T13:29:37,MATCH
session1860|registered_export,registered_export,false,316,316,MATCH,40,40,MATCH,MATCH,2020-10-27T11:46:52,2020-10-27T11:46:52,MATCH
session1861|registered_export,registered_export,false,608,608,MATCH,65,65,MATCH,MATCH,2020-10-26T11:49:35,2020-10-26T11:49:35,MATCH
session1862|registered_export,registered_export,false,335,335,MATCH,37,37,MATCH,MATCH,2020-10-27T10:52:42,2020-10-27T10:52:42,MATCH
session1863|non_registered_export,non_registered_export,false,2,2,MATCH,0,0,MATCH,MATCH,2020-11-05T11:17:22,2020-11-05T11:17:22,MATCH
session1864|non_registered_export,non_registered_export,false,234,234,MATCH,88,88,MATCH,MATCH,2020-10-26T10:50:42,2020-10-26T10:50:42,MATCH
session1865|non_registered_export,non_registered_export,false,3,3,MATCH,0,0,MATCH,MATCH,2020-10-21T11:11:21,2020-10-21T11:11:21,MATCH
session1866|non_registered_export,non_registered_export,false,525,525,MATCH,93,93,MATCH,MATCH,2020-10-15T12:22:57,2020-10-15T12:22:57,MATCH
session1867|non_registered_export,non_registered_export,false,1166,1166,MATCH,25,25,MATCH,MATCH,2020-10-30T12:17:28,2020-10-30T12:17:28,MATCH
session1868|non_registered_export,non_registered_export,false,426,426,MATCH,68,68,MATCH,MATCH,2020-11-13T10:42:24,2020-11-13T10:42:24,MATCH
session1869|registered_export,registered_export,false,422,422,MATCH,103,103,MATCH,MATCH,2020-11-04T11:12:06,2020-11-04T11:12:06,MATCH
session186|registered_export,registered_export,false,518,518,MATCH,66,66,MATCH,MATCH,2020-10-19T10:56:54,2020-10-19T10:56:54,MATCH
session1870|non_registered_export,non_registered_export,false,880,880,MATCH,61,61,MATCH,MATCH,2020-10-09T13:11:15,2020-10-09T13:11:15,MATCH
session1871|non_registered_export,non_registered_export,false,152,152,MATCH,35,35,MATCH,MATCH,2020-11-09T11:26:57,2020-11-09T11:26:57,MATCH
session1872|registered_export,registered_export,false,365,365,MATCH,49,49,MATCH,MATCH,2020-10-28T10:33:13,2020-10-28T10:33:13,MATCH
session1873|registered_export,registered_export,false,588,588,MATCH,58,58,MATCH,MATCH,2020-10-19T10:47:54,2020-10-19T10:47:54,MATCH
session1874|registered_export,registered_export,false,311,311,MATCH,46,46,MATCH,MATCH,2020-11-06T11:47:55,2020-11-06T11:47:55,MATCH
session1875|registered_export,registered_export,false,478,478,MATCH,71,71,MATCH,MATCH,2020-10-26T11:24:25,2020-10-26T11:24:25,MATCH
session1876|registered_export,registered_export,false,365,365,MATCH,66,66,MATCH,MATCH,2020-11-06T10:40:28,2020-11-06T10:40:28,MATCH
session1877|non_registered_export,non_registered_export,false,1057,1057,MATCH,59,59,MATCH,MATCH,2020-10-07T11:30:50,2020-10-07T11:30:50,MATCH
session1878|registered_export,registered_export,false,523,523,MATCH,94,94,MATCH,MATCH,2020-10-13T11:40:38,2020-10-13T11:40:38,MATCH
session1879|non_registered_export,non_registered_export,false,2,2,MATCH,0,0,MATCH,MATCH,2020-11-02T11:51:59,2020-11-02T11:51:59,MATCH
session187|registered_export,registered_export,false,380,380,MATCH,104,104,MATCH,MATCH,2020-10-19T11:46:40,2020-10-19T11:46:40,MATCH
session1880|non_registered_export,non_registered_export,false,2,2,MATCH,0,0,MATCH,MATCH,2020-11-02T10:32:54,2020-11-02T10:32:54,MATCH
session1881|registered_export,registered_export,false,401,401,MATCH,55,55,MATCH,MATCH,2020-11-10T11:36:11,2020-11-10T11:36:11,MATCH
session1882|non_registered_export,non_registered_export,false,262,262,MATCH,49,49,MATCH,MATCH,2020-10-05T11:33:05,2020-10-05T11:33:05,MATCH
session1883|registered_export,registered_export,false,498,498,MATCH,95,95,MATCH,MATCH,2020-11-04T11:40:08,2020-11-04T11:40:08,MATCH
session1884|non_registered_export,non_registered_export,false,5,5,MATCH,25,25,MATCH,MATCH,2020-10-27T12:50:06,2020-10-27T12:50:06,MATCH
session1885|registered_export,registered_export,false,1424,1424,MATCH,138,138,MATCH,MATCH,2020-10-21T11:25:08,2020-10-21T11:25:08,MATCH
session1886|registered_export,registered_export,false,475,475,MATCH,68,68,MATCH,MATCH,2020-10-26T11:56:50,2020-10-26T11:56:50,MATCH
session1887|registered_export,registered_export,false,417,417,MATCH,88,88,MATCH,MATCH,2020-11-10T11:11:49,2020-11-10T11:11:49,MATCH
session1888|non_registered_export,non_registered_export,false,33,33,MATCH,0,0,MATCH,MATCH,2020-10-19T10:46:04,2020-10-19T10:46:04,MATCH
session1889|registered_export,registered_export,false,332,332,MATCH,70,70,MATCH,MATCH,2020-10-20T11:58:52,2020-10-20T11:58:52,MATCH
session188|registered_export,registered_export,false,291,291,MATCH,41,41,MATCH,MATCH,2020-10-15T11:54:21,2020-10-15T11:54:21,MATCH
session1890|non_registered_export,non_registered_export,false,293,293,MATCH,57,57,MATCH,MATCH,2020-10-05T12:53:05,2020-10-05T12:53:05,MATCH
session1891|non_registered_export,non_registered_export,false,3,3,MATCH,0,0,MATCH,MATCH,2020-10-26T11:37:57,2020-10-26T11:37:57,MATCH
session1892|non_registered_export,non_registered_export,false,578,578,MATCH,111,111,MATCH,MATCH,2020-11-13T10:55:58,2020-11-13T10:55:58,MATCH
session1893|registered_export,registered_export,false,539,539,MATCH,84,84,MATCH,MATCH,2020-11-13T10:31:14,2020-11-13T10:31:14,MATCH
session1894|non_registered_export,non_registered_export,false,422,422,MATCH,54,54,MATCH,MATCH,2020-11-13T12:14:47,2020-11-13T12:14:47,MATCH
session1895|registered_export,registered_export,false,1094,1094,MATCH,76,76,MATCH,MATCH,2020-10-21T11:08:44,2020-10-21T11:08:44,MATCH
session1896|non_registered_export,non_registered_export,false,794,794,MATCH,0,0,MATCH,MATCH,2020-11-13T12:27:07,2020-11-13T12:27:07,MATCH
session1897|registered_export,registered_export,false,378,378,MATCH,43,43,MATCH,MATCH,2020-10-19T10:37:23,2020-10-19T10:37:23,MATCH
session1898|registered_export,registered_export,false,634,634,MATCH,63,63,MATCH,MATCH,2020-11-06T11:11:59,2020-11-06T11:11:59,MATCH
session1899|non_registered_export,non_registered_export,false,37,37,MATCH,12,12,MATCH,MATCH,2020-10-20T10:53:27,2020-10-20T10:53:27,MATCH
session189|non_registered_export,non_registered_export,false,7,7,MATCH,41,41,MATCH,MATCH,2020-11-03T10:56:35,2020-11-03T10:56:35,MATCH
session18|non_registered_export,non_registered_export,false,324,324,MATCH,75,75,MATCH,MATCH,2020-10-21T11:22:30,2020-10-21T11:22:30,MATCH
session1900|registered_export,registered_export,false,345,345,MATCH,49,49,MATCH,MATCH,2020-10-13T12:21:54,2020-10-13T12:21:54,MATCH
session1901|non_registered_export,non_registered_export,false,386,386,MATCH,74,74,MATCH,MATCH,2020-10-13T11:53:06,2020-10-13T11:53:06,MATCH
session1902|registered_export,registered_export,false,693,693,MATCH,71,71,MATCH,MATCH,2020-11-04T10:57:34,2020-11-04T10:57:34,MATCH
session1903|registered_export,registered_export,false,614,614,MATCH,59,59,MATCH,MATCH,2020-11-03T11:29:57,2020-11-03T11:29:57,MATCH
session1904|non_registered_export,non_registered_export,false,2161,2161,MATCH,66,66,MATCH,MATCH,2020-11-05T11:03:16,2020-11-05T11:03:16,MATCH
session1905|non_registered_export,non_registered_export,false,100,100,MATCH,15,15,MATCH,MATCH,2020-11-09T11:19:52,2020-11-09T11:19:52,MATCH
session1906|registered_export,registered_export,false,540,540,MATCH,13,13,MATCH,MATCH,2020-10-21T10:35:43,2020-10-21T10:35:43,MATCH
session1907|registered_export,registered_export,false,441,441,MATCH,58,58,MATCH,MATCH,2020-11-06T11:00:36,2020-11-06T11:00:36,MATCH
session1908|non_registered_export,non_registered_export,false,407,407,MATCH,73,73,MATCH,MATCH,2020-10-19T10:57:25,2020-10-19T10:57:25,MATCH
session1909|non_registered_export,non_registered_export,false,2,2,MATCH,0,0,MATCH,MATCH,2020-10-23T12:21:13,2020-10-23T12:21:13,MATCH
session190|registered_export,registered_export,false,449,449,MATCH,59,59,MATCH,MATCH,2020-10-21T10:57:19,2020-10-21T10:57:19,MATCH
session1910|registered_export,registered_export,false,379,379,MATCH,78,78,MATCH,MATCH,2020-11-20T12:44:08,2020-11-20T12:44:08,MATCH
session1911|registered_export,registered_export,false,862,862,MATCH,54,54,MATCH,MATCH,2020-11-11T10:35:14,2020-11-11T10:35:14,MATCH
session1912|non_registered_export,non_registered_export,false,277,277,MATCH,0,0,MATCH,MATCH,2020-10-30T11:43:51,2020-10-30T11:43:51,MATCH
session1913|non_registered_export,non_registered_export,false,528,528,MATCH,33,33,MATCH,MATCH,2020-10-27T10:24:17,2020-10-27T10:24:17,MATCH
session1914|non_registered_export,non_registered_export,false,462,462,MATCH,107,107,MATCH,MATCH,2020-10-30T11:12:15,2020-10-30T11:12:15,MATCH
session1915|non_registered_export,non_registered_export,false,455,455,MATCH,66,66,MATCH,MATCH,2020-10-08T12:26:37,2020-10-08T12:26:37,MATCH
session1916|non_registered_export,non_registered_export,false,539,539,MATCH,103,103,MATCH,MATCH,2020-11-12T12:00:53,2020-11-12T12:00:53,MATCH
session1917|registered_export,registered_export,false,655,655,MATCH,49,49,MATCH,MATCH,2020-11-20T12:05:54,2020-11-20T12:05:54,MATCH
session1918|registered_export,registered_export,false,516,516,MATCH,104,104,MATCH,MATCH,2020-11-03T11:24:07,2020-11-03T11:24:07,MATCH
session1919|non_registered_export,non_registered_export,false,266,266,MATCH,20,20,MATCH,MATCH,2020-11-05T10:53:26,2020-11-05T10:53:26,MATCH
session191|non_registered_export,non_registered_export,false,11,11,MATCH,0,0,MATCH,MATCH,2020-10-15T10:50:33,2020-10-15T10:50:33,MATCH
session1920|registered_export,registered_export,false,300,300,MATCH,56,56,MATCH,MATCH,2020-11-06T10:47:37,2020-11-06T10:47:37,MATCH
session1921|registered_export,registered_export,false,894,894,MATCH,58,58,MATCH,MATCH,2020-10-27T11:57:31,2020-10-27T11:57:31,MATCH
session1922|non_registered_export,non_registered_export,false,6,6,MATCH,0,0,MATCH,MATCH,2020-11-02T11:40:01,2020-11-02T11:40:01,MATCH
session1923|non_registered_export,non_registered_export,false,206,206,MATCH,20,20,MATCH,MATCH,2020-11-06T10:50:19,2020-11-06T10:50:19,MATCH
session1924|non_registered_export,non_registered_export,false,79,79,MATCH,102,102,MATCH,MATCH,2020-10-15T12:30:19,2020-10-15T12:30:19,MATCH
session1925|registered_export,registered_export,false,372,372,MATCH,30,30,MATCH,MATCH,2020-11-20T12:23:50,2020-11-20T12:23:50,MATCH
session1926|non_registered_export,non_registered_export,false,469,469,MATCH,39,39,MATCH,MATCH,2020-10-20T12:14:23,2020-10-20T12:14:23,MATCH
session1927|registered_export,registered_export,false,369,369,MATCH,41,41,MATCH,MATCH,2020-10-19T10:47:43,2020-10-19T10:47:43,MATCH
session1928|non_registered_export,non_registered_export,false,3,3,MATCH,0,0,MATCH,MATCH,2020-10-22T10:34:35,2020-10-22T10:34:35,MATCH
session1929|registered_export,registered_export,false,306,306,MATCH,110,110,MATCH,MATCH,2020-11-20T12:17:11,2020-11-20T12:17:11,MATCH
session192|non_registered_export,non_registered_export,false,44,44,MATCH,0,0,MATCH,MATCH,2020-10-23T11:40:26,2020-10-23T11:40:26,MATCH
session1930|registered_export,registered_export,false,1569,1569,MATCH,112,112,MATCH,MATCH,2020-10-21T11:40:38,2020-10-21T11:40:38,MATCH
session1931|registered_export,registered_export,false,522,522,MATCH,74,74,MATCH,MATCH,2020-10-21T10:49:57,2020-10-21T10:49:57,MATCH
session1932|non_registered_export,non_registered_export,false,74,74,MATCH,6,6,MATCH,MATCH,2020-10-23T11:34:14,2020-10-23T11:34:14,MATCH
session1933|non_registered_export,non_registered_export,false,2,2,MATCH,0,0,MATCH,MATCH,2020-10-12T10:38:02,2020-10-12T10:38:02,MATCH
session1934|registered_export,registered_export,false,436,436,MATCH,46,46,MATCH,MATCH,2020-10-28T10:41:20,2020-10-28T10:41:20,MATCH
session1935|registered_export,registered_export,false,385,385,MATCH,64,64,MATCH,MATCH,2020-11-09T10:45:12,2020-11-09T10:45:12,MATCH
session1936|registered_export,registered_export,false,306,306,MATCH,52,52,MATCH,MATCH,2020-11-20T10:43:35,2020-11-20T10:43:35,MATCH
session1937|registered_export,registered_export,false,421,421,MATCH,65,65,MATCH,MATCH,2020-10-20T10:48:32,2020-10-20T10:48:32,MATCH
session1938|non_registered_export,non_registered_export,false,258,258,MATCH,0,0,MATCH,MATCH,2020-10-05T11:29:34,2020-10-05T11:29:34,MATCH
session1939|non_registered_export,non_registered_export,false,25,25,MATCH,0,0,MATCH,MATCH,2020-11-02T11:39:31,2020-11-02T11:39:31,MATCH
session193|registered_export,registered_export,false,458,458,MATCH,72,72,MATCH,MATCH,2020-10-21T12:02:40,2020-10-21T12:02:40,MATCH
session1940|registered_export,registered_export,false,560,560,MATCH,62,62,MATCH,MATCH,2020-11-03T11:13:40,2020-11-03T11:13:40,MATCH
session1941|registered_export,registered_export,false,479,479,MATCH,52,52,MATCH,MATCH,2020-11-17T12:05:22,2020-11-17T12:05:22,MATCH
session1942|registered_export,registered_export,false,449,449,MATCH,65,65,MATCH,MATCH,2020-10-27T11:40:09,2020-10-27T11:40:09,MATCH
session1943|non_registered_export,non_registered_export,false,9,9,MATCH,0,0,MATCH,MATCH,2020-11-06T11:48:11,2020-11-06T11:48:11,MATCH
session1944|registered_export,registered_export,false,596,596,MATCH,45,45,MATCH,MATCH,2020-11-03T11:52:22,2020-11-03T11:52:22,MATCH
session1945|non_registered_export,non_registered_export,false,1007,1007,MATCH,82,82,MATCH,MATCH,2020-10-14T11:29:06,2020-10-14T11:29:06,MATCH
session1946|non_registered_export,non_registered_export,false,173,173,MATCH,47,47,MATCH,MATCH,2020-10-19T11:05:05,2020-10-19T11:05:05,MATCH
session1947|non_registered_export,non_registered_export,false,164,164,MATCH,14,14,MATCH,MATCH,2020-11-12T12:10:24,2020-11-12T12:10:24,MATCH
session1948|non_registered_export,non_registered_export,false,792,792,MATCH,24,24,MATCH,MATCH,2020-10-29T12:33:39,2020-10-29T12:33:39,MATCH
session1949|registered_export,registered_export,false,473,473,MATCH,87,87,MATCH,MATCH,2020-11-06T11:55:10,2020-11-06T11:55:10,MATCH
session194|non_registered_export,non_registered_export,false,1,1,MATCH,0,0,MATCH,MATCH,2020-11-12T11:38:55,2020-11-12T11:38:55,MATCH
session1950|registered_export,registered_export,false,435,435,MATCH,74,74,MATCH,MATCH,2020-10-07T10:37:20,2020-10-07T10:37:20,MATCH
session1951|non_registered_export,non_registered_export,false,100,100,MATCH,18,18,MATCH,MATCH,2020-10-26T10:51:42,2020-10-26T10:51:42,MATCH
session1952|registered_export,registered_export,false,384,384,MATCH,100,100,MATCH,MATCH,2020-11-06T10:57:57,2020-11-06T10:57:57,MATCH
session1953|registered_export,registered_export,false,358,358,MATCH,60,60,MATCH,MATCH,2020-11-11T11:20:54,2020-11-11T11:20:54,MATCH
session1954|non_registered_export,non_registered_export,false,33,33,MATCH,34,34,MATCH,MATCH,2020-10-12T11:02:10,2020-10-12T11:02:10,MATCH
session1955|registered_export,registered_export,false,637,637,MATCH,107,107,MATCH,MATCH,2020-10-14T12:18:43,2020-10-14T12:18:43,MATCH
session1956|registered_export,registered_export,false,466,466,MATCH,90,90,MATCH,MATCH,2020-11-20T11:23:01,2020-11-20T11:23:01,MATCH
session1957|registered_export,registered_export,false,558,558,MATCH,62,62,MATCH,MATCH,2020-11-06T11:20:55,2020-11-06T11:20:55,MATCH
session1958|registered_export,registered_export,false,236,236,MATCH,39,39,MATCH,MATCH,2020-10-28T10:39:31,2020-10-28T10:39:31,MATCH
session1959|registered_export,registered_export,false,531,531,MATCH,71,71,MATCH,MATCH,2020-10-26T11:42:38,2020-10-26T11:42:38,MATCH
session195|registered_export,registered_export,false,610,610,MATCH,62,62,MATCH,MATCH,2020-10-26T11:36:50,2020-10-26T11:36:50,MATCH
session1960|non_registered_export,non_registered_export,false,1243,1243,MATCH,56,56,MATCH,MATCH,2020-10-21T10:41:28,2020-10-21T10:41:28,MATCH
session1961|non_registered_export,non_registered_export,false,8,8,MATCH,0,0,MATCH,MATCH,2020-10-16T11:36:54,2020-10-16T11:36:54,MATCH
session1962|non_registered_export,non_registered_export,false,48,48,MATCH,0,0,MATCH,MATCH,2020-10-22T11:49:46,2020-10-22T11:49:46,MATCH
session1963|registered_export,registered_export,false,1179,1179,MATCH,94,94,MATCH,MATCH,2020-11-20T11:54:04,2020-11-20T11:54:04,MATCH
session1964|non_registered_export,non_registered_export,false,310,310,MATCH,74,74,MATCH,MATCH,2020-11-02T11:53:11,2020-11-02T11:53:11,MATCH
session1965|registered_export,registered_export,false,702,702,MATCH,81,81,MATCH,MATCH,2020-10-12T11:27:07,2020-10-12T11:27:07,MATCH
session1966|non_registered_export,non_registered_export,false,3,3,MATCH,0,0,MATCH,MATCH,2020-11-02T11:24:00,2020-11-02T11:24:00,MATCH
session1967|registered_export,registered_export,false,409,409,MATCH,84,84,MATCH,MATCH,2020-10-27T12:05:32,2020-10-27T12:05:32,MATCH
session1968|registered_export,registered_export,false,583,583,MATCH,70,70,MATCH,MATCH,2020-11-09T10:41:05,2020-11-09T10:41:05,MATCH
session1969|registered_export,registered_export,false,652,652,MATCH,122,122,MATCH,MATCH,2020-10-14T12:11:48,2020-10-14T12:11:48,MATCH
session196|non_registered_export,non_registered_export,false,452,452,MATCH,112,112,MATCH,MATCH,2020-10-13T12:40:53,2020-10-13T12:40:53,MATCH
session1970|non_registered_export,non_registered_export,false,457,457,MATCH,25,25,MATCH,MATCH,2020-11-04T10:54:26,2020-11-04T10:54:26,MATCH
session1971|registered_export,registered_export,false,592,592,MATCH,58,58,MATCH,MATCH,2020-11-09T12:24:40,2020-11-09T12:24:40,MATCH
session1972|non_registered_export,non_registered_export,false,1151,1151,MATCH,0,0,MATCH,MATCH,2020-11-05T11:40:39,2020-11-05T11:40:39,MATCH
session1973|non_registered_export,non_registered_export,false,518,518,MATCH,85,85,MATCH,MATCH,2020-10-26T11:25:31,2020-10-26T11:25:31,MATCH
session1974|registered_export,registered_export,false,419,419,MATCH,46,46,MATCH,MATCH,2020-10-27T10:55:38,2020-10-27T10:55:38,MATCH
session1975|non_registered_export,non_registered_export,false,31,31,MATCH,0,0,MATCH,MATCH,2020-11-13T12:38:43,2020-11-13T12:38:43,MATCH
session1976|registered_export,registered_export,false,388,388,MATCH,74,74,MATCH,MATCH,2020-11-05T11:01:02,2020-11-05T11:01:02,MATCH
session1977|non_registered_export,non_registered_export,false,49,49,MATCH,46,46,MATCH,MATCH,2020-11-04T11:41:40,2020-11-04T11:41:40,MATCH
session1978|registered_export,registered_export,false,522,522,MATCH,80,80,MATCH,MATCH,2020-11-04T10:51:44,2020-11-04T10:51:44,MATCH
session1979|registered_export,registered_export,false,383,383,MATCH,56,56,MATCH,MATCH,2020-11-20T11:34:49,2020-11-20T11:34:49,MATCH
session197|non_registered_export,non_registered_export,false,595,595,MATCH,69,69,MATCH,MATCH,2020-10-15T10:50:30,2020-10-15T10:50:30,MATCH
session1980|non_registered_export,non_registered_export,false,23,23,MATCH,0,0,MATCH,MATCH,2020-10-08T11:31:58,2020-10-08T11:31:58,MATCH
session1981|non_registered_export,non_registered_export,false,16,16,MATCH,64,64,MATCH,MATCH,2020-11-02T11:35:43,2020-11-02T11:35:43,MATCH
session1982|registered_export,registered_export,false,437,437,MATCH,79,79,MATCH,MATCH,2020-10-06T12:20:35,2020-10-06T12:20:35,MATCH
session1983|non_registered_export,non_registered_export,false,330,330,MATCH,62,62,MATCH,MATCH,2020-10-30T12:12:04,2020-10-30T12:12:04,MATCH
session1984|non_registered_export,non_registered_export,false,118,118,MATCH,56,56,MATCH,MATCH,2020-11-09T10:41:25,2020-11-09T10:41:25,MATCH
session1985|registered_export,registered_export,false,397,397,MATCH,60,60,MATCH,MATCH,2020-10-20T11:18:50,2020-10-20T11:18:50,MATCH
session1986|non_registered_export,non_registered_export,false,3,3,MATCH,0,0,MATCH,MATCH,2020-11-02T11:19:47,2020-11-02T11:19:47,MATCH
session1987|registered_export,registered_export,false,416,416,MATCH,83,83,MATCH,MATCH,2020-10-27T11:11:38,2020-10-27T11:11:38,MATCH
session1988|registered_export,registered_export,false,1879,1879,MATCH,71,71,MATCH,MATCH,2020-10-05T10:59:33,2020-10-05T10:59:33,MATCH
session1989|registered_export,registered_export,false,103,103,MATCH,37,37,MATCH,MATCH,2020-11-04T10:38:52,2020-11-04T10:38:52,MATCH
session198|registered_export,registered_export,false,290,290,MATCH,63,63,MATCH,MATCH,2020-10-05T11:42:26,2020-10-05T11:42:26,MATCH
session1990|non_registered_export,non_registered_export,false,31,31,MATCH,0,0,MATCH,MATCH,2020-10-29T11:13:15,2020-10-29T11:13:15,MATCH
session1991|registered_export,registered_export,false,92,92,MATCH,46,46,MATCH,MATCH,2020-11-06T11:50:59,2020-11-06T11:50:59,MATCH
session1992|non_registered_export,non_registered_export,false,3,3,MATCH,0,0,MATCH,MATCH,2020-10-30T10:32:09,2020-10-30T10:32:09,MATCH
session1993|non_registered_export,non_registered_export,false,201,201,MATCH,0,0,MATCH,MATCH,2020-10-21T11:21:03,2020-10-21T11:21:03,MATCH
session1994|registered_export,registered_export,false,275,275,MATCH,50,50,MATCH,MATCH,2020-11-06T11:18:27,2020-11-06T11:18:27,MATCH
session1995|non_registered_export,non_registered_export,false,506,506,MATCH,9,9,MATCH,MATCH,2020-10-16T11:19:52,2020-10-16T11:19:52,MATCH
session1996|non_registered_export,non_registered_export,false,159,159,MATCH,39,39,MATCH,MATCH,2020-11-10T10:57:13,2020-11-10T10:57:13,MATCH
session1997|non_registered_export,non_registered_export,false,247,247,MATCH,0,0,MATCH,MATCH,2020-10-23T10:56:06,2020-10-23T10:56:06,MATCH
session1998|registered_export,registered_export,false,303,303,MATCH,89,89,MATCH,MATCH,2020-11-20T11:09:40,2020-11-20T11:09:40,MATCH
session1999|non_registered_export,non_registered_export,false,375,375,MATCH,49,49,MATCH,MATCH,2020-10-26T13:15:34,2020-10-26T13:15:34,MATCH
session199|non_registered_export,non_registered_export,false,27,27,MATCH,9,9,MATCH,MATCH,2020-10-20T11:35:34,2020-10-20T11:35:34,MATCH
session19|registered_export,registered_export,false,473,473,MATCH,65,65,MATCH,MATCH,2020-10-27T10:56:48,2020-10-27T10:56:48,MATCH
session1|non_registered_export,non_registered_export,false,609,609,MATCH,26,26,MATCH,MATCH,2020-10-29T13:06:50,2020-10-29T13:06:50,MATCH
session2000|non_registered_export,non_registered_export,false,250,250,MATCH,0,0,MATCH,MATCH,2020-10-16T12:39:18,2020-10-16T12:39:18,MATCH
session2001|non_registered_export,non_registered_export,false,5,5,MATCH,0,0,MATCH,MATCH,2020-10-29T11:12:14,2020-10-29T11:12:14,MATCH
session2002|non_registered_export,non_registered_export,false,286,286,MATCH,0,0,MATCH,MATCH,2020-11-04T11:29:07,2020-11-04T11:29:07,MATCH
session2003|registered_export,registered_export,false,2145,2145,MATCH,60,60,MATCH,MATCH,2020-10-21T12:15:07,2020-10-21T12:15:07,MATCH
session2004|non_registered_export,non_registered_export,false,3,3,MATCH,0,0,MATCH,MATCH,2020-11-10T10:34:14,2020-11-10T10:34:14,MATCH
session2005|non_registered_export,non_registered_export,false,13,13,MATCH,0,0,MATCH,MATCH,2020-11-03T11:12:35,2020-11-03T11:12:35,MATCH
session2006|non_registered_export,non_registered_export,false,1292,1292,MATCH,0,0,MATCH,MATCH,2020-11-09T13:07:54,2020-11-09T13:07:54,MATCH
session2007|registered_export,registered_export,false,685,685,MATCH,81,81,MATCH,MATCH,2020-10-26T10:37:35,2020-10-26T10:37:35,MATCH
session2008|non_registered_export,non_registered_export,false,273,273,MATCH,40,40,MATCH,MATCH,2020-10-28T11:41:32,2020-10-28T11:41:32,MATCH
session2009|non_registered_export,non_registered_export,false,5,5,MATCH,0,0,MATCH,MATCH,2020-11-12T11:05:19,2020-11-12T11:05:19,MATCH
session200|registered_export,registered_export,false,70,70,MATCH,8,8,MATCH,MATCH,2020-11-18T11:43:13,2020-11-18T11:43:13,MATCH
session2010|registered_export,registered_export,false,403,403,MATCH,51,51,MATCH,MATCH,2020-10-05T12:11:17,2020-10-05T12:11:17,MATCH
session2011|registered_export,registered_export,false,1279,1279,MATCH,69,69,MATCH,MATCH,2020-10-05T12:07:48,2020-10-05T12:07:48,MATCH
session2012|non_registered_export,non_registered_export,false,45,45,MATCH,35,35,MATCH,MATCH,2020-11-10T11:41:49,2020-11-10T11:41:49,MATCH
session2013|non_registered_export,non_registered_export,false,5,5,MATCH,0,0,MATCH,MATCH,2020-10-12T11:20:58,2020-10-12T11:20:58,MATCH
session2014|non_registered_export,non_registered_export,false,744,744,MATCH,59,59,MATCH,MATCH,2020-11-12T11:18:43,2020-11-12T11:18:43,MATCH
session2015|registered_export,registered_export,false,401,401,MATCH,81,81,MATCH,MATCH,2020-10-12T10:37:20,2020-10-12T10:37:20,MATCH
session2016|non_registered_export,non_registered_export,false,297,297,MATCH,59,59,MATCH,MATCH,2020-10-19T11:39:51,2020-10-19T11:39:51,MATCH
session2017|registered_export,registered_export,false,452,452,MATCH,108,108,MATCH,MATCH,2020-11-20T11:53:30,2020-11-20T11:53:30,MATCH
session2018|registered_export,registered_export,false,480,480,MATCH,76,76,MATCH,MATCH,2020-10-14T10:44:40,2020-10-14T10:44:40,MATCH
session2019|non_registered_export,non_registered_export,false,3,3,MATCH,0,0,MATCH,MATCH,2020-10-13T12:36:17,2020-10-13T12:36:17,MATCH
session201|non_registered_export,non_registered_export,false,572,572,MATCH,51,51,MATCH,MATCH,2020-10-15T13:00:33,2020-10-15T13:00:33,MATCH
session2020|non_registered_export,non_registered_export,false,7,7,MATCH,0,0,MATCH,MATCH,2020-11-09T11:22:50,2020-11-09T11:22:50,MATCH
session2021|non_registered_export,non_registered_export,false,89,89,MATCH,33,33,MATCH,MATCH,2020-10-09T12:32:53,2020-10-09T12:32:53,MATCH
session2022|registered_export,registered_export,false,495,495,MATCH,100,100,MATCH,MATCH,2020-10-14T11:18:45,2020-10-14T11:18:45,MATCH
session2023|registered_export,registered_export,false,597,597,MATCH,122,122,MATCH,MATCH,2020-10-21T11:25:56,2020-10-21T11:25:56,MATCH
session2024|registered_export,registered_export,false,1622,1622,MATCH,83,83,MATCH,MATCH,2020-11-10T12:31:17,2020-11-10T12:31:17,MATCH
session2025|non_registered_export,non_registered_export,false,98,98,MATCH,0,0,MATCH,MATCH,2020-11-05T12:59:25,2020-11-05T12:59:25,MATCH
session2026|non_registered_export,non_registered_export,false,2,2,MATCH,0,0,MATCH,MATCH,2020-10-15T11:52:31,2020-10-15T11:52:31,MATCH
session2027|registered_export,registered_export,false,640,640,MATCH,63,63,MATCH,MATCH,2020-10-05T10:33:07,2020-10-05T10:33:07,MATCH
session2028|registered_export,registered_export,false,499,499,MATCH,122,122,MATCH,MATCH,2020-11-03T11:28:50,2020-11-03T11:28:50,MATCH
session2029|registered_export,registered_export,false,438,438,MATCH,48,48,MATCH,MATCH,2020-11-11T11:06:36,2020-11-11T11:06:36,MATCH
session202|non_registered_export,non_registered_export,false,249,249,MATCH,48,48,MATCH,MATCH,2020-11-12T11:13:54,2020-11-12T11:13:54,MATCH
session2030|non_registered_export,non_registered_export,false,554,554,MATCH,62,62,MATCH,MATCH,2020-10-12T10:47:28,2020-10-12T10:47:28,MATCH
session2031|registered_export,registered_export,false,643,643,MATCH,74,74,MATCH,MATCH,2020-10-14T11:39:34,2020-10-14T11:39:34,MATCH
session2032|non_registered_export,non_registered_export,false,1725,1725,MATCH,37,37,MATCH,MATCH,2020-10-22T11:04:47,2020-10-22T11:04:47,MATCH
session2033|registered_export,registered_export,false,551,551,MATCH,69,69,MATCH,MATCH,2020-11-10T10:50:58,2020-11-10T10:50:58,MATCH
session2034|registered_export,registered_export,false,787,787,MATCH,63,63,MATCH,MATCH,2020-11-11T10:47:12,2020-11-11T10:47:12,MATCH
session2035|non_registered_export,non_registered_export,false,868,868,MATCH,93,93,MATCH,MATCH,2020-10-29T13:04:54,2020-10-29T13:04:54,MATCH
session2036|registered_export,registered_export,false,710,710,MATCH,84,84,MATCH,MATCH,2020-11-16T11:09:00,2020-11-16T11:09:00,MATCH
session2037|non_registered_export,non_registered_export,false,685,685,MATCH,19,19,MATCH,MATCH,2020-10-26T11:10:47,2020-10-26T11:10:47,MATCH
session2038|registered_export,registered_export,false,319,319,MATCH,63,63,MATCH,MATCH,2020-10-12T11:39:00,2020-10-12T11:39:00,MATCH
session2039|non_registered_export,non_registered_export,false,62,62,MATCH,0,0,MATCH,MATCH,2020-11-03T11:09:52,2020-11-03T11:09:52,MATCH
session203|non_registered_export,non_registered_export,false,43,43,MATCH,23,23,MATCH,MATCH,2020-10-07T11:21:29,2020-10-07T11:21:29,MATCH
session2040|registered_export,registered_export,false,514,514,MATCH,109,109,MATCH,MATCH,2020-11-04T12:03:35,2020-11-04T12:03:35,MATCH
session2041|registered_export,registered_export,false,357,357,MATCH,79,79,MATCH,MATCH,2020-10-20T11:48:13,2020-10-20T11:48:13,MATCH
session2042|non_registered_export,non_registered_export,false,1032,1032,MATCH,83,83,MATCH,MATCH,2020-10-27T10:37:46,2020-10-27T10:37:46,MATCH
session2043|registered_export,registered_export,false,640,640,MATCH,88,88,MATCH,MATCH,2020-10-13T11:33:04,2020-10-13T11:33:04,MATCH
session2044|non_registered_export,non_registered_export,false,58,58,MATCH,58,58,MATCH,MATCH,2020-10-30T11:39:58,2020-10-30T11:39:58,MATCH
session2045|registered_export,registered_export,false,403,403,MATCH,44,44,MATCH,MATCH,2020-10-07T12:04:24,2020-10-07T12:04:24,MATCH
session2046|registered_export,registered_export,false,579,579,MATCH,72,72,MATCH,MATCH,2020-11-10T12:22:21,2020-11-10T12:22:21,MATCH
session2047|registered_export,registered_export,false,670,670,MATCH,95,95,MATCH,MATCH,2020-11-09T11:21:40,2020-11-09T11:21:40,MATCH
session2048|non_registered_export,non_registered_export,false,126,126,MATCH,67,67,MATCH,MATCH,2020-10-12T13:15:11,2020-10-12T13:15:11,MATCH
session2049|registered_export,registered_export,false,467,467,MATCH,42,42,MATCH,MATCH,2020-10-12T11:18:21,2020-10-12T11:18:21,MATCH
session204|non_registered_export,non_registered_export,false,854,854,MATCH,84,84,MATCH,MATCH,2020-10-09T11:33:13,2020-10-09T11:33:13,MATCH
session2050|non_registered_export,non_registered_export,false,70,70,MATCH,15,15,MATCH,MATCH,2020-10-16T11:04:34,2020-10-16T11:04:34,MATCH
session2051|non_registered_export,non_registered_export,false,405,405,MATCH,0,0,MATCH,MATCH,2020-10-16T11:54:59,2020-10-16T11:54:59,MATCH
session2052|registered_export,registered_export,false,546,546,MATCH,68,68,MATCH,MATCH,2020-11-03T10:58:39,2020-11-03T10:58:39,MATCH
session2053|non_registered_export,non_registered_export,false,15,15,MATCH,0,0,MATCH,MATCH,2020-11-12T11:03:34,2020-11-12T11:03:34,MATCH
session2054|registered_export,registered_export,false,559,559,MATCH,83,83,MATCH,MATCH,2020-11-04T11:11:43,2020-11-04T11:11:43,MATCH
session2055|registered_export,registered_export,false,429,429,MATCH,55,55,MATCH,MATCH,2020-11-16T12:05:07,2020-11-16T12:05:07,MATCH
session2056|registered_export,registered_export,false,529,529,MATCH,79,79,MATCH,MATCH,2020-10-26T10:47:20,2020-10-26T10:47:20,MATCH
session2057|registered_export,registered_export,false,689,689,MATCH,64,64,MATCH,MATCH,2020-10-20T12:06:21,2020-10-20T12:06:21,MATCH
session2058|registered_export,registered_export,false,465,465,MATCH,74,74,MATCH,MATCH,2020-10-13T10:45:37,2020-10-13T10:45:37,MATCH
session2059|non_registered_export,non_registered_export,false,194,194,MATCH,80,80,MATCH,MATCH,2020-10-26T11:27:54,2020-10-26T11:27:54,MATCH
session205|registered_export,registered_export,false,351,351,MATCH,57,57,MATCH,MATCH,2020-11-20T10:32:55,2020-11-20T10:32:55,MATCH
session2060|non_registered_export,non_registered_export,false,553,553,MATCH,51,51,MATCH,MATCH,2020-10-19T11:36:34,2020-10-19T11:36:34,MATCH
session2061|non_registered_export,non_registered_export,false,190,190,MATCH,37,37,MATCH,MATCH,2020-10-20T13:16:59,2020-10-20T13:16:59,MATCH
session2062|registered_export,registered_export,false,447,447,MATCH,57,57,MATCH,MATCH,2020-11-11T11:55:24,2020-11-11T11:55:24,MATCH
session2063|registered_export,registered_export,false,763,763,MATCH,91,91,MATCH,MATCH,2020-10-27T12:51:10,2020-10-27T12:51:10,MATCH
session2064|registered_export,registered_export,false,364,364,MATCH,103,103,MATCH,MATCH,2020-10-13T11:13:16,2020-10-13T11:13:16,MATCH
session2065|registered_export,registered_export,false,491,491,MATCH,50,50,MATCH,MATCH,2020-11-03T11:27:37,2020-11-03T11:27:37,MATCH
session2066|registered_export,registered_export,false,453,453,MATCH,74,74,MATCH,MATCH,2020-11-10T11:14:41,2020-11-10T11:14:41,MATCH
session2067|non_registered_export,non_registered_export,false,193,193,MATCH,25,25,MATCH,MATCH,2020-10-09T11:30:40,2020-10-09T11:30:40,MATCH
session2068|non_registered_export,non_registered_export,false,351,351,MATCH,82,82,MATCH,MATCH,2020-10-14T13:14:18,2020-10-14T13:14:18,MATCH
session2069|registered_export,registered_export,false,747,747,MATCH,74,74,MATCH,MATCH,2020-11-10T12:10:34,2020-11-10T12:10:34,MATCH
session206|registered_export,registered_export,false,398,398,MATCH,88,88,MATCH,MATCH,2020-10-19T11:20:37,2020-10-19T11:20:37,MATCH
session2070|non_registered_export,non_registered_export,false,127,127,MATCH,0,0,MATCH,MATCH,2020-10-06T12:03:57,2020-10-06T12:03:57,MATCH
session2071|registered_export,registered_export,false,300,300,MATCH,86,86,MATCH,MATCH,2020-10-21T11:31:41,2020-10-21T11:31:41,MATCH
session2072|non_registered_export,non_registered_export,false,129,129,MATCH,31,31,MATCH,MATCH,2020-10-09T12:45:00,2020-10-09T12:45:00,MATCH
session2073|non_registered_export,non_registered_export,false,561,561,MATCH,24,24,MATCH,MATCH,2020-11-11T10:57:39,2020-11-11T10:57:39,MATCH
session2074|registered_export,registered_export,false,156,156,MATCH,42,42,MATCH,MATCH,2020-11-10T12:11:12,2020-11-10T12:11:12,MATCH
session2075|registered_export,registered_export,false,408,408,MATCH,60,60,MATCH,MATCH,2020-10-21T10:49:23,2020-10-21T10:49:23,MATCH
session2076|non_registered_export,non_registered_export,false,35,35,MATCH,0,0,MATCH,MATCH,2020-10-29T11:00:09,2020-10-29T11:00:09,MATCH
session2077|non_registered_export,non_registered_export,false,43,43,MATCH,0,0,MATCH,MATCH,2020-11-03T11:29:07,2020-11-03T11:29:07,MATCH
session2078|registered_export,registered_export,false,1762,1762,MATCH,105,105,MATCH,MATCH,2020-10-26T11:43:46,2020-10-26T11:43:46,MATCH
session2079|registered_export,registered_export,false,1091,1091,MATCH,63,63,MATCH,MATCH,2020-10-07T11:14:49,2020-10-07T11:14:49,MATCH
session207|non_registered_export,non_registered_export,false,853,853,MATCH,0,0,MATCH,MATCH,2020-10-19T12:56:59,2020-10-19T12:56:59,MATCH
session2080|registered_export,registered_export,false,229,229,MATCH,99,99,MATCH,MATCH,2020-10-06T11:27:20,2020-10-06T11:27:20,MATCH
session2081|non_registered_export,non_registered_export,false,363,363,MATCH,0,0,MATCH,MATCH,2020-11-02T11:24:01,2020-11-02T11:24:01,MATCH
session2082|non_registered_export,non_registered_export,false,376,376,MATCH,96,96,MATCH,MATCH,2020-10-14T10:47:16,2020-10-14T10:47:16,MATCH
session2083|registered_export,registered_export,false,605,605,MATCH,88,88,MATCH,MATCH,2020-10-20T10:48:19,2020-10-20T10:48:19,MATCH
session2084|non_registered_export,non_registered_export,false,4,4,MATCH,0,0,MATCH,MATCH,2020-11-09T11:00:25,2020-11-09T11:00:25,MATCH
session2085|registered_export,registered_export,false,414,414,MATCH,53,53,MATCH,MATCH,2020-10-20T10:34:41,2020-10-20T10:34:41,MATCH
session2086|registered_export,registered_export,false,560,560,MATCH,50,50,MATCH,MATCH,2020-11-20T11:26:02,2020-11-20T11:26:02,MATCH
session2087|registered_export,registered_export,false,534,534,MATCH,65,65,MATCH,MATCH,2020-11-11T11:47:55,2020-11-11T11:47:55,MATCH
session2088|non_registered_export,non_registered_export,false,958,958,MATCH,0,0,MATCH,MATCH,2020-11-03T12:56:50,2020-11-03T12:56:50,MATCH
session2089|registered_export,registered_export,false,1153,1153,MATCH,102,102,MATCH,MATCH,2020-10-26T12:15:19,2020-10-26T12:15:19,MATCH
session208|non_registered_export,non_registered_export,false,1,1,MATCH,0,0,MATCH,MATCH,2020-11-13T10:54:57,2020-11-13T10:54:57,MATCH
session2090|registered_export,registered_export,false,350,350,MATCH,78,78,MATCH,MATCH,2020-10-27T10:42:56,2020-10-27T10:42:56,MATCH
session2091|registered_export,registered_export,false,560,560,MATCH,48,48,MATCH,MATCH,2020-11-09T10:33:32,2020-11-09T10:33:32,MATCH
session2092|registered_export,registered_export,false,541,541,MATCH,110,110,MATCH,MATCH,2020-10-27T10:58:09,2020-10-27T10:58:09,MATCH
session2093|registered_export,registered_export,false,476,476,MATCH,72,72,MATCH,MATCH,2020-10-13T11:10:44,2020-10-13T11:10:44,MATCH
session2094|non_registered_export,non_registered_export,false,414,414,MATCH,70,70,MATCH,MATCH,2020-10-21T11:06:12,2020-10-21T11:06:12,MATCH
session2095|non_registered_export,non_registered_export,false,345,345,MATCH,30,30,MATCH,MATCH,2020-10-20T11:53:30,2020-10-20T11:53:30,MATCH
session2096|non_registered_export,non_registered_export,false,263,263,MATCH,38,38,MATCH,MATCH,2020-10-30T11:06:17,2020-10-30T11:06:17,MATCH
session2097|registered_export,registered_export,false,460,460,MATCH,115,115,MATCH,MATCH,2020-11-06T10:31:05,2020-11-06T10:31:05,MATCH
session2098|non_registered_export,non_registered_export,false,379,379,MATCH,0,0,MATCH,MATCH,2020-10-28T12:11:44,2020-10-28T12:11:44,MATCH
session2099|non_registered_export,non_registered_export,false,950,950,MATCH,50,50,MATCH,MATCH,2020-10-13T11:58:48,2020-10-13T11:58:48,MATCH
session209|non_registered_export,non_registered_export,false,3,3,MATCH,0,0,MATCH,MATCH,2020-11-11T11:27:39,2020-11-11T11:27:39,MATCH
session20|registered_export,registered_export,false,479,479,MATCH,96,96,MATCH,MATCH,2020-10-27T12:20:13,2020-10-27T12:20:13,MATCH
session2100|non_registered_export,non_registered_export,false,87,87,MATCH,0,0,MATCH,MATCH,2020-10-08T10:42:14,2020-10-08T10:42:14,MATCH
session2101|registered_export,registered_export,false,422,422,MATCH,84,84,MATCH,MATCH,2020-10-21T11:03:55,2020-10-21T11:03:55,MATCH
session2102|registered_export,registered_export,false,1434,1434,MATCH,94,94,MATCH,MATCH,2020-11-11T11:43:02,2020-11-11T11:43:02,MATCH
session2103|non_registered_export,non_registered_export,false,322,322,MATCH,0,0,MATCH,MATCH,2020-10-08T11:33:27,2020-10-08T11:33:27,MATCH
session2104|registered_export,registered_export,false,2307,2307,MATCH,71,71,MATCH,MATCH,2020-10-12T10:35:02,2020-10-12T10:35:02,MATCH
session2105|registered_export,registered_export,false,544,544,MATCH,91,91,MATCH,MATCH,2020-11-20T11:18:42,2020-11-20T11:18:42,MATCH
session2106|non_registered_export,non_registered_export,false,1283,1283,MATCH,28,28,MATCH,MATCH,2020-10-12T12:37:25,2020-10-12T12:37:25,MATCH
session2107|registered_export,registered_export,false,1139,1139,MATCH,107,107,MATCH,MATCH,2020-10-27T12:09:53,2020-10-27T12:09:53,MATCH
session2108|non_registered_export,non_registered_export,false,305,305,MATCH,35,35,MATCH,MATCH,2020-10-19T11:10:42,2020-10-19T11:10:42,MATCH
session2109|non_registered_export,non_registered_export,false,118,118,MATCH,21,21,MATCH,MATCH,2020-10-30T11:46:31,2020-10-30T11:46:31,MATCH
session210|non_registered_export,non_registered_export,false,50,50,MATCH,82,82,MATCH,MATCH,2020-11-02T12:25:03,2020-11-02T12:25:03,MATCH
session2110|non_registered_export,non_registered_export,false,1196,1196,MATCH,64,64,MATCH,MATCH,2020-11-02T11:43:37,2020-11-02T11:43:37,MATCH
session2111|registered_export,registered_export,false,1538,1538,MATCH,1796,1796,MATCH,MATCH,2020-11-04T10:49:30,2020-11-04T10:49:30,MATCH
session2112|non_registered_export,non_registered_export,false,38,38,MATCH,38,38,MATCH,MATCH,2020-10-23T11:27:34,2020-10-23T11:27:34,MATCH
session2113|registered_export,registered_export,false,815,815,MATCH,92,92,MATCH,MATCH,2020-10-20T10:47:40,2020-10-20T10:47:40,MATCH
session2114|non_registered_export,non_registered_export,false,1692,1692,MATCH,73,73,MATCH,MATCH,2020-11-12T11:27:28,2020-11-12T11:27:28,MATCH
session2115|registered_export,registered_export,false,411,411,MATCH,81,81,MATCH,MATCH,2020-10-12T10:35:32,2020-10-12T10:35:32,MATCH
session2116|registered_export,registered_export,false,482,482,MATCH,93,93,MATCH,MATCH,2020-11-04T10:41:48,2020-11-04T10:41:48,MATCH
session2117|registered_export,registered_export,false,409,409,MATCH,85,85,MATCH,MATCH,2020-10-26T10:32:08,2020-10-26T10:32:08,MATCH
session2118|non_registered_export,non_registered_export,false,186,186,MATCH,24,24,MATCH,MATCH,2020-11-02T11:55:21,2020-11-02T11:55:21,MATCH
session2119|registered_export,registered_export,false,461,461,MATCH,84,84,MATCH,MATCH,2020-11-10T11:13:02,2020-11-10T11:13:02,MATCH
session211|registered_export,registered_export,false,622,622,MATCH,64,64,MATCH,MATCH,2020-11-09T11:30:02,2020-11-09T11:30:02,MATCH
session2120|registered_export,registered_export,false,1577,1577,MATCH,2323,2323,MATCH,MATCH,2020-11-04T10:43:16,2020-11-04T10:43:16,MATCH
session2121|registered_export,registered_export,false,560,560,MATCH,84,84,MATCH,MATCH,2020-10-13T11:52:46,2020-10-13T11:52:46,MATCH
session2122|non_registered_export,non_registered_export,false,181,181,MATCH,22,22,MATCH,MATCH,2020-10-29T11:56:48,2020-10-29T11:56:48,MATCH
session2123|registered_export,registered_export,false,555,555,MATCH,40,40,MATCH,MATCH,2020-10-05T11:31:25,2020-10-05T11:31:25,MATCH
session2124|non_registered_export,non_registered_export,false,349,349,MATCH,82,82,MATCH,MATCH,2020-11-03T10:31:54,2020-11-03T10:31:54,MATCH
session2125|registered_export,registered_export,false,365,365,MATCH,73,73,MATCH,MATCH,2020-10-27T11:10:23,2020-10-27T11:10:23,MATCH
session2126|non_registered_export,non_registered_export,false,498,498,MATCH,48,48,MATCH,MATCH,2020-10-05T10:47:45,2020-10-05T10:47:45,MATCH
session2127|registered_export,registered_export,false,391,391,MATCH,51,51,MATCH,MATCH,2020-10-28T11:45:13,2020-10-28T11:45:13,MATCH
session2128|registered_export,registered_export,false,695,695,MATCH,22,22,MATCH,MATCH,2020-11-10T11:04:33,2020-11-10T11:04:33,MATCH
session2129|registered_export,registered_export,false,1208,1208,MATCH,70,70,MATCH,MATCH,2020-10-13T11:10:06,2020-10-13T11:10:06,MATCH
session212|registered_export,registered_export,false,1891,1891,MATCH,140,140,MATCH,MATCH,2020-11-11T11:37:03,2020-11-11T11:37:03,MATCH
session2130|registered_export,registered_export,false,446,446,MATCH,63,63,MATCH,MATCH,2020-10-14T11:07:24,2020-10-14T11:07:24,MATCH
session2131|registered_export,registered_export,false,382,382,MATCH,62,62,MATCH,MATCH,2020-10-19T11:01:47,2020-10-19T11:01:47,MATCH
session2132|registered_export,registered_export,false,121,121,MATCH,0,0,MATCH,MATCH,2020-11-06T12:18:14,2020-11-06T12:18:14,MATCH
session2133|registered_export,registered_export,false,1085,1085,MATCH,101,101,MATCH,MATCH,2020-10-20T12:27:30,2020-10-20T12:27:30,MATCH
session2134|non_registered_export,non_registered_export,false,124,124,MATCH,38,38,MATCH,MATCH,2020-11-10T10:36:20,2020-11-10T10:36:20,MATCH
session2135|registered_export,registered_export,false,399,399,MATCH,51,51,MATCH,MATCH,2020-10-16T11:36:09,2020-10-16T11:36:09,MATCH
session2136|registered_export,registered_export,false,389,389,MATCH,54,54,MATCH,MATCH,2020-10-05T11:57:21,2020-10-05T11:57:21,MATCH
session2137|registered_export,registered_export,false,596,596,MATCH,131,131,MATCH,MATCH,2020-10-14T12:10:09,2020-10-14T12:10:09,MATCH
session2138|registered_export,registered_export,false,392,392,MATCH,37,37,MATCH,MATCH,2020-10-26T11:31:11,2020-10-26T11:31:11,MATCH
session2139|registered_export,registered_export,false,583,583,MATCH,41,41,MATCH,MATCH,2020-11-06T10:41:21,2020-11-06T10:41:21,MATCH
session213|registered_export,registered_export,false,376,376,MATCH,105,105,MATCH,MATCH,2020-10-20T10:42:46,2020-10-20T10:42:46,MATCH
session2140|registered_export,registered_export,false,861,861,MATCH,86,86,MATCH,MATCH,2020-11-20T11:48:25,2020-11-20T11:48:25,MATCH
session2141|non_registered_export,non_registered_export,false,251,251,MATCH,54,54,MATCH,MATCH,2020-11-02T12:26:28,2020-11-02T12:26:28,MATCH
session2142|non_registered_export,non_registered_export,false,352,352,MATCH,66,66,MATCH,MATCH,2020-10-29T11:58:30,2020-10-29T11:58:30,MATCH
session2143|non_registered_export,non_registered_export,false,695,695,MATCH,0,0,MATCH,MATCH,2020-11-10T10:46:07,2020-11-10T10:46:07,MATCH
session2144|registered_export,registered_export,false,511,511,MATCH,72,72,MATCH,MATCH,2020-10-19T11:35:07,2020-10-19T11:35:07,MATCH
session2145|non_registered_export,non_registered_export,false,4,4,MATCH,6,6,MATCH,MATCH,2020-10-27T11:39:27,2020-10-27T11:39:27,MATCH
session2146|registered_export,registered_export,false,512,512,MATCH,53,53,MATCH,MATCH,2020-11-04T11:25:51,2020-11-04T11:25:51,MATCH
session2147|registered_export,registered_export,false,519,519,MATCH,121,121,MATCH,MATCH,2020-11-11T11:47:43,2020-11-11T11:47:43,MATCH
session2148|registered_export,registered_export,false,345,345,MATCH,78,78,MATCH,MATCH,2020-11-20T12:29:16,2020-11-20T12:29:16,MATCH
session2149|non_registered_export,non_registered_export,false,27,27,MATCH,0,0,MATCH,MATCH,2020-10-14T13:01:45,2020-10-14T13:01:45,MATCH
session214|registered_export,registered_export,false,96,96,MATCH,31,31,MATCH,MATCH,2020-11-09T11:41:28,2020-11-09T11:41:28,MATCH
session2150|non_registered_export,non_registered_export,false,191,191,MATCH,73,73,MATCH,MATCH,2020-10-27T12:02:28,2020-10-27T12:02:28,MATCH
session2151|registered_export,registered_export,false,453,453,MATCH,97,97,MATCH,MATCH,2020-11-20T10:50:42,2020-11-20T10:50:42,MATCH
session2152|non_registered_export,non_registered_export,false,405,405,MATCH,85,85,MATCH,MATCH,2020-10-21T11:52:51,2020-10-21T11:52:51,MATCH
session2153|registered_export,registered_export,false,301,301,MATCH,43,43,MATCH,MATCH,2020-11-06T11:01:53,2020-11-06T11:01:53,MATCH
session2154|non_registered_export,non_registered_export,false,590,590,MATCH,33,33,MATCH,MATCH,2020-10-23T10:37:37,2020-10-23T10:37:37,MATCH
session2155|registered_export,registered_export,false,474,474,MATCH,54,54,MATCH,MATCH,2020-10-13T11:44:56,2020-10-13T11:44:56,MATCH
session2156|non_registered_export,non_registered_export,false,2,2,MATCH,0,0,MATCH,MATCH,2020-10-21T10:30:11,2020-10-21T10:30:11,MATCH
session2157|non_registered_export,non_registered_export,false,144,144,MATCH,27,27,MATCH,MATCH,2020-10-16T10:34:49,2020-10-16T10:34:49,MATCH
session2158|non_registered_export,non_registered_export,false,213,213,MATCH,35,35,MATCH,MATCH,2020-10-14T13:18:11,2020-10-14T13:18:11,MATCH
session2159|non_registered_export,non_registered_export,false,168,168,MATCH,51,51,MATCH,MATCH,2020-10-05T12:17:29,2020-10-05T12:17:29,MATCH
session215|non_registered_export,non_registered_export,false,856,856,MATCH,27,27,MATCH,MATCH,2020-10-27T11:12:29,2020-10-27T11:12:29,MATCH
session2160|registered_export,registered_export,false,477,477,MATCH,45,45,MATCH,MATCH,2020-10-05T11:31:04,2020-10-05T11:31:04,MATCH
session2161|registered_export,registered_export,false,519,519,MATCH,68,68,MATCH,MATCH,2020-10-05T10:44:33,2020-10-05T10:44:33,MATCH
session2162|non_registered_export,non_registered_export,false,130,130,MATCH,0,0,MATCH,MATCH,2020-10-15T12:05:33,2020-10-15T12:05:33,MATCH
session2163|non_registered_export,non_registered_export,false,681,681,MATCH,79,79,MATCH,MATCH,2020-10-30T11:43:26,2020-10-30T11:43:26,MATCH
session2164|registered_export,registered_export,false,533,533,MATCH,71,71,MATCH,MATCH,2020-11-11T10:39:16,2020-11-11T10:39:16,MATCH
session2165|non_registered_export,non_registered_export,false,89,89,MATCH,0,0,MATCH,MATCH,2020-11-04T12:27:28,2020-11-04T12:27:28,MATCH
session2166|non_registered_export,non_registered_export,false,6,6,MATCH,0,0,MATCH,MATCH,2020-10-14T11:29:34,2020-10-14T11:29:34,MATCH
session2167|non_registered_export,non_registered_export,false,383,383,MATCH,0,0,MATCH,MATCH,2020-10-12T11:31:02,2020-10-12T11:31:02,MATCH
session2168|non_registered_export,non_registered_export,false,235,235,MATCH,73,73,MATCH,MATCH,2020-11-04T11:04:18,2020-11-04T11:04:18,MATCH
session2169|registered_export,registered_export,false,434,434,MATCH,68,68,MATCH,MATCH,2020-10-13T11:06:03,2020-10-13T11:06:03,MATCH
session216|non_registered_export,non_registered_export,false,478,478,MATCH,69,69,MATCH,MATCH,2020-11-13T11:03:23,2020-11-13T11:03:23,MATCH
session2170|registered_export,registered_export,false,313,313,MATCH,15,15,MATCH,MATCH,2020-10-21T10:59:47,2020-10-21T10:59:47,MATCH
session2171|non_registered_export,non_registered_export,false,363,363,MATCH,12,12,MATCH,MATCH,2020-11-13T12:51:03,2020-11-13T12:51:03,MATCH
session2172|registered_export,registered_export,false,497,497,MATCH,50,50,MATCH,MATCH,2020-10-06T12:16:13,2020-10-06T12:16:13,MATCH
session2173|non_registered_export,non_registered_export,false,270,270,MATCH,115,115,MATCH,MATCH,2020-10-16T10:37:31,2020-10-16T10:37:31,MATCH
session2174|registered_export,registered_export,false,414,414,MATCH,120,120,MATCH,MATCH,2020-10-14T11:11:15,2020-10-14T11:11:15,MATCH
session2175|non_registered_export,non_registered_export,false,240,240,MATCH,54,54,MATCH,MATCH,2020-10-30T10:32:19,2020-10-30T10:32:19,MATCH
session2176|registered_export,registered_export,false,746,746,MATCH,83,83,MATCH,MATCH,2020-11-18T11:10:16,2020-11-18T11:10:16,MATCH
session2177|registered_export,registered_export,false,217,217,MATCH,59,59,MATCH,MATCH,2020-10-13T11:41:23,2020-10-13T11:41:23,MATCH
session2178|registered_export,registered_export,false,756,756,MATCH,85,85,MATCH,MATCH,2020-11-04T11:51:39,2020-11-04T11:51:39,MATCH
session2179|registered_export,registered_export,false,406,406,MATCH,51,51,MATCH,MATCH,2020-11-02T12:01:29,2020-11-02T12:01:29,MATCH
session217|registered_export,registered_export,false,2041,2041,MATCH,129,129,MATCH,MATCH,2020-11-12T11:23:15,2020-11-12T11:23:15,MATCH
session2180|non_registered_export,non_registered_export,false,18,18,MATCH,71,71,MATCH,MATCH,2020-10-20T11:38:46,2020-10-20T11:38:46,MATCH
session2181|registered_export,registered_export,false,424,424,MATCH,77,77,MATCH,MATCH,2020-11-03T11:59:55,2020-11-03T11:59:55,MATCH
session2182|non_registered_export,non_registered_export,false,1,1,MATCH,0,0,MATCH,MATCH,2020-11-05T10:45:53,2020-11-05T10:45:53,MATCH
session2183|non_registered_export,non_registered_export,false,1,1,MATCH,0,0,MATCH,MATCH,2020-10-14T11:27:22,2020-10-14T11:27:22,MATCH
session2184|non_registered_export,non_registered_export,false,1467,1467,MATCH,82,82,MATCH,MATCH,2020-10-15T12:43:58,2020-10-15T12:43:58,MATCH
session2185|non_registered_export,non_registered_export,false,3,3,MATCH,0,0,MATCH,MATCH,2020-11-06T12:21:46,2020-11-06T12:21:46,MATCH
session2186|non_registered_export,non_registered_export,false,348,348,MATCH,0,0,MATCH,MATCH,2020-10-05T11:35:30,2020-10-05T11:35:30,MATCH
session2187|non_registered_export,non_registered_export,false,235,235,MATCH,54,54,MATCH,MATCH,2020-10-22T11:22:42,2020-10-22T11:22:42,MATCH
session2188|registered_export,registered_export,false,768,768,MATCH,291,291,MATCH,MATCH,2020-11-02T11:45:42,2020-11-02T11:45:42,MATCH
session2189|registered_export,registered_export,false,601,601,MATCH,40,40,MATCH,MATCH,2020-11-19T11:10:02,2020-11-19T11:10:02,MATCH
session218|registered_export,registered_export,false,541,541,MATCH,50,50,MATCH,MATCH,2020-11-06T11:07:54,2020-11-06T11:07:54,MATCH
session2190|non_registered_export,non_registered_export,false,483,483,MATCH,0,0,MATCH,MATCH,2020-10-05T11:29:08,2020-10-05T11:29:08,MATCH
session2191|registered_export,registered_export,false,145,145,MATCH,0,0,MATCH,MATCH,2020-10-05T11:23:26,2020-10-05T11:23:26,MATCH
session2192|registered_export,registered_export,false,405,405,MATCH,98,98,MATCH,MATCH,2020-10-27T11:33:59,2020-10-27T11:33:59,MATCH
session2193|non_registered_export,non_registered_export,false,466,466,MATCH,0,0,MATCH,MATCH,2020-10-07T10:40:53,2020-10-07T10:40:53,MATCH
session2194|registered_export,registered_export,false,682,682,MATCH,94,94,MATCH,MATCH,2020-11-20T11:22:34,2020-11-20T11:22:34,MATCH
session2195|non_registered_export,non_registered_export,false,341,341,MATCH,46,46,MATCH,MATCH,2020-10-07T10:45:32,2020-10-07T10:45:32,MATCH
session2196|non_registered_export,non_registered_export,false,435,435,MATCH,0,0,MATCH,MATCH,2020-10-29T11:44:53,2020-10-29T11:44:53,MATCH
session2197|registered_export,registered_export,false,296,296,MATCH,51,51,MATCH,MATCH,2020-11-04T11:17:27,2020-11-04T11:17:27,MATCH
session2198|non_registered_export,non_registered_export,false,1567,1567,MATCH,166,166,MATCH,MATCH,2020-10-23T12:27:24,2020-10-23T12:27:24,MATCH
session2199|registered_export,registered_export,false,296,296,MATCH,33,33,MATCH,MATCH,2020-11-06T10:56:01,2020-11-06T10:56:01,MATCH
session219|registered_export,registered_export,false,680,680,MATCH,98,98,MATCH,MATCH,2020-10-14T11:10:37,2020-10-14T11:10:37,MATCH
session21|non_registered_export,non_registered_export,false,3,3,MATCH,0,0,MATCH,MATCH,2020-11-03T11:50:11,2020-11-03T11:50:11,MATCH
session2200|non_registered_export,non_registered_export,false,14,14,MATCH,0,0,MATCH,MATCH,2020-10-07T12:39:54,2020-10-07T12:39:54,MATCH
session2201|registered_export,registered_export,false,1579,1579,MATCH,80,80,MATCH,MATCH,2020-11-20T10:37:02,2020-11-20T10:37:02,MATCH
session2202|non_registered_export,non_registered_export,false,176,176,MATCH,31,31,MATCH,MATCH,2020-10-30T11:05:42,2020-10-30T11:05:42,MATCH
session2203|non_registered_export,non_registered_export,false,85,85,MATCH,14,14,MATCH,MATCH,2020-11-09T11:09:50,2020-11-09T11:09:50,MATCH
session2204|non_registered_export,non_registered_export,false,2,2,MATCH,0,0,MATCH,MATCH,2020-10-28T12:10:57,2020-10-28T12:10:57,MATCH
session2205|non_registered_export,non_registered_export,false,715,715,MATCH,58,58,MATCH,MATCH,2020-10-14T10:36:08,2020-10-14T10:36:08,MATCH
session2206|non_registered_export,non_registered_export,false,462,462,MATCH,55,55,MATCH,MATCH,2020-11-05T10:43:21,2020-11-05T10:43:21,MATCH
session2207|registered_export,registered_export,false,643,643,MATCH,57,57,MATCH,MATCH,2020-11-11T11:48:11,2020-11-11T11:48:11,MATCH
session2208|registered_export,registered_export,false,652,652,MATCH,137,137,MATCH,MATCH,2020-11-03T10:49:22,2020-11-03T10:49:22,MATCH
session2209|registered_export,registered_export,false,433,433,MATCH,99,99,MATCH,MATCH,2020-10-12T11:43:40,2020-10-12T11:43:40,MATCH
session220|non_registered_export,non_registered_export,false,192,192,MATCH,77,77,MATCH,MATCH,2020-10-27T11:31:44,2020-10-27T11:31:44,MATCH
session2210|registered_export,registered_export,false,418,418,MATCH,57,57,MATCH,MATCH,2020-10-26T12:18:36,2020-10-26T12:18:36,MATCH
session2211|non_registered_export,non_registered_export,false,3,3,MATCH,0,0,MATCH,MATCH,2020-10-22T11:48:45,2020-10-22T11:48:45,MATCH
session2212|non_registered_export,non_registered_export,false,1148,1148,MATCH,0,0,MATCH,MATCH,2020-10-12T11:45:13,2020-10-12T11:45:13,MATCH
session2213|registered_export,registered_export,false,740,740,MATCH,65,65,MATCH,MATCH,2020-11-17T10:56:20,2020-11-17T10:56:20,MATCH
session2214|registered_export,registered_export,false,421,421,MATCH,45,45,MATCH,MATCH,2020-10-12T11:39:41,2020-10-12T11:39:41,MATCH
session2215|non_registered_export,non_registered_export,false,653,653,MATCH,0,0,MATCH,MATCH,2020-10-23T13:09:08,2020-10-23T13:09:08,MATCH
session2216|registered_export,registered_export,false,654,654,MATCH,59,59,MATCH,MATCH,2020-11-03T10:56:52,2020-11-03T10:56:52,MATCH
session2217|registered_export,registered_export,false,599,599,MATCH,75,75,MATCH,MATCH,2020-10-21T11:35:47,2020-10-21T11:35:47,MATCH
session2218|registered_export,registered_export,false,46,46,MATCH,0,0,MATCH,MATCH,2020-10-26T11:12:46,2020-10-26T11:12:46,MATCH
session2219|non_registered_export,non_registered_export,false,360,360,MATCH,19,19,MATCH,MATCH,2020-10-16T10:33:06,2020-10-16T10:33:06,MATCH
session221|non_registered_export,non_registered_export,false,1161,1161,MATCH,0,0,MATCH,MATCH,2020-11-11T11:03:14,2020-11-11T11:03:14,MATCH
session2220|non_registered_export,non_registered_export,false,184,184,MATCH,106,106,MATCH,MATCH,2020-10-08T11:49:10,2020-10-08T11:49:10,MATCH
session2221|registered_export,registered_export,false,3033,3033,MATCH,51,51,MATCH,MATCH,2020-11-09T11:07:06,2020-11-09T11:07:06,MATCH
session2222|non_registered_export,non_registered_export,false,355,355,MATCH,66,66,MATCH,MATCH,2020-11-11T10:35:49,2020-11-11T10:35:49,MATCH
session2223|non_registered_export,non_registered_export,false,255,255,MATCH,68,68,MATCH,MATCH,2020-11-11T11:45:18,2020-11-11T11:45:18,MATCH
session2224|registered_export,registered_export,false,687,687,MATCH,99,99,MATCH,MATCH,2020-10-08T13:00:43,2020-10-08T13:00:43,MATCH
session2225|registered_export,registered_export,false,483,483,MATCH,64,64,MATCH,MATCH,2020-10-26T10:42:57,2020-10-26T10:42:57,MATCH
session2226|non_registered_export,non_registered_export,false,13,13,MATCH,38,38,MATCH,MATCH,2020-11-05T11:05:24,2020-11-05T11:05:24,MATCH
session2227|non_registered_export,non_registered_export,false,107,107,MATCH,0,0,MATCH,MATCH,2020-10-30T11:40:01,2020-10-30T11:40:01,MATCH
session2228|registered_export,registered_export,false,334,334,MATCH,30,30,MATCH,MATCH,2020-10-06T11:18:40,2020-10-06T11:18:40,MATCH
session2229|registered_export,registered_export,false,1439,1439,MATCH,2772,2772,MATCH,MATCH,2020-10-27T11:02:48,2020-10-27T11:02:48,MATCH
session222|registered_export,registered_export,false,703,703,MATCH,74,74,MATCH,MATCH,2020-10-21T10:38:41,2020-10-21T10:38:41,MATCH
session2230|non_registered_export,non_registered_export,false,30,30,MATCH,27,27,MATCH,MATCH,2020-10-22T12:41:10,2020-10-22T12:41:10,MATCH
session2231|non_registered_export,non_registered_export,false,5,5,MATCH,0,0,MATCH,MATCH,2020-10-27T12:25:47,2020-10-27T12:25:47,MATCH
session2232|registered_export,registered_export,false,324,324,MATCH,42,42,MATCH,MATCH,2020-10-26T11:05:10,2020-10-26T11:05:10,MATCH
session2233|non_registered_export,non_registered_export,false,175,175,MATCH,27,27,MATCH,MATCH,2020-10-06T10:44:45,2020-10-06T10:44:45,MATCH
session2234|non_registered_export,non_registered_export,false,476,476,MATCH,47,47,MATCH,MATCH,2020-10-16T10:30:10,2020-10-16T10:30:10,MATCH
session2235|non_registered_export,non_registered_export,false,7,7,MATCH,27,27,MATCH,MATCH,2020-10-30T12:08:48,2020-10-30T12:08:48,MATCH
session2236|registered_export,registered_export,false,3,3,MATCH,0,0,MATCH,MATCH,2020-11-17T10:59:14,2020-11-17T10:59:14,MATCH
session2237|non_registered_export,non_registered_export,false,3,3,MATCH,0,0,MATCH,MATCH,2020-10-12T11:51:00,2020-10-12T11:51:00,MATCH
session2238|registered_export,registered_export,false,636,636,MATCH,81,81,MATCH,MATCH,2020-10-05T11:42:44,2020-10-05T11:42:44,MATCH
session2239|non_registered_export,non_registered_export,false,981,981,MATCH,0,0,MATCH,MATCH,2020-10-26T13:20:15,2020-10-26T13:20:15,MATCH
session223|registered_export,registered_export,false,397,397,MATCH,86,86,MATCH,MATCH,2020-10-27T10:56:19,2020-10-27T10:56:19,MATCH
session2240|registered_export,registered_export,false,396,396,MATCH,60,60,MATCH,MATCH,2020-11-06T11:06:29,2020-11-06T11:06:29,MATCH
session2241|registered_export,registered_export,false,481,481,MATCH,61,61,MATCH,MATCH,2020-11-10T10:51:13,2020-11-10T10:51:13,MATCH
session2242|non_registered_export,non_registered_export,false,111,111,MATCH,0,0,MATCH,MATCH,2020-11-12T12:28:15,2020-11-12T12:28:15,MATCH
session2243|non_registered_export,non_registered_export,false,5,5,MATCH,20,20,MATCH,MATCH,2020-10-20T12:13:35,2020-10-20T12:13:35,MATCH
session2244|non_registered_export,non_registered_export,false,226,226,MATCH,0,0,MATCH,MATCH,2020-11-10T10:31:58,2020-11-10T10:31:58,MATCH
session2245|non_registered_export,non_registered_export,false,10,10,MATCH,36,36,MATCH,MATCH,2020-10-19T11:05:06,2020-10-19T11:05:06,MATCH
session2246|registered_export,registered_export,false,346,346,MATCH,57,57,MATCH,MATCH,2020-11-09T11:47:06,2020-11-09T11:47:06,MATCH
session2247|non_registered_export,non_registered_export,false,1031,1031,MATCH,100,100,MATCH,MATCH,2020-11-10T11:29:28,2020-11-10T11:29:28,MATCH
session2248|registered_export,registered_export,false,352,352,MATCH,56,56,MATCH,MATCH,2020-10-28T11:43:49,2020-10-28T11:43:49,MATCH
session2249|registered_export,registered_export,false,560,560,MATCH,79,79,MATCH,MATCH,2020-10-05T11:41:59,2020-10-05T11:41:59,MATCH
session224|non_registered_export,non_registered_export,false,188,188,MATCH,36,36,MATCH,MATCH,2020-10-09T11:10:09,2020-10-09T11:10:09,MATCH
session2250|registered_export,registered_export,false,609,609,MATCH,89,89,MATCH,MATCH,2020-10-21T11:18:26,2020-10-21T11:18:26,MATCH
session2251|non_registered_export,non_registered_export,false,32,32,MATCH,0,0,MATCH,MATCH,2020-11-04T11:48:03,2020-11-04T11:48:03,MATCH
session2252|non_registered_export,non_registered_export,false,119,119,MATCH,0,0,MATCH,MATCH,2020-10-19T12:30:46,2020-10-19T12:30:46,MATCH
session2253|registered_export,registered_export,false,483,483,MATCH,50,50,MATCH,MATCH,2020-11-04T12:05:58,2020-11-04T12:05:58,MATCH
session2254|non_registered_export,non_registered_export,false,14,14,MATCH,12,12,MATCH,MATCH,2020-10-20T10:51:21,2020-10-20T10:51:21,MATCH
session2255|non_registered_export,non_registered_export,false,788,788,MATCH,30,30,MATCH,MATCH,2020-10-19T11:48:06,2020-10-19T11:48:06,MATCH
session2256|non_registered_export,non_registered_export,false,182,182,MATCH,30,30,MATCH,MATCH,2020-10-28T11:37:22,2020-10-28T11:37:22,MATCH
session2257|non_registered_export,non_registered_export,false,27,27,MATCH,41,41,MATCH,MATCH,2020-10-28T11:41:29,2020-10-28T11:41:29,MATCH
session2258|non_registered_export,non_registered_export,false,5,5,MATCH,23,23,MATCH,MATCH,2020-10-22T13:29:21,2020-10-22T13:29:21,MATCH
session2259|registered_export,registered_export,false,235,235,MATCH,82,82,MATCH,MATCH,2020-10-30T11:20:49,2020-10-30T11:20:49,MATCH
session225|registered_export,registered_export,false,494,494,MATCH,60,60,MATCH,MATCH,2020-10-14T11:36:58,2020-10-14T11:36:58,MATCH
session2260|non_registered_export,non_registered_export,false,3,3,MATCH,0,0,MATCH,MATCH,2020-11-03T11:23:30,2020-11-03T11:23:30,MATCH
session2261|non_registered_export,non_registered_export,false,1646,1646,MATCH,98,98,MATCH,MATCH,2020-10-08T11:51:41,2020-10-08T11:51:41,MATCH
session2262|registered_export,registered_export,false,402,402,MATCH,61,61,MATCH,MATCH,2020-11-17T11:14:19,2020-11-17T11:14:19,MATCH
session2263|registered_export,registered_export,false,431,431,MATCH,81,81,MATCH,MATCH,2020-11-18T12:34:07,2020-11-18T12:34:07,MATCH
session2264|non_registered_export,non_registered_export,false,250,250,MATCH,10,10,MATCH,MATCH,2020-10-21T11:00:59,2020-10-21T11:00:59,MATCH
session2265|non_registered_export,non_registered_export,false,141,141,MATCH,17,17,MATCH,MATCH,2020-10-09T10:55:29,2020-10-09T10:55:29,MATCH
session2266|non_registered_export,non_registered_export,true,,461,EXCLUDED_QUARANTINED,64,64,MATCH,MATCH,2020-11-09T11:35:38,2020-11-09T11:35:38,MATCH
session2266|registered_export,registered_export,true,,461,EXCLUDED_QUARANTINED,64,64,MATCH,MATCH,2020-11-09T11:35:38,2020-11-09T11:35:38,MATCH
session2267|non_registered_export,non_registered_export,false,241,241,MATCH,0,0,MATCH,MATCH,2020-10-20T11:48:57,2020-10-20T11:48:57,MATCH
session2268|non_registered_export,non_registered_export,false,5,5,MATCH,0,0,MATCH,MATCH,2020-10-09T11:23:43,2020-10-09T11:23:43,MATCH
session2269|non_registered_export,non_registered_export,false,83,83,MATCH,0,0,MATCH,MATCH,2020-10-07T10:35:16,2020-10-07T10:35:16,MATCH
session226|registered_export,registered_export,false,1136,1136,MATCH,54,54,MATCH,MATCH,2020-11-09T10:58:58,2020-11-09T10:58:58,MATCH
session2270|non_registered_export,non_registered_export,false,1209,1209,MATCH,53,53,MATCH,MATCH,2020-10-22T11:03:25,2020-10-22T11:03:25,MATCH
session2271|registered_export,registered_export,false,612,612,MATCH,72,72,MATCH,MATCH,2020-10-28T11:21:14,2020-10-28T11:21:14,MATCH
session2272|non_registered_export,non_registered_export,false,419,419,MATCH,29,29,MATCH,MATCH,2020-10-13T12:20:39,2020-10-13T12:20:39,MATCH
session2273|non_registered_export,non_registered_export,false,732,732,MATCH,77,77,MATCH,MATCH,2020-10-08T11:50:14,2020-10-08T11:50:14,MATCH
session2274|non_registered_export,non_registered_export,false,2,2,MATCH,0,0,MATCH,MATCH,2020-11-13T11:05:26,2020-11-13T11:05:26,MATCH
session2275|non_registered_export,non_registered_export,false,174,174,MATCH,0,0,MATCH,MATCH,2020-11-06T11:49:36,2020-11-06T11:49:36,MATCH
session2276|non_registered_export,non_registered_export,false,273,273,MATCH,55,55,MATCH,MATCH,2020-10-08T12:19:03,2020-10-08T12:19:03,MATCH
session2277|non_registered_export,non_registered_export,false,776,776,MATCH,0,0,MATCH,MATCH,2020-11-10T11:31:49,2020-11-10T11:31:49,MATCH
session2278|non_registered_export,non_registered_export,false,1282,1282,MATCH,90,90,MATCH,MATCH,2020-11-10T12:52:08,2020-11-10T12:52:08,MATCH
session2279|registered_export,registered_export,false,302,302,MATCH,43,43,MATCH,MATCH,2020-10-13T10:52:46,2020-10-13T10:52:46,MATCH
session227|non_registered_export,non_registered_export,false,1403,1403,MATCH,110,110,MATCH,MATCH,2020-11-09T11:32:46,2020-11-09T11:32:46,MATCH
session2280|non_registered_export,non_registered_export,false,196,196,MATCH,60,60,MATCH,MATCH,2020-10-28T10:37:03,2020-10-28T10:37:03,MATCH
session2281|registered_export,registered_export,false,576,576,MATCH,104,104,MATCH,MATCH,2020-11-12T10:56:05,2020-11-12T10:56:05,MATCH
session2282|non_registered_export,non_registered_export,false,416,416,MATCH,15,15,MATCH,MATCH,2020-11-05T11:37:09,2020-11-05T11:37:09,MATCH
session2283|registered_export,registered_export,false,384,384,MATCH,42,42,MATCH,MATCH,2020-10-27T10:34:51,2020-10-27T10:34:51,MATCH
session2284|non_registered_export,non_registered_export,false,1033,1033,MATCH,163,163,MATCH,MATCH,2020-11-12T11:40:05,2020-11-12T11:40:05,MATCH
session2285|registered_export,registered_export,false,632,632,MATCH,63,63,MATCH,MATCH,2020-10-21T10:32:58,2020-10-21T10:32:58,MATCH
session2286|non_registered_export,non_registered_export,false,33,33,MATCH,0,0,MATCH,MATCH,2020-11-09T11:37:21,2020-11-09T11:37:21,MATCH
session2287|registered_export,registered_export,false,337,337,MATCH,61,61,MATCH,MATCH,2020-11-18T11:31:10,2020-11-18T11:31:10,MATCH
session2288|non_registered_export,non_registered_export,false,73,73,MATCH,63,63,MATCH,MATCH,2020-11-10T11:41:45,2020-11-10T11:41:45,MATCH
session2289|non_registered_export,non_registered_export,false,447,447,MATCH,43,43,MATCH,MATCH,2020-11-02T11:38:56,2020-11-02T11:38:56,MATCH
session228|registered_export,registered_export,false,496,496,MATCH,73,73,MATCH,MATCH,2020-10-28T10:54:34,2020-10-28T10:54:34,MATCH
session2290|non_registered_export,non_registered_export,false,1028,1028,MATCH,0,0,MATCH,MATCH,2020-10-29T11:59:05,2020-10-29T11:59:05,MATCH
session2291|registered_export,registered_export,false,404,404,MATCH,59,59,MATCH,MATCH,2020-11-09T12:05:00,2020-11-09T12:05:00,MATCH
session2292|registered_export,registered_export,false,597,597,MATCH,99,99,MATCH,MATCH,2020-10-27T10:35:43,2020-10-27T10:35:43,MATCH
session2293|registered_export,registered_export,false,434,434,MATCH,76,76,MATCH,MATCH,2020-11-09T11:53:46,2020-11-09T11:53:46,MATCH
session2294|non_registered_export,non_registered_export,false,375,375,MATCH,96,96,MATCH,MATCH,2020-10-06T12:03:19,2020-10-06T12:03:19,MATCH
session2295|registered_export,registered_export,false,553,553,MATCH,154,154,MATCH,MATCH,2020-11-20T12:12:10,2020-11-20T12:12:10,MATCH
session2296|registered_export,registered_export,false,284,284,MATCH,70,70,MATCH,MATCH,2020-11-03T11:27:46,2020-11-03T11:27:46,MATCH
session2297|non_registered_export,non_registered_export,false,14,14,MATCH,10,10,MATCH,MATCH,2020-10-14T11:35:24,2020-10-14T11:35:24,MATCH
session2298|registered_export,registered_export,false,1080,1080,MATCH,46,46,MATCH,MATCH,2020-10-13T10:40:30,2020-10-13T10:40:30,MATCH
session2299|non_registered_export,non_registered_export,false,251,251,MATCH,89,89,MATCH,MATCH,2020-10-27T12:06:11,2020-10-27T12:06:11,MATCH
session229|non_registered_export,non_registered_export,false,101,101,MATCH,0,0,MATCH,MATCH,2020-10-09T11:12:10,2020-10-09T11:12:10,MATCH
session22|non_registered_export,non_registered_export,false,531,531,MATCH,70,70,MATCH,MATCH,2020-10-29T12:23:24,2020-10-29T12:23:24,MATCH
session2300|registered_export,registered_export,false,482,482,MATCH,97,97,MATCH,MATCH,2020-11-04T12:00:18,2020-11-04T12:00:18,MATCH
session2301|registered_export,registered_export,false,600,600,MATCH,52,52,MATCH,MATCH,2020-10-13T12:22:23,2020-10-13T12:22:23,MATCH
session2302|non_registered_export,non_registered_export,false,729,729,MATCH,85,85,MATCH,MATCH,2020-10-05T12:51:45,2020-10-05T12:51:45,MATCH
session2303|registered_export,registered_export,false,989,989,MATCH,99,99,MATCH,MATCH,2020-10-06T11:11:49,2020-10-06T11:11:49,MATCH
session2304|non_registered_export,non_registered_export,false,1142,1142,MATCH,61,61,MATCH,MATCH,2020-10-27T10:37:04,2020-10-27T10:37:04,MATCH
session2305|registered_export,registered_export,false,2203,2203,MATCH,112,112,MATCH,MATCH,2020-10-20T11:53:27,2020-10-20T11:53:27,MATCH
session2306|registered_export,registered_export,false,294,294,MATCH,56,56,MATCH,MATCH,2020-10-06T11:23:08,2020-10-06T11:23:08,MATCH
session2307|registered_export,registered_export,false,1538,1538,MATCH,94,94,MATCH,MATCH,2020-11-03T11:33:21,2020-11-03T11:33:21,MATCH
session2308|registered_export,registered_export,false,365,365,MATCH,42,42,MATCH,MATCH,2020-10-19T10:44:57,2020-10-19T10:44:57,MATCH
session2309|non_registered_export,non_registered_export,false,616,616,MATCH,91,91,MATCH,MATCH,2020-10-14T13:20:59,2020-10-14T13:20:59,MATCH
session230|registered_export,registered_export,false,588,588,MATCH,66,66,MATCH,MATCH,2020-11-10T11:53:41,2020-11-10T11:53:41,MATCH
session2310|registered_export,registered_export,false,1105,1105,MATCH,91,91,MATCH,MATCH,2020-10-13T11:14:08,2020-10-13T11:14:08,MATCH
session2311|non_registered_export,non_registered_export,false,24,24,MATCH,13,13,MATCH,MATCH,2020-10-14T11:00:05,2020-10-14T11:00:05,MATCH
session2312|registered_export,registered_export,false,401,401,MATCH,46,46,MATCH,MATCH,2020-11-03T11:53:22,2020-11-03T11:53:22,MATCH
session2313|registered_export,registered_export,false,458,458,MATCH,68,68,MATCH,MATCH,2020-10-26T11:28:42,2020-10-26T11:28:42,MATCH
session2314|non_registered_export,non_registered_export,false,121,121,MATCH,34,34,MATCH,MATCH,2020-10-28T11:16:39,2020-10-28T11:16:39,MATCH
session2315|registered_export,registered_export,false,1053,1053,MATCH,76,76,MATCH,MATCH,2020-10-28T11:23:17,2020-10-28T11:23:17,MATCH
session2316|non_registered_export,non_registered_export,false,1,1,MATCH,0,0,MATCH,MATCH,2020-10-22T11:59:05,2020-10-22T11:59:05,MATCH
session2317|registered_export,registered_export,false,448,448,MATCH,53,53,MATCH,MATCH,2020-10-07T11:00:36,2020-10-07T11:00:36,MATCH
session2318|registered_export,registered_export,false,376,376,MATCH,58,58,MATCH,MATCH,2020-10-28T11:19:36,2020-10-28T11:19:36,MATCH
session2319|non_registered_export,non_registered_export,false,364,364,MATCH,62,62,MATCH,MATCH,2020-11-09T11:47:36,2020-11-09T11:47:36,MATCH
session231|registered_export,registered_export,false,450,450,MATCH,81,81,MATCH,MATCH,2020-11-20T10:39:29,2020-11-20T10:39:29,MATCH
session2320|non_registered_export,non_registered_export,false,459,459,MATCH,76,76,MATCH,MATCH,2020-10-26T10:31:35,2020-10-26T10:31:35,MATCH
session2321|non_registered_export,non_registered_export,false,8,8,MATCH,0,0,MATCH,MATCH,2020-11-09T11:10:50,2020-11-09T11:10:50,MATCH
session2322|registered_export,registered_export,false,4,4,MATCH,0,0,MATCH,MATCH,2020-11-06T11:18:55,2020-11-06T11:18:55,MATCH
session2323|non_registered_export,non_registered_export,false,3,3,MATCH,0,0,MATCH,MATCH,2020-10-05T10:28:14,2020-10-05T10:28:14,MATCH
session2324|non_registered_export,non_registered_export,false,252,252,MATCH,0,0,MATCH,MATCH,2020-10-06T10:50:51,2020-10-06T10:50:51,MATCH
session2325|non_registered_export,non_registered_export,false,36,36,MATCH,11,11,MATCH,MATCH,2020-10-27T12:28:41,2020-10-27T12:28:41,MATCH
session2326|registered_export,registered_export,false,624,624,MATCH,94,94,MATCH,MATCH,2020-10-12T12:16:20,2020-10-12T12:16:20,MATCH
session2327|non_registered_export,non_registered_export,false,9,9,MATCH,12,12,MATCH,MATCH,2020-11-04T11:00:44,2020-11-04T11:00:44,MATCH
session2328|registered_export,registered_export,false,377,377,MATCH,82,82,MATCH,MATCH,2020-10-21T10:39:35,2020-10-21T10:39:35,MATCH
session2329|non_registered_export,non_registered_export,false,1,1,MATCH,0,0,MATCH,MATCH,2020-10-20T11:27:47,2020-10-20T11:27:47,MATCH
session232|non_registered_export,non_registered_export,false,798,798,MATCH,0,0,MATCH,MATCH,2020-10-22T12:56:06,2020-10-22T12:56:06,MATCH
session2330|non_registered_export,non_registered_export,false,969,969,MATCH,70,70,MATCH,MATCH,2020-11-06T12:03:10,2020-11-06T12:03:10,MATCH
session2331|registered_export,registered_export,false,433,433,MATCH,93,93,MATCH,MATCH,2020-11-10T11:54:32,2020-11-10T11:54:32,MATCH
session2332|non_registered_export,non_registered_export,false,359,359,MATCH,33,33,MATCH,MATCH,2020-10-27T11:16:37,2020-10-27T11:16:37,MATCH
session2333|non_registered_export,non_registered_export,false,1020,1020,MATCH,59,59,MATCH,MATCH,2020-11-11T11:00:08,2020-11-11T11:00:08,MATCH
session2334|registered_export,registered_export,false,281,281,MATCH,38,38,MATCH,MATCH,2020-10-13T10:29:35,2020-10-13T10:29:35,MATCH
session2335|registered_export,registered_export,false,548,548,MATCH,50,50,MATCH,MATCH,2020-11-10T10:40:54,2020-11-10T10:40:54,MATCH
session2336|non_registered_export,non_registered_export,false,198,198,MATCH,41,41,MATCH,MATCH,2020-11-06T11:35:10,2020-11-06T11:35:10,MATCH
session2337|registered_export,registered_export,false,522,522,MATCH,48,48,MATCH,MATCH,2020-10-26T12:06:33,2020-10-26T12:06:33,MATCH
session2338|non_registered_export,non_registered_export,false,3,3,MATCH,0,0,MATCH,MATCH,2020-10-05T11:59:13,2020-10-05T11:59:13,MATCH
session2339|registered_export,registered_export,false,486,486,MATCH,545,545,MATCH,MATCH,2020-11-11T11:54:19,2020-11-11T11:54:19,MATCH
session233|non_registered_export,non_registered_export,false,82,82,MATCH,0,0,MATCH,MATCH,2020-10-29T11:00:10,2020-10-29T11:00:10,MATCH
session2340|non_registered_export,non_registered_export,false,236,236,MATCH,38,38,MATCH,MATCH,2020-10-08T11:45:26,2020-10-08T11:45:26,MATCH
session2341|registered_export,registered_export,false,964,964,MATCH,66,66,MATCH,MATCH,2020-11-04T11:35:12,2020-11-04T11:35:12,MATCH
session2342|registered_export,registered_export,false,535,535,MATCH,76,76,MATCH,MATCH,2020-10-27T11:09:33,2020-10-27T11:09:33,MATCH
session2343|non_registered_export,non_registered_export,false,879,879,MATCH,71,71,MATCH,MATCH,2020-11-10T10:55:28,2020-11-10T10:55:28,MATCH
session2344|registered_export,registered_export,false,715,715,MATCH,65,65,MATCH,MATCH,2020-10-14T12:10:59,2020-10-14T12:10:59,MATCH
session2345|non_registered_export,non_registered_export,false,84,84,MATCH,47,47,MATCH,MATCH,2020-11-12T12:29:00,2020-11-12T12:29:00,MATCH
session2346|non_registered_export,non_registered_export,false,361,361,MATCH,0,0,MATCH,MATCH,2020-10-21T13:13:16,2020-10-21T13:13:16,MATCH
session2347|registered_export,registered_export,false,478,478,MATCH,63,63,MATCH,MATCH,2020-10-27T12:00:31,2020-10-27T12:00:31,MATCH
session2348|non_registered_export,non_registered_export,false,115,115,MATCH,0,0,MATCH,MATCH,2020-10-27T11:55:29,2020-10-27T11:55:29,MATCH
session2349|registered_export,registered_export,false,520,520,MATCH,91,91,MATCH,MATCH,2020-11-20T11:08:35,2020-11-20T11:08:35,MATCH
session234|registered_export,registered_export,false,425,425,MATCH,73,73,MATCH,MATCH,2020-11-11T11:14:10,2020-11-11T11:14:10,MATCH
session2350|non_registered_export,non_registered_export,false,6,6,MATCH,0,0,MATCH,MATCH,2020-11-09T12:02:23,2020-11-09T12:02:23,MATCH
session2351|non_registered_export,non_registered_export,false,32,32,MATCH,52,52,MATCH,MATCH,2020-10-13T12:14:29,2020-10-13T12:14:29,MATCH
session2352|registered_export,registered_export,false,895,895,MATCH,75,75,MATCH,MATCH,2020-11-03T11:00:08,2020-11-03T11:00:08,MATCH
session2353|non_registered_export,non_registered_export,false,300,300,MATCH,48,48,MATCH,MATCH,2020-10-23T10:36:49,2020-10-23T10:36:49,MATCH
session2354|registered_export,registered_export,false,388,388,MATCH,33,33,MATCH,MATCH,2020-10-28T11:22:59,2020-10-28T11:22:59,MATCH
session2355|non_registered_export,non_registered_export,false,434,434,MATCH,0,0,MATCH,MATCH,2020-10-16T11:17:21,2020-10-16T11:17:21,MATCH
session2356|registered_export,registered_export,false,272,272,MATCH,95,95,MATCH,MATCH,2020-10-13T12:11:56,2020-10-13T12:11:56,MATCH
session2357|non_registered_export,non_registered_export,false,1308,1308,MATCH,42,42,MATCH,MATCH,2020-10-23T10:52:26,2020-10-23T10:52:26,MATCH
session2358|registered_export,registered_export,false,719,719,MATCH,57,57,MATCH,MATCH,2020-10-14T10:48:47,2020-10-14T10:48:47,MATCH
session2359|registered_export,registered_export,false,535,535,MATCH,100,100,MATCH,MATCH,2020-10-27T10:54:04,2020-10-27T10:54:04,MATCH
session235|registered_export,registered_export,false,583,583,MATCH,85,85,MATCH,MATCH,2020-11-03T11:06:19,2020-11-03T11:06:19,MATCH
session2360|registered_export,registered_export,false,474,474,MATCH,65,65,MATCH,MATCH,2020-11-10T11:35:31,2020-11-10T11:35:31,MATCH
session2361|non_registered_export,non_registered_export,false,1132,1132,MATCH,82,82,MATCH,MATCH,2020-10-14T11:56:32,2020-10-14T11:56:32,MATCH
session2362|non_registered_export,non_registered_export,false,480,480,MATCH,60,60,MATCH,MATCH,2020-10-27T11:58:34,2020-10-27T11:58:34,MATCH
session2363|registered_export,registered_export,false,449,449,MATCH,82,82,MATCH,MATCH,2020-11-10T11:36:06,2020-11-10T11:36:06,MATCH
session2364|registered_export,registered_export,false,324,324,MATCH,57,57,MATCH,MATCH,2020-11-04T11:01:52,2020-11-04T11:01:52,MATCH
session2365|non_registered_export,non_registered_export,false,123,123,MATCH,41,41,MATCH,MATCH,2020-10-13T12:42:21,2020-10-13T12:42:21,MATCH
session2366|non_registered_export,non_registered_export,false,509,509,MATCH,12,12,MATCH,MATCH,2020-11-12T11:36:05,2020-11-12T11:36:05,MATCH
session2367|registered_export,registered_export,false,522,522,MATCH,116,116,MATCH,MATCH,2020-11-03T11:25:52,2020-11-03T11:25:52,MATCH
session2368|registered_export,registered_export,false,478,478,MATCH,55,55,MATCH,MATCH,2020-11-11T10:38:56,2020-11-11T10:38:56,MATCH
session2369|non_registered_export,non_registered_export,false,836,836,MATCH,89,89,MATCH,MATCH,2020-11-11T11:23:47,2020-11-11T11:23:47,MATCH
session236|non_registered_export,non_registered_export,false,611,611,MATCH,60,60,MATCH,MATCH,2020-10-26T11:40:11,2020-10-26T11:40:11,MATCH
session2370|registered_export,registered_export,false,682,682,MATCH,76,76,MATCH,MATCH,2020-10-20T11:54:12,2020-10-20T11:54:12,MATCH
session2371|non_registered_export,non_registered_export,false,287,287,MATCH,40,40,MATCH,MATCH,2020-11-10T11:23:46,2020-11-10T11:23:46,MATCH
session2372|registered_export,registered_export,false,579,579,MATCH,84,84,MATCH,MATCH,2020-11-20T12:09:43,2020-11-20T12:09:43,MATCH
session2373|registered_export,registered_export,false,1283,1283,MATCH,101,101,MATCH,MATCH,2020-10-20T10:34:53,2020-10-20T10:34:53,MATCH
session2374|registered_export,registered_export,false,336,336,MATCH,78,78,MATCH,MATCH,2020-11-20T11:38:31,2020-11-20T11:38:31,MATCH
session2375|registered_export,registered_export,false,406,406,MATCH,112,112,MATCH,MATCH,2020-11-12T11:04:18,2020-11-12T11:04:18,MATCH
session2376|non_registered_export,non_registered_export,false,305,305,MATCH,62,62,MATCH,MATCH,2020-11-05T11:08:59,2020-11-05T11:08:59,MATCH
session2377|registered_export,registered_export,false,483,483,MATCH,71,71,MATCH,MATCH,2020-10-27T11:09:59,2020-10-27T11:09:59,MATCH
session2378|non_registered_export,non_registered_export,false,676,676,MATCH,20,20,MATCH,MATCH,2020-10-23T12:26:27,2020-10-23T12:26:27,MATCH
session2379|registered_export,registered_export,false,383,383,MATCH,73,73,MATCH,MATCH,2020-10-20T12:08:40,2020-10-20T12:08:40,MATCH
session237|registered_export,registered_export,false,447,447,MATCH,43,43,MATCH,MATCH,2020-11-10T11:10:30,2020-11-10T11:10:30,MATCH
session2380|registered_export,registered_export,false,512,512,MATCH,82,82,MATCH,MATCH,2020-11-06T10:57:39,2020-11-06T10:57:39,MATCH
session2381|registered_export,registered_export,false,732,732,MATCH,55,55,MATCH,MATCH,2020-11-04T11:49:59,2020-11-04T11:49:59,MATCH
session2382|registered_export,registered_export,false,688,688,MATCH,65,65,MATCH,MATCH,2020-11-11T11:53:44,2020-11-11T11:53:44,MATCH
session2383|registered_export,registered_export,false,289,289,MATCH,91,91,MATCH,MATCH,2020-11-11T11:02:53,2020-11-11T11:02:53,MATCH
session2384|non_registered_export,non_registered_export,false,491,491,MATCH,52,52,MATCH,MATCH,2020-10-20T11:25:59,2020-10-20T11:25:59,MATCH
session2385|registered_export,registered_export,false,563,563,MATCH,71,71,MATCH,MATCH,2020-10-14T10:55:15,2020-10-14T10:55:15,MATCH
session2386|non_registered_export,non_registered_export,false,15,15,MATCH,0,0,MATCH,MATCH,2020-11-05T11:18:12,2020-11-05T11:18:12,MATCH
session2387|non_registered_export,non_registered_export,false,56,56,MATCH,30,30,MATCH,MATCH,2020-10-14T10:59:24,2020-10-14T10:59:24,MATCH
session2388|registered_export,registered_export,false,990,990,MATCH,78,78,MATCH,MATCH,2020-11-05T10:48:53,2020-11-05T10:48:53,MATCH
session2389|non_registered_export,non_registered_export,false,1139,1139,MATCH,41,41,MATCH,MATCH,2020-10-22T10:32:53,2020-10-22T10:32:53,MATCH
session238|registered_export,registered_export,false,484,484,MATCH,105,105,MATCH,MATCH,2020-11-20T10:59:43,2020-11-20T10:59:43,MATCH
session2390|non_registered_export,non_registered_export,false,575,575,MATCH,0,0,MATCH,MATCH,2020-10-06T11:29:24,2020-10-06T11:29:24,MATCH
session2391|registered_export,registered_export,false,364,364,MATCH,98,98,MATCH,MATCH,2020-10-27T11:55:49,2020-10-27T11:55:49,MATCH
session2392|non_registered_export,non_registered_export,false,66,66,MATCH,69,69,MATCH,MATCH,2020-11-11T11:35:44,2020-11-11T11:35:44,MATCH
session2393|non_registered_export,non_registered_export,false,3,3,MATCH,0,0,MATCH,MATCH,2020-11-03T10:59:53,2020-11-03T10:59:53,MATCH
session2394|non_registered_export,non_registered_export,false,1,1,MATCH,0,0,MATCH,MATCH,2020-10-12T10:53:26,2020-10-12T10:53:26,MATCH
session2395|non_registered_export,non_registered_export,false,446,446,MATCH,69,69,MATCH,MATCH,2020-10-29T12:22:07,2020-10-29T12:22:07,MATCH
session2396|registered_export,registered_export,false,592,592,MATCH,95,95,MATCH,MATCH,2020-10-13T12:09:06,2020-10-13T12:09:06,MATCH
session2397|non_registered_export,non_registered_export,false,135,135,MATCH,43,43,MATCH,MATCH,2020-11-05T11:42:37,2020-11-05T11:42:37,MATCH
session2398|non_registered_export,non_registered_export,false,6,6,MATCH,0,0,MATCH,MATCH,2020-10-30T12:33:37,2020-10-30T12:33:37,MATCH
session2399|non_registered_export,non_registered_export,false,81,81,MATCH,0,0,MATCH,MATCH,2020-11-05T12:11:56,2020-11-05T12:11:56,MATCH
session239|non_registered_export,non_registered_export,false,4,4,MATCH,0,0,MATCH,MATCH,2020-10-14T11:39:46,2020-10-14T11:39:46,MATCH
session23|registered_export,registered_export,false,593,593,MATCH,59,59,MATCH,MATCH,2020-10-12T11:21:42,2020-10-12T11:21:42,MATCH
session2400|registered_export,registered_export,false,437,437,MATCH,53,53,MATCH,MATCH,2020-11-16T12:00:26,2020-11-16T12:00:26,MATCH
session2401|non_registered_export,non_registered_export,false,118,118,MATCH,0,0,MATCH,MATCH,2020-11-13T11:31:07,2020-11-13T11:31:07,MATCH
session2402|registered_export,registered_export,false,594,594,MATCH,67,67,MATCH,MATCH,2020-10-27T11:14:54,2020-10-27T11:14:54,MATCH
session2403|non_registered_export,non_registered_export,false,1,1,MATCH,0,0,MATCH,MATCH,2020-10-07T12:37:41,2020-10-07T12:37:41,MATCH
session2404|non_registered_export,non_registered_export,false,511,511,MATCH,44,44,MATCH,MATCH,2020-10-29T11:22:34,2020-10-29T11:22:34,MATCH
session2405|non_registered_export,non_registered_export,false,156,156,MATCH,0,0,MATCH,MATCH,2020-11-02T11:32:35,2020-11-02T11:32:35,MATCH
session2406|non_registered_export,non_registered_export,false,10,10,MATCH,0,0,MATCH,MATCH,2020-11-12T11:18:42,2020-11-12T11:18:42,MATCH
session2407|registered_export,registered_export,false,398,398,MATCH,53,53,MATCH,MATCH,2020-11-03T10:38:06,2020-11-03T10:38:06,MATCH
session2408|registered_export,registered_export,false,441,441,MATCH,59,59,MATCH,MATCH,2020-10-14T11:53:14,2020-10-14T11:53:14,MATCH
session2409|non_registered_export,non_registered_export,false,332,332,MATCH,34,34,MATCH,MATCH,2020-10-22T10:35:57,2020-10-22T10:35:57,MATCH
session240|registered_export,registered_export,false,463,463,MATCH,31,31,MATCH,MATCH,2020-11-03T11:04:13,2020-11-03T11:04:13,MATCH
session2410|non_registered_export,non_registered_export,false,36,36,MATCH,21,21,MATCH,MATCH,2020-10-19T10:45:09,2020-10-19T10:45:09,MATCH
session2411|non_registered_export,non_registered_export,false,254,254,MATCH,34,34,MATCH,MATCH,2020-10-07T11:46:18,2020-10-07T11:46:18,MATCH
session2412|non_registered_export,non_registered_export,false,3,3,MATCH,0,0,MATCH,MATCH,2020-10-20T10:48:08,2020-10-20T10:48:08,MATCH
session2413|registered_export,registered_export,false,460,460,MATCH,92,92,MATCH,MATCH,2020-10-13T11:37:29,2020-10-13T11:37:29,MATCH
session2414|registered_export,registered_export,false,306,306,MATCH,44,44,MATCH,MATCH,2020-10-19T11:31:23,2020-10-19T11:31:23,MATCH
session2415|registered_export,registered_export,false,470,470,MATCH,48,48,MATCH,MATCH,2020-10-19T11:40:52,2020-10-19T11:40:52,MATCH
session2416|non_registered_export,non_registered_export,false,439,439,MATCH,53,53,MATCH,MATCH,2020-10-14T10:27:50,2020-10-14T10:27:50,MATCH
session2417|non_registered_export,non_registered_export,false,221,221,MATCH,0,0,MATCH,MATCH,2020-10-28T11:12:28,2020-10-28T11:12:28,MATCH
session2418|non_registered_export,non_registered_export,false,24,24,MATCH,48,48,MATCH,MATCH,2020-10-12T11:16:27,2020-10-12T11:16:27,MATCH
session2419|non_registered_export,non_registered_export,false,1042,1042,MATCH,0,0,MATCH,MATCH,2020-10-13T12:09:51,2020-10-13T12:09:51,MATCH
session241|registered_export,registered_export,false,187,187,MATCH,51,51,MATCH,MATCH,2020-10-13T10:32:13,2020-10-13T10:32:13,MATCH
session2420|non_registered_export,non_registered_export,false,511,511,MATCH,46,46,MATCH,MATCH,2020-11-05T11:22:24,2020-11-05T11:22:24,MATCH
session2421|registered_export,registered_export,false,365,365,MATCH,84,84,MATCH,MATCH,2020-11-05T12:03:41,2020-11-05T12:03:41,MATCH
session2422|registered_export,registered_export,false,358,358,MATCH,58,58,MATCH,MATCH,2020-11-04T11:19:29,2020-11-04T11:19:29,MATCH
session2423|registered_export,registered_export,false,496,496,MATCH,77,77,MATCH,MATCH,2020-10-12T10:30:19,2020-10-12T10:30:19,MATCH
session2424|non_registered_export,non_registered_export,false,744,744,MATCH,19,19,MATCH,MATCH,2020-11-11T11:56:10,2020-11-11T11:56:10,MATCH
session2425|registered_export,registered_export,false,409,409,MATCH,70,70,MATCH,MATCH,2020-11-17T11:39:03,2020-11-17T11:39:03,MATCH
session2426|registered_export,registered_export,false,339,339,MATCH,32,32,MATCH,MATCH,2020-11-09T11:12:53,2020-11-09T11:12:53,MATCH
session2427|non_registered_export,non_registered_export,false,74,74,MATCH,0,0,MATCH,MATCH,2020-10-20T10:54:51,2020-10-20T10:54:51,MATCH
session2428|registered_export,registered_export,false,1104,1104,MATCH,56,56,MATCH,MATCH,2020-10-28T10:49:59,2020-10-28T10:49:59,MATCH
session2429|registered_export,registered_export,false,307,307,MATCH,44,44,MATCH,MATCH,2020-10-28T11:42:54,2020-10-28T11:42:54,MATCH
session242|non_registered_export,non_registered_export,false,410,410,MATCH,21,21,MATCH,MATCH,2020-10-08T11:49:20,2020-10-08T11:49:20,MATCH
session2430|non_registered_export,non_registered_export,false,109,109,MATCH,0,0,MATCH,MATCH,2020-11-03T11:39:03,2020-11-03T11:39:03,MATCH
session2431|registered_export,registered_export,false,550,550,MATCH,90,90,MATCH,MATCH,2020-10-21T11:50:22,2020-10-21T11:50:22,MATCH
session2432|registered_export,registered_export,false,297,297,MATCH,65,65,MATCH,MATCH,2020-11-10T11:17:23,2020-11-10T11:17:23,MATCH
session2433|registered_export,registered_export,false,705,705,MATCH,110,110,MATCH,MATCH,2020-10-27T11:47:33,2020-10-27T11:47:33,MATCH
session2434|non_registered_export,non_registered_export,false,205,205,MATCH,0,0,MATCH,MATCH,2020-10-28T10:51:39,2020-10-28T10:51:39,MATCH
session2435|non_registered_export,non_registered_export,false,1312,1312,MATCH,66,66,MATCH,MATCH,2020-10-28T11:19:35,2020-10-28T11:19:35,MATCH
session2436|registered_export,registered_export,false,532,532,MATCH,61,61,MATCH,MATCH,2020-11-10T11:10:17,2020-11-10T11:10:17,MATCH
session2437|non_registered_export,non_registered_export,false,5,5,MATCH,0,0,MATCH,MATCH,2020-10-23T11:13:02,2020-10-23T11:13:02,MATCH
session2438|registered_export,registered_export,false,1080,1080,MATCH,65,65,MATCH,MATCH,2020-11-04T12:16:13,2020-11-04T12:16:13,MATCH
session2439|registered_export,registered_export,false,370,370,MATCH,52,52,MATCH,MATCH,2020-10-26T11:28:59,2020-10-26T11:28:59,MATCH
session243|non_registered_export,non_registered_export,false,135,135,MATCH,17,17,MATCH,MATCH,2020-11-12T12:19:29,2020-11-12T12:19:29,MATCH
session2440|registered_export,registered_export,false,465,465,MATCH,57,57,MATCH,MATCH,2020-11-05T12:09:14,2020-11-05T12:09:14,MATCH
session2441|registered_export,registered_export,false,1831,1831,MATCH,94,94,MATCH,MATCH,2020-10-27T11:33:22,2020-10-27T11:33:22,MATCH
session2442|non_registered_export,non_registered_export,false,224,224,MATCH,11,11,MATCH,MATCH,2020-10-26T11:09:06,2020-10-26T11:09:06,MATCH
session2443|non_registered_export,non_registered_export,false,858,858,MATCH,34,34,MATCH,MATCH,2020-10-20T11:40:36,2020-10-20T11:40:36,MATCH
session2444|registered_export,registered_export,false,581,581,MATCH,36,36,MATCH,MATCH,2020-11-06T10:54:34,2020-11-06T10:54:34,MATCH
session2445|registered_export,registered_export,false,377,377,MATCH,122,122,MATCH,MATCH,2020-10-20T11:00:36,2020-10-20T11:00:36,MATCH
session2446|non_registered_export,non_registered_export,false,92,92,MATCH,21,21,MATCH,MATCH,2020-10-12T11:45:45,2020-10-12T11:45:45,MATCH
session2447|non_registered_export,non_registered_export,false,8,8,MATCH,0,0,MATCH,MATCH,2020-10-27T11:54:30,2020-10-27T11:54:30,MATCH
session2448|registered_export,registered_export,false,1839,1839,MATCH,125,125,MATCH,MATCH,2020-10-19T11:57:13,2020-10-19T11:57:13,MATCH
session2449|registered_export,registered_export,false,88,88,MATCH,20,20,MATCH,MATCH,2020-11-06T11:05:10,2020-11-06T11:05:10,MATCH
session244|registered_export,registered_export,false,385,385,MATCH,63,63,MATCH,MATCH,2020-10-19T11:29:04,2020-10-19T11:29:04,MATCH
session2450|non_registered_export,non_registered_export,false,337,337,MATCH,58,58,MATCH,MATCH,2020-10-09T11:23:16,2020-10-09T11:23:16,MATCH
session2451|non_registered_export,non_registered_export,false,72,72,MATCH,0,0,MATCH,MATCH,2020-11-05T10:53:18,2020-11-05T10:53:18,MATCH
session2452|registered_export,registered_export,false,440,440,MATCH,86,86,MATCH,MATCH,2020-10-14T10:33:43,2020-10-14T10:33:43,MATCH
session2453|non_registered_export,non_registered_export,false,1205,1205,MATCH,0,0,MATCH,MATCH,2020-10-20T13:28:05,2020-10-20T13:28:05,MATCH
session2454|registered_export,registered_export,false,505,505,MATCH,69,69,MATCH,MATCH,2020-11-06T11:50:26,2020-11-06T11:50:26,MATCH
session2455|registered_export,registered_export,false,864,864,MATCH,48,48,MATCH,MATCH,2020-11-09T12:22:11,2020-11-09T12:22:11,MATCH
session2456|registered_export,registered_export,false,439,439,MATCH,58,58,MATCH,MATCH,2020-10-28T11:14:57,2020-10-28T11:14:57,MATCH
session2457|non_registered_export,non_registered_export,false,7,7,MATCH,0,0,MATCH,MATCH,2020-10-05T12:07:38,2020-10-05T12:07:38,MATCH
session2458|non_registered_export,non_registered_export,false,536,536,MATCH,76,76,MATCH,MATCH,2020-11-11T11:18:44,2020-11-11T11:18:44,MATCH
session2459|registered_export,registered_export,false,403,403,MATCH,66,66,MATCH,MATCH,2020-10-27T12:18:02,2020-10-27T12:18:02,MATCH
session245|registered_export,registered_export,false,1521,1521,MATCH,96,96,MATCH,MATCH,2020-10-14T10:33:05,2020-10-14T10:33:05,MATCH
session2460|registered_export,registered_export,false,645,645,MATCH,45,45,MATCH,MATCH,2020-10-19T11:16:41,2020-10-19T11:16:41,MATCH
session2461|non_registered_export,non_registered_export,false,1038,1038,MATCH,46,46,MATCH,MATCH,2020-10-06T13:01:24,2020-10-06T13:01:24,MATCH
session2462|non_registered_export,non_registered_export,false,198,198,MATCH,0,0,MATCH,MATCH,2020-10-14T12:45:01,2020-10-14T12:45:01,MATCH
session2463|registered_export,registered_export,false,107,107,MATCH,52,52,MATCH,MATCH,2020-11-10T11:20:25,2020-11-10T11:20:25,MATCH
session2464|registered_export,registered_export,false,369,369,MATCH,48,48,MATCH,MATCH,2020-11-10T11:36:41,2020-11-10T11:36:41,MATCH
session2465|registered_export,registered_export,false,418,418,MATCH,119,119,MATCH,MATCH,2020-11-04T11:33:33,2020-11-04T11:33:33,MATCH
session2466|registered_export,registered_export,false,992,992,MATCH,82,82,MATCH,MATCH,2020-10-27T11:40:01,2020-10-27T11:40:01,MATCH
session2467|non_registered_export,non_registered_export,false,171,171,MATCH,64,64,MATCH,MATCH,2020-10-07T11:02:07,2020-10-07T11:02:07,MATCH
session2468|non_registered_export,non_registered_export,false,586,586,MATCH,78,78,MATCH,MATCH,2020-10-22T11:20:31,2020-10-22T11:20:31,MATCH
session2469|registered_export,registered_export,false,692,692,MATCH,57,57,MATCH,MATCH,2020-10-19T12:28:25,2020-10-19T12:28:25,MATCH
session246|registered_export,registered_export,false,957,957,MATCH,42,42,MATCH,MATCH,2020-10-28T10:35:44,2020-10-28T10:35:44,MATCH
session2470|non_registered_export,non_registered_export,false,594,594,MATCH,33,33,MATCH,MATCH,2020-11-03T11:18:34,2020-11-03T11:18:34,MATCH
session2471|registered_export,registered_export,false,275,275,MATCH,43,43,MATCH,MATCH,2020-11-06T10:54:33,2020-11-06T10:54:33,MATCH
session2472|registered_export,registered_export,false,1639,1639,MATCH,83,83,MATCH,MATCH,2020-10-07T11:25:02,2020-10-07T11:25:02,MATCH
session2473|non_registered_export,non_registered_export,false,1254,1254,MATCH,38,38,MATCH,MATCH,2020-11-11T11:00:48,2020-11-11T11:00:48,MATCH
session2474|registered_export,registered_export,false,268,268,MATCH,55,55,MATCH,MATCH,2020-10-28T12:36:50,2020-10-28T12:36:50,MATCH
session2475|registered_export,registered_export,false,616,616,MATCH,40,40,MATCH,MATCH,2020-10-19T10:41:19,2020-10-19T10:41:19,MATCH
session2476|non_registered_export,non_registered_export,false,174,174,MATCH,12,12,MATCH,MATCH,2020-11-13T13:07:44,2020-11-13T13:07:44,MATCH
session2477|registered_export,registered_export,false,1173,1173,MATCH,65,65,MATCH,MATCH,2020-11-10T11:39:18,2020-11-10T11:39:18,MATCH
session2478|non_registered_export,non_registered_export,false,825,825,MATCH,0,0,MATCH,MATCH,2020-11-06T13:15:23,2020-11-06T13:15:23,MATCH
session2479|registered_export,registered_export,false,560,560,MATCH,87,87,MATCH,MATCH,2020-10-26T10:34:50,2020-10-26T10:34:50,MATCH
session247|non_registered_export,non_registered_export,false,2123,2123,MATCH,69,69,MATCH,MATCH,2020-11-12T11:24:16,2020-11-12T11:24:16,MATCH
session2480|non_registered_export,non_registered_export,false,5,5,MATCH,0,0,MATCH,MATCH,2020-10-07T11:16:53,2020-10-07T11:16:53,MATCH
session2481|non_registered_export,non_registered_export,false,444,444,MATCH,55,55,MATCH,MATCH,2020-10-30T10:29:55,2020-10-30T10:29:55,MATCH
session2482|registered_export,registered_export,false,103,103,MATCH,80,80,MATCH,MATCH,2020-11-03T10:33:20,2020-11-03T10:33:20,MATCH
session2483|registered_export,registered_export,false,364,364,MATCH,50,50,MATCH,MATCH,2020-10-14T11:40:12,2020-10-14T11:40:12,MATCH
session2484|non_registered_export,non_registered_export,false,207,207,MATCH,36,36,MATCH,MATCH,2020-11-05T11:54:32,2020-11-05T11:54:32,MATCH
session2485|non_registered_export,non_registered_export,false,911,911,MATCH,49,49,MATCH,MATCH,2020-11-12T11:37:41,2020-11-12T11:37:41,MATCH
session2486|registered_export,registered_export,false,564,564,MATCH,50,50,MATCH,MATCH,2020-10-20T11:15:09,2020-10-20T11:15:09,MATCH
session2487|registered_export,registered_export,false,1049,1049,MATCH,82,82,MATCH,MATCH,2020-10-12T11:05:26,2020-10-12T11:05:26,MATCH
session2488|non_registered_export,non_registered_export,false,139,139,MATCH,0,0,MATCH,MATCH,2020-11-05T10:30:45,2020-11-05T10:30:45,MATCH
session2489|non_registered_export,non_registered_export,false,240,240,MATCH,20,20,MATCH,MATCH,2020-11-02T11:19:47,2020-11-02T11:19:47,MATCH
session248|non_registered_export,non_registered_export,false,1468,1468,MATCH,60,60,MATCH,MATCH,2020-10-20T10:26:28,2020-10-20T10:26:28,MATCH
session2490|registered_export,registered_export,false,426,426,MATCH,47,47,MATCH,MATCH,2020-11-04T10:33:30,2020-11-04T10:33:30,MATCH
session2491|non_registered_export,non_registered_export,false,549,549,MATCH,63,63,MATCH,MATCH,2020-10-08T12:10:17,2020-10-08T12:10:17,MATCH
session2492|registered_export,registered_export,false,653,653,MATCH,44,44,MATCH,MATCH,2020-10-19T10:32:06,2020-10-19T10:32:06,MATCH
session2493|non_registered_export,non_registered_export,false,716,716,MATCH,74,74,MATCH,MATCH,2020-11-09T12:16:31,2020-11-09T12:16:31,MATCH
session2494|non_registered_export,non_registered_export,false,457,457,MATCH,74,74,MATCH,MATCH,2020-11-12T11:02:56,2020-11-12T11:02:56,MATCH
session2495|non_registered_export,non_registered_export,false,69,69,MATCH,40,40,MATCH,MATCH,2020-10-05T10:38:59,2020-10-05T10:38:59,MATCH
session2496|non_registered_export,non_registered_export,false,135,135,MATCH,22,22,MATCH,MATCH,2020-11-04T12:26:12,2020-11-04T12:26:12,MATCH
session2497|non_registered_export,non_registered_export,false,9,9,MATCH,0,0,MATCH,MATCH,2020-10-14T11:54:17,2020-10-14T11:54:17,MATCH
session2498|registered_export,registered_export,false,524,524,MATCH,86,86,MATCH,MATCH,2020-11-10T11:16:19,2020-11-10T11:16:19,MATCH
session2499|non_registered_export,non_registered_export,false,119,119,MATCH,15,15,MATCH,MATCH,2020-11-04T12:28:00,2020-11-04T12:28:00,MATCH
session249|registered_export,registered_export,false,453,453,MATCH,71,71,MATCH,MATCH,2020-11-09T10:58:03,2020-11-09T10:58:03,MATCH
session24|non_registered_export,non_registered_export,false,451,451,MATCH,113,113,MATCH,MATCH,2020-10-27T11:49:53,2020-10-27T11:49:53,MATCH
session2500|registered_export,registered_export,false,454,454,MATCH,86,86,MATCH,MATCH,2020-10-28T11:19:59,2020-10-28T11:19:59,MATCH
session2501|registered_export,registered_export,false,382,382,MATCH,53,53,MATCH,MATCH,2020-11-06T10:34:59,2020-11-06T10:34:59,MATCH
session2502|registered_export,registered_export,false,566,566,MATCH,67,67,MATCH,MATCH,2020-10-14T12:00:27,2020-10-14T12:00:27,MATCH
session2503|registered_export,registered_export,false,736,736,MATCH,56,56,MATCH,MATCH,2020-11-09T10:47:36,2020-11-09T10:47:36,MATCH
session2504|registered_export,registered_export,false,1854,1854,MATCH,75,75,MATCH,MATCH,2020-11-04T11:29:40,2020-11-04T11:29:40,MATCH
session2505|non_registered_export,non_registered_export,false,448,448,MATCH,124,124,MATCH,MATCH,2020-11-03T12:04:30,2020-11-03T12:04:30,MATCH
session2506|registered_export,registered_export,false,354,354,MATCH,86,86,MATCH,MATCH,2020-10-13T11:00:02,2020-10-13T11:00:02,MATCH
session2507|registered_export,registered_export,false,654,654,MATCH,79,79,MATCH,MATCH,2020-11-09T11:40:30,2020-11-09T11:40:30,MATCH
session2508|registered_export,registered_export,false,483,483,MATCH,52,52,MATCH,MATCH,2020-10-19T11:07:20,2020-10-19T11:07:20,MATCH
session2509|non_registered_export,non_registered_export,false,955,955,MATCH,0,0,MATCH,MATCH,2020-10-30T10:43:42,2020-10-30T10:43:42,MATCH
session250|non_registered_export,non_registered_export,false,265,265,MATCH,20,20,MATCH,MATCH,2020-10-09T12:45:15,2020-10-09T12:45:15,MATCH
session2510|registered_export,registered_export,false,1665,1665,MATCH,89,89,MATCH,MATCH,2020-10-06T11:11:01,2020-10-06T11:11:01,MATCH
session2511|non_registered_export,non_registered_export,false,5,5,MATCH,0,0,MATCH,MATCH,2020-10-08T10:58:38,2020-10-08T10:58:38,MATCH
session2512|registered_export,registered_export,false,347,347,MATCH,43,43,MATCH,MATCH,2020-11-09T10:41:57,2020-11-09T10:41:57,MATCH
session2513|registered_export,registered_export,false,422,422,MATCH,81,81,MATCH,MATCH,2020-10-27T10:33:05,2020-10-27T10:33:05,MATCH
session2514|registered_export,registered_export,false,501,501,MATCH,78,78,MATCH,MATCH,2020-10-14T10:33:08,2020-10-14T10:33:08,MATCH
session2515|non_registered_export,non_registered_export,false,58,58,MATCH,6,6,MATCH,MATCH,2020-10-19T11:45:21,2020-10-19T11:45:21,MATCH
session2516|registered_export,registered_export,false,394,394,MATCH,66,66,MATCH,MATCH,2020-10-13T10:39:38,2020-10-13T10:39:38,MATCH
session2517|registered_export,registered_export,false,602,602,MATCH,93,93,MATCH,MATCH,2020-11-03T11:38:59,2020-11-03T11:38:59,MATCH
session2518|registered_export,registered_export,false,1225,1225,MATCH,62,62,MATCH,MATCH,2020-10-05T11:14:44,2020-10-05T11:14:44,MATCH
session2519|registered_export,registered_export,false,861,861,MATCH,62,62,MATCH,MATCH,2020-11-13T11:07:21,2020-11-13T11:07:21,MATCH
session251|registered_export,registered_export,false,351,351,MATCH,77,77,MATCH,MATCH,2020-10-19T10:36:21,2020-10-19T10:36:21,MATCH
session2520|non_registered_export,non_registered_export,false,232,232,MATCH,24,24,MATCH,MATCH,2020-11-05T12:37:24,2020-11-05T12:37:24,MATCH
session2521|non_registered_export,non_registered_export,false,31,31,MATCH,0,0,MATCH,MATCH,2020-10-27T12:02:50,2020-10-27T12:02:50,MATCH
session2522|registered_export,registered_export,false,665,665,MATCH,53,53,MATCH,MATCH,2020-11-09T12:00:31,2020-11-09T12:00:31,MATCH
session2523|non_registered_export,non_registered_export,false,2,2,MATCH,0,0,MATCH,MATCH,2020-10-09T12:08:06,2020-10-09T12:08:06,MATCH
session2524|non_registered_export,non_registered_export,false,21,21,MATCH,14,14,MATCH,MATCH,2020-10-08T10:52:27,2020-10-08T10:52:27,MATCH
session2525|registered_export,registered_export,false,1411,1411,MATCH,84,84,MATCH,MATCH,2020-11-20T12:23:15,2020-11-20T12:23:15,MATCH
session2526|registered_export,registered_export,false,505,505,MATCH,80,80,MATCH,MATCH,2020-11-03T10:40:39,2020-11-03T10:40:39,MATCH
session2527|registered_export,registered_export,false,502,502,MATCH,74,74,MATCH,MATCH,2020-10-28T11:00:05,2020-10-28T11:00:05,MATCH
session2528|registered_export,registered_export,false,507,507,MATCH,78,78,MATCH,MATCH,2020-10-12T10:48:24,2020-10-12T10:48:24,MATCH
session2529|registered_export,registered_export,false,481,481,MATCH,69,69,MATCH,MATCH,2020-10-27T12:09:54,2020-10-27T12:09:54,MATCH
session252|non_registered_export,non_registered_export,false,11,11,MATCH,0,0,MATCH,MATCH,2020-10-13T11:38:52,2020-10-13T11:38:52,MATCH
session2530|non_registered_export,non_registered_export,false,327,327,MATCH,89,89,MATCH,MATCH,2020-10-30T11:47:10,2020-10-30T11:47:10,MATCH
session2531|registered_export,registered_export,false,514,514,MATCH,46,46,MATCH,MATCH,2020-11-09T12:06:47,2020-11-09T12:06:47,MATCH
session2532|non_registered_export,non_registered_export,false,171,171,MATCH,49,49,MATCH,MATCH,2020-10-30T11:26:28,2020-10-30T11:26:28,MATCH
session2533|non_registered_export,non_registered_export,false,71,71,MATCH,0,0,MATCH,MATCH,2020-10-23T11:25:40,2020-10-23T11:25:40,MATCH
session2534|non_registered_export,non_registered_export,false,621,621,MATCH,70,70,MATCH,MATCH,2020-10-12T13:20:02,2020-10-12T13:20:02,MATCH
session2535|registered_export,registered_export,false,958,958,MATCH,54,54,MATCH,MATCH,2020-10-12T11:08:01,2020-10-12T11:08:01,MATCH
session2536|registered_export,registered_export,false,504,504,MATCH,98,98,MATCH,MATCH,2020-10-21T12:25:12,2020-10-21T12:25:12,MATCH
session2537|registered_export,registered_export,false,545,545,MATCH,81,81,MATCH,MATCH,2020-10-14T10:33:23,2020-10-14T10:33:23,MATCH
session2538|non_registered_export,non_registered_export,false,2329,2329,MATCH,92,92,MATCH,MATCH,2020-10-27T11:42:41,2020-10-27T11:42:41,MATCH
session2539|non_registered_export,non_registered_export,false,370,370,MATCH,90,90,MATCH,MATCH,2020-10-15T12:06:11,2020-10-15T12:06:11,MATCH
session253|non_registered_export,non_registered_export,false,177,177,MATCH,18,18,MATCH,MATCH,2020-11-10T11:53:53,2020-11-10T11:53:53,MATCH
session2540|non_registered_export,non_registered_export,false,43,43,MATCH,57,57,MATCH,MATCH,2020-11-11T10:42:11,2020-11-11T10:42:11,MATCH
session2541|registered_export,registered_export,false,387,387,MATCH,57,57,MATCH,MATCH,2020-11-20T11:11:23,2020-11-20T11:11:23,MATCH
session2542|registered_export,registered_export,false,998,998,MATCH,58,58,MATCH,MATCH,2020-11-10T12:04:49,2020-11-10T12:04:49,MATCH
session2543|non_registered_export,non_registered_export,false,35,35,MATCH,0,0,MATCH,MATCH,2020-10-22T12:45:22,2020-10-22T12:45:22,MATCH
session2544|registered_export,registered_export,false,1958,1958,MATCH,108,108,MATCH,MATCH,2020-10-12T11:59:54,2020-10-12T11:59:54,MATCH
session2545|non_registered_export,non_registered_export,false,92,92,MATCH,54,54,MATCH,MATCH,2020-10-20T10:46:32,2020-10-20T10:46:32,MATCH
session2546|non_registered_export,non_registered_export,false,592,592,MATCH,61,61,MATCH,MATCH,2020-10-12T12:45:19,2020-10-12T12:45:19,MATCH
session2547|registered_export,registered_export,false,523,523,MATCH,50,50,MATCH,MATCH,2020-10-28T10:38:50,2020-10-28T10:38:50,MATCH
session2548|registered_export,registered_export,false,70,70,MATCH,19,19,MATCH,MATCH,2020-10-07T12:27:01,2020-10-07T12:27:01,MATCH
session2549|registered_export,registered_export,false,516,516,MATCH,80,80,MATCH,MATCH,2020-10-28T11:13:48,2020-10-28T11:13:48,MATCH
session254|non_registered_export,non_registered_export,false,162,162,MATCH,0,0,MATCH,MATCH,2020-11-13T12:30:20,2020-11-13T12:30:20,MATCH
session2550|registered_export,registered_export,false,530,530,MATCH,46,46,MATCH,MATCH,2020-11-10T13:03:41,2020-11-10T13:03:41,MATCH
session2551|registered_export,registered_export,false,1178,1178,MATCH,106,106,MATCH,MATCH,2020-10-27T11:29:10,2020-10-27T11:29:10,MATCH
session2552|registered_export,registered_export,false,370,370,MATCH,43,43,MATCH,MATCH,2020-10-26T11:33:03,2020-10-26T11:33:03,MATCH
session2553|registered_export,registered_export,false,1091,1091,MATCH,63,63,MATCH,MATCH,2020-10-20T10:45:30,2020-10-20T10:45:30,MATCH
session2554|registered_export,registered_export,false,437,437,MATCH,82,82,MATCH,MATCH,2020-10-19T11:03:15,2020-10-19T11:03:15,MATCH
session2555|registered_export,registered_export,false,734,734,MATCH,118,118,MATCH,MATCH,2020-11-03T11:19:19,2020-11-03T11:19:19,MATCH
session2556|registered_export,registered_export,false,438,438,MATCH,67,67,MATCH,MATCH,2020-10-19T10:47:28,2020-10-19T10:47:28,MATCH
session2557|non_registered_export,non_registered_export,false,789,789,MATCH,0,0,MATCH,MATCH,2020-10-21T12:16:38,2020-10-21T12:16:38,MATCH
session2558|non_registered_export,non_registered_export,false,248,248,MATCH,80,80,MATCH,MATCH,2020-11-03T11:36:49,2020-11-03T11:36:49,MATCH
session2559|non_registered_export,non_registered_export,false,390,390,MATCH,85,85,MATCH,MATCH,2020-11-05T11:06:47,2020-11-05T11:06:47,MATCH
session255|non_registered_export,non_registered_export,false,372,372,MATCH,49,49,MATCH,MATCH,2020-10-15T11:56:32,2020-10-15T11:56:32,MATCH
session2560|non_registered_export,non_registered_export,false,98,98,MATCH,0,0,MATCH,MATCH,2020-11-12T11:46:50,2020-11-12T11:46:50,MATCH
session2561|registered_export,registered_export,false,275,275,MATCH,89,89,MATCH,MATCH,2020-10-06T11:58:27,2020-10-06T11:58:27,MATCH
session2562|registered_export,registered_export,false,612,612,MATCH,74,74,MATCH,MATCH,2020-10-26T11:10:16,2020-10-26T11:10:16,MATCH
session2563|non_registered_export,non_registered_export,false,1763,1763,MATCH,53,53,MATCH,MATCH,2020-10-26T10:39:16,2020-10-26T10:39:16,MATCH
session2564|non_registered_export,non_registered_export,false,311,311,MATCH,82,82,MATCH,MATCH,2020-10-14T11:15:53,2020-10-14T11:15:53,MATCH
session2565|registered_export,registered_export,false,373,373,MATCH,53,53,MATCH,MATCH,2020-10-06T11:43:22,2020-10-06T11:43:22,MATCH
session2566|registered_export,registered_export,false,311,311,MATCH,83,83,MATCH,MATCH,2020-10-06T12:01:59,2020-10-06T12:01:59,MATCH
session2567|registered_export,registered_export,false,789,789,MATCH,57,57,MATCH,MATCH,2020-11-04T11:13:58,2020-11-04T11:13:58,MATCH
session2568|non_registered_export,non_registered_export,false,35,35,MATCH,15,15,MATCH,MATCH,2020-10-28T12:10:59,2020-10-28T12:10:59,MATCH
session2569|registered_export,registered_export,false,829,829,MATCH,100,100,MATCH,MATCH,2020-11-11T11:17:58,2020-11-11T11:17:58,MATCH
session256|registered_export,registered_export,false,569,569,MATCH,87,87,MATCH,MATCH,2020-10-12T10:43:03,2020-10-12T10:43:03,MATCH
session2570|non_registered_export,non_registered_export,false,3,3,MATCH,0,0,MATCH,MATCH,2020-11-09T12:14:43,2020-11-09T12:14:43,MATCH
session2571|registered_export,registered_export,false,1292,1292,MATCH,32,32,MATCH,MATCH,2020-10-19T10:44:00,2020-10-19T10:44:00,MATCH
session2572|non_registered_export,non_registered_export,false,3,3,MATCH,0,0,MATCH,MATCH,2020-10-12T12:50:42,2020-10-12T12:50:42,MATCH
session2573|registered_export,registered_export,false,425,425,MATCH,85,85,MATCH,MATCH,2020-10-19T12:22:42,2020-10-19T12:22:42,MATCH
session2574|registered_export,registered_export,false,758,758,MATCH,94,94,MATCH,MATCH,2020-11-10T11:44:15,2020-11-10T11:44:15,MATCH
session2575|non_registered_export,non_registered_export,false,1123,1123,MATCH,62,62,MATCH,MATCH,2020-10-23T11:51:02,2020-10-23T11:51:02,MATCH
session2576|registered_export,registered_export,false,402,402,MATCH,58,58,MATCH,MATCH,2020-10-13T10:48:28,2020-10-13T10:48:28,MATCH
session2577|non_registered_export,non_registered_export,false,274,274,MATCH,71,71,MATCH,MATCH,2020-11-03T11:54:26,2020-11-03T11:54:26,MATCH
session2578|registered_export,registered_export,false,511,511,MATCH,29,29,MATCH,MATCH,2020-11-06T10:34:18,2020-11-06T10:34:18,MATCH
session2579|registered_export,registered_export,false,361,361,MATCH,65,65,MATCH,MATCH,2020-10-13T11:12:31,2020-10-13T11:12:31,MATCH
session257|non_registered_export,non_registered_export,false,79,79,MATCH,30,30,MATCH,MATCH,2020-10-22T12:01:59,2020-10-22T12:01:59,MATCH
session2580|registered_export,registered_export,false,554,554,MATCH,73,73,MATCH,MATCH,2020-10-28T11:10:13,2020-10-28T11:10:13,MATCH
session2581|non_registered_export,non_registered_export,false,370,370,MATCH,65,65,MATCH,MATCH,2020-10-29T11:21:22,2020-10-29T11:21:22,MATCH
session2582|registered_export,registered_export,false,586,586,MATCH,75,75,MATCH,MATCH,2020-10-13T10:58:52,2020-10-13T10:58:52,MATCH
session2583|non_registered_export,non_registered_export,false,238,238,MATCH,0,0,MATCH,MATCH,2020-10-23T11:36:04,2020-10-23T11:36:04,MATCH
session2584|non_registered_export,non_registered_export,false,332,332,MATCH,22,22,MATCH,MATCH,2020-10-27T12:08:35,2020-10-27T12:08:35,MATCH
session2585|registered_export,registered_export,false,403,403,MATCH,71,71,MATCH,MATCH,2020-11-03T11:06:29,2020-11-03T11:06:29,MATCH
session2586|registered_export,registered_export,false,367,367,MATCH,57,57,MATCH,MATCH,2020-10-20T10:31:30,2020-10-20T10:31:30,MATCH
session2587|non_registered_export,non_registered_export,false,27,27,MATCH,53,53,MATCH,MATCH,2020-10-12T10:50:48,2020-10-12T10:50:48,MATCH
session2588|non_registered_export,non_registered_export,false,79,79,MATCH,0,0,MATCH,MATCH,2020-10-19T12:40:09,2020-10-19T12:40:09,MATCH
session2589|non_registered_export,non_registered_export,false,336,336,MATCH,0,0,MATCH,MATCH,2020-11-02T11:13:59,2020-11-02T11:13:59,MATCH
session258|non_registered_export,non_registered_export,false,210,210,MATCH,72,72,MATCH,MATCH,2020-10-30T11:58:18,2020-10-30T11:58:18,MATCH
session2590|registered_export,registered_export,false,127,127,MATCH,0,0,MATCH,MATCH,2020-10-28T12:02:55,2020-10-28T12:02:55,MATCH
session2591|non_registered_export,non_registered_export,false,5,5,MATCH,16,16,MATCH,MATCH,2020-10-29T10:54:43,2020-10-29T10:54:43,MATCH
session2592|non_registered_export,non_registered_export,false,542,542,MATCH,59,59,MATCH,MATCH,2020-11-05T11:53:09,2020-11-05T11:53:09,MATCH
session2593|registered_export,registered_export,false,468,468,MATCH,37,37,MATCH,MATCH,2020-10-28T10:31:52,2020-10-28T10:31:52,MATCH
session2594|non_registered_export,non_registered_export,false,445,445,MATCH,44,44,MATCH,MATCH,2020-10-22T12:09:36,2020-10-22T12:09:36,MATCH
session2595|registered_export,registered_export,false,489,489,MATCH,22,22,MATCH,MATCH,2020-11-09T12:15:12,2020-11-09T12:15:12,MATCH
session2596|non_registered_export,non_registered_export,false,244,244,MATCH,0,0,MATCH,MATCH,2020-10-26T11:36:02,2020-10-26T11:36:02,MATCH
session2597|registered_export,registered_export,false,1053,1053,MATCH,93,93,MATCH,MATCH,2020-11-11T11:36:29,2020-11-11T11:36:29,MATCH
session2598|non_registered_export,non_registered_export,false,1689,1689,MATCH,33,33,MATCH,MATCH,2020-10-20T10:40:04,2020-10-20T10:40:04,MATCH
session2599|non_registered_export,non_registered_export,false,466,466,MATCH,20,20,MATCH,MATCH,2020-11-12T10:37:42,2020-11-12T10:37:42,MATCH
session259|non_registered_export,non_registered_export,false,179,179,MATCH,39,39,MATCH,MATCH,2020-10-13T11:47:17,2020-10-13T11:47:17,MATCH
session25|non_registered_export,non_registered_export,false,519,519,MATCH,98,98,MATCH,MATCH,2020-10-09T12:11:59,2020-10-09T12:11:59,MATCH
session2600|non_registered_export,non_registered_export,false,347,347,MATCH,42,42,MATCH,MATCH,2020-10-09T11:26:33,2020-10-09T11:26:33,MATCH
session2601|registered_export,registered_export,false,1161,1161,MATCH,164,164,MATCH,MATCH,2020-10-30T11:19:25,2020-10-30T11:19:25,MATCH
session2602|registered_export,registered_export,false,114,114,MATCH,23,23,MATCH,MATCH,2020-11-06T11:07:08,2020-11-06T11:07:08,MATCH
session2603|registered_export,registered_export,false,908,908,MATCH,69,69,MATCH,MATCH,2020-10-27T12:01:38,2020-10-27T12:01:38,MATCH
session2604|registered_export,registered_export,false,1586,1586,MATCH,128,128,MATCH,MATCH,2020-11-04T11:54:38,2020-11-04T11:54:38,MATCH
session2605|registered_export,registered_export,false,1465,1465,MATCH,96,96,MATCH,MATCH,2020-10-29T12:29:38,2020-10-29T12:29:38,MATCH
session2606|non_registered_export,non_registered_export,false,19,19,MATCH,0,0,MATCH,MATCH,2020-11-02T13:04:41,2020-11-02T13:04:41,MATCH
session2607|non_registered_export,non_registered_export,false,180,180,MATCH,0,0,MATCH,MATCH,2020-10-13T10:47:49,2020-10-13T10:47:49,MATCH
session2608|registered_export,registered_export,false,583,583,MATCH,109,109,MATCH,MATCH,2020-10-19T10:38:09,2020-10-19T10:38:09,MATCH
session2609|registered_export,registered_export,false,453,453,MATCH,66,66,MATCH,MATCH,2020-10-19T12:10:38,2020-10-19T12:10:38,MATCH
session260|registered_export,registered_export,false,1134,1134,MATCH,64,64,MATCH,MATCH,2020-11-03T10:37:34,2020-11-03T10:37:34,MATCH
session2610|non_registered_export,non_registered_export,false,19,19,MATCH,25,25,MATCH,MATCH,2020-11-03T11:22:03,2020-11-03T11:22:03,MATCH
session2611|non_registered_export,non_registered_export,false,9,9,MATCH,49,49,MATCH,MATCH,2020-10-29T11:11:20,2020-10-29T11:11:20,MATCH
session2612|non_registered_export,non_registered_export,false,21,21,MATCH,0,0,MATCH,MATCH,2020-10-28T11:30:18,2020-10-28T11:30:18,MATCH
session2613|non_registered_export,non_registered_export,false,425,425,MATCH,86,86,MATCH,MATCH,2020-11-04T11:00:00,2020-11-04T11:00:00,MATCH
session2614|registered_export,registered_export,false,641,641,MATCH,76,76,MATCH,MATCH,2020-11-09T11:21:23,2020-11-09T11:21:23,MATCH
session2615|registered_export,registered_export,false,480,480,MATCH,105,105,MATCH,MATCH,2020-11-18T11:18:24,2020-11-18T11:18:24,MATCH
session2616|registered_export,registered_export,false,789,789,MATCH,91,91,MATCH,MATCH,2020-11-04T11:43:22,2020-11-04T11:43:22,MATCH
session2617|non_registered_export,non_registered_export,false,437,437,MATCH,70,70,MATCH,MATCH,2020-10-16T12:07:24,2020-10-16T12:07:24,MATCH
session2618|registered_export,registered_export,false,476,476,MATCH,72,72,MATCH,MATCH,2020-10-19T12:50:02,2020-10-19T12:50:02,MATCH
session2619|registered_export,registered_export,false,573,573,MATCH,63,63,MATCH,MATCH,2020-11-11T10:32:03,2020-11-11T10:32:03,MATCH
session261|non_registered_export,non_registered_export,false,147,147,MATCH,63,63,MATCH,MATCH,2020-10-26T11:28:35,2020-10-26T11:28:35,MATCH
session2620|registered_export,registered_export,false,738,738,MATCH,110,110,MATCH,MATCH,2020-10-20T11:09:11,2020-10-20T11:09:11,MATCH
session2621|registered_export,registered_export,false,502,502,MATCH,73,73,MATCH,MATCH,2020-11-03T11:29:20,2020-11-03T11:29:20,MATCH
session2622|non_registered_export,non_registered_export,false,64,64,MATCH,0,0,MATCH,MATCH,2020-10-05T10:48:37,2020-10-05T10:48:37,MATCH
session2623|non_registered_export,non_registered_export,false,27,27,MATCH,0,0,MATCH,MATCH,2020-10-14T10:32:15,2020-10-14T10:32:15,MATCH
session2624|non_registered_export,non_registered_export,false,294,294,MATCH,54,54,MATCH,MATCH,2020-10-30T11:56:08,2020-10-30T11:56:08,MATCH
session2625|registered_export,registered_export,false,447,447,MATCH,58,58,MATCH,MATCH,2020-10-21T11:51:04,2020-10-21T11:51:04,MATCH
session2626|non_registered_export,non_registered_export,false,14,14,MATCH,57,57,MATCH,MATCH,2020-10-15T12:27:42,2020-10-15T12:27:42,MATCH
session2627|non_registered_export,non_registered_export,false,425,425,MATCH,0,0,MATCH,MATCH,2020-10-20T12:52:52,2020-10-20T12:52:52,MATCH
session2628|non_registered_export,non_registered_export,false,167,167,MATCH,22,22,MATCH,MATCH,2020-11-13T11:50:28,2020-11-13T11:50:28,MATCH
session2629|registered_export,registered_export,false,326,326,MATCH,53,53,MATCH,MATCH,2020-10-06T12:16:16,2020-10-06T12:16:16,MATCH
session262|non_registered_export,non_registered_export,false,198,198,MATCH,0,0,MATCH,MATCH,2020-10-05T11:09:49,2020-10-05T11:09:49,MATCH
session2630|registered_export,registered_export,false,604,604,MATCH,67,67,MATCH,MATCH,2020-10-12T11:38:42,2020-10-12T11:38:42,MATCH
session2631|non_registered_export,non_registered_export,false,386,386,MATCH,48,48,MATCH,MATCH,2020-10-23T12:21:45,2020-10-23T12:21:45,MATCH
session2632|non_registered_export,non_registered_export,false,22,22,MATCH,0,0,MATCH,MATCH,2020-10-07T11:08:32,2020-10-07T11:08:32,MATCH
session2633|non_registered_export,non_registered_export,false,59,59,MATCH,0,0,MATCH,MATCH,2020-10-09T11:43:28,2020-10-09T11:43:28,MATCH
session2634|non_registered_export,non_registered_export,false,99,99,MATCH,51,51,MATCH,MATCH,2020-10-28T11:06:15,2020-10-28T11:06:15,MATCH
session2635|registered_export,registered_export,false,593,593,MATCH,112,112,MATCH,MATCH,2020-11-04T11:08:06,2020-11-04T11:08:06,MATCH
session2636|registered_export,registered_export,false,462,462,MATCH,37,37,MATCH,MATCH,2020-10-19T11:32:00,2020-10-19T11:32:00,MATCH
session2637|registered_export,registered_export,false,520,520,MATCH,56,56,MATCH,MATCH,2020-11-03T10:47:52,2020-11-03T10:47:52,MATCH
session2638|registered_export,registered_export,false,589,589,MATCH,87,87,MATCH,MATCH,2020-11-17T11:14:26,2020-11-17T11:14:26,MATCH
session2639|registered_export,registered_export,false,338,338,MATCH,60,60,MATCH,MATCH,2020-11-12T11:04:03,2020-11-12T11:04:03,MATCH
session263|registered_export,registered_export,false,325,325,MATCH,67,67,MATCH,MATCH,2020-10-20T10:47:36,2020-10-20T10:47:36,MATCH
session2640|non_registered_export,non_registered_export,false,125,125,MATCH,19,19,MATCH,MATCH,2020-11-04T11:41:25,2020-11-04T11:41:25,MATCH
session2641|registered_export,registered_export,false,501,501,MATCH,53,53,MATCH,MATCH,2020-11-09T11:07:58,2020-11-09T11:07:58,MATCH
session2642|registered_export,registered_export,false,262,262,MATCH,64,64,MATCH,MATCH,2020-10-05T12:04:25,2020-10-05T12:04:25,MATCH
session2643|registered_export,registered_export,false,372,372,MATCH,69,69,MATCH,MATCH,2020-10-13T11:34:11,2020-10-13T11:34:11,MATCH
session2644|registered_export,registered_export,false,622,622,MATCH,99,99,MATCH,MATCH,2020-10-28T10:36:09,2020-10-28T10:36:09,MATCH
session2645|non_registered_export,non_registered_export,false,785,785,MATCH,53,53,MATCH,MATCH,2020-10-30T12:14:20,2020-10-30T12:14:20,MATCH
session2646|registered_export,registered_export,false,887,887,MATCH,16,16,MATCH,MATCH,2020-10-30T11:18:51,2020-10-30T11:18:51,MATCH
session2647|registered_export,registered_export,false,553,553,MATCH,130,130,MATCH,MATCH,2020-10-26T10:57:57,2020-10-26T10:57:57,MATCH
session2648|registered_export,registered_export,false,353,353,MATCH,45,45,MATCH,MATCH,2020-11-02T11:33:49,2020-11-02T11:33:49,MATCH
session2649|non_registered_export,non_registered_export,false,3,3,MATCH,0,0,MATCH,MATCH,2020-10-09T12:15:04,2020-10-09T12:15:04,MATCH
session264|non_registered_export,non_registered_export,false,1,1,MATCH,0,0,MATCH,MATCH,2020-10-05T12:38:38,2020-10-05T12:38:38,MATCH
session2650|non_registered_export,non_registered_export,false,215,215,MATCH,69,69,MATCH,MATCH,2020-11-06T11:49:17,2020-11-06T11:49:17,MATCH
session2651|non_registered_export,non_registered_export,false,1436,1436,MATCH,15,15,MATCH,MATCH,2020-10-05T11:55:19,2020-10-05T11:55:19,MATCH
session2652|registered_export,registered_export,false,491,491,MATCH,61,61,MATCH,MATCH,2020-10-28T11:27:34,2020-10-28T11:27:34,MATCH
session2653|non_registered_export,non_registered_export,false,455,455,MATCH,64,64,MATCH,MATCH,2020-10-29T10:53:26,2020-10-29T10:53:26,MATCH
session2654|non_registered_export,non_registered_export,false,458,458,MATCH,13,13,MATCH,MATCH,2020-10-29T10:43:29,2020-10-29T10:43:29,MATCH
session2655|non_registered_export,non_registered_export,false,10,10,MATCH,34,34,MATCH,MATCH,2020-10-12T10:45:11,2020-10-12T10:45:11,MATCH
session2656|non_registered_export,non_registered_export,false,401,401,MATCH,65,65,MATCH,MATCH,2020-10-14T12:33:11,2020-10-14T12:33:11,MATCH
session2657|non_registered_export,non_registered_export,false,184,184,MATCH,76,76,MATCH,MATCH,2020-11-11T11:21:19,2020-11-11T11:21:19,MATCH
session2658|registered_export,registered_export,false,446,446,MATCH,66,66,MATCH,MATCH,2020-10-19T11:32:17,2020-10-19T11:32:17,MATCH
session2659|non_registered_export,non_registered_export,false,597,597,MATCH,0,0,MATCH,MATCH,2020-10-09T12:45:38,2020-10-09T12:45:38,MATCH
session265|registered_export,registered_export,false,267,267,MATCH,42,42,MATCH,MATCH,2020-11-05T12:30:37,2020-11-05T12:30:37,MATCH
session2660|registered_export,registered_export,false,366,366,MATCH,78,78,MATCH,MATCH,2020-10-05T11:42:24,2020-10-05T11:42:24,MATCH
session2661|non_registered_export,non_registered_export,false,202,202,MATCH,26,26,MATCH,MATCH,2020-11-04T11:37:10,2020-11-04T11:37:10,MATCH
session2662|non_registered_export,non_registered_export,false,103,103,MATCH,0,0,MATCH,MATCH,2020-10-14T13:14:07,2020-10-14T13:14:07,MATCH
session2663|registered_export,registered_export,false,578,578,MATCH,74,74,MATCH,MATCH,2020-11-13T11:10:59,2020-11-13T11:10:59,MATCH
session2664|registered_export,registered_export,false,378,378,MATCH,68,68,MATCH,MATCH,2020-10-07T11:09:03,2020-10-07T11:09:03,MATCH
session2665|registered_export,registered_export,false,992,992,MATCH,50,50,MATCH,MATCH,2020-10-08T10:48:11,2020-10-08T10:48:11,MATCH
session2666|registered_export,registered_export,false,517,517,MATCH,71,71,MATCH,MATCH,2020-10-20T11:12:09,2020-10-20T11:12:09,MATCH
session2667|registered_export,registered_export,false,1024,1024,MATCH,54,54,MATCH,MATCH,2020-10-12T11:32:52,2020-10-12T11:32:52,MATCH
session2668|registered_export,registered_export,false,1960,1960,MATCH,84,84,MATCH,MATCH,2020-11-04T12:01:47,2020-11-04T12:01:47,MATCH
session2669|non_registered_export,non_registered_export,false,3,3,MATCH,0,0,MATCH,MATCH,2020-10-29T11:09:34,2020-10-29T11:09:34,MATCH
session266|registered_export,registered_export,false,433,433,MATCH,63,63,MATCH,MATCH,2020-11-10T11:32:02,2020-11-10T11:32:02,MATCH
session2670|non_registered_export,non_registered_export,false,454,454,MATCH,79,79,MATCH,MATCH,2020-10-26T10:54:37,2020-10-26T10:54:37,MATCH
session2671|registered_export,registered_export,false,619,619,MATCH,72,72,MATCH,MATCH,2020-11-20T11:09:21,2020-11-20T11:09:21,MATCH
session2672|registered_export,registered_export,false,540,540,MATCH,74,74,MATCH,MATCH,2020-10-13T11:24:31,2020-10-13T11:24:31,MATCH
session2673|non_registered_export,non_registered_export,false,366,366,MATCH,25,25,MATCH,MATCH,2020-10-26T12:38:51,2020-10-26T12:38:51,MATCH
session2674|registered_export,registered_export,false,411,411,MATCH,69,69,MATCH,MATCH,2020-10-23T11:11:13,2020-10-23T11:11:13,MATCH
session2675|non_registered_export,non_registered_export,false,8,8,MATCH,58,58,MATCH,MATCH,2020-10-29T11:59:20,2020-10-29T11:59:20,MATCH
session2676|registered_export,registered_export,false,492,492,MATCH,81,81,MATCH,MATCH,2020-11-02T10:38:12,2020-11-02T10:38:12,MATCH
session2677|non_registered_export,non_registered_export,false,505,505,MATCH,70,70,MATCH,MATCH,2020-10-27T11:03:08,2020-10-27T11:03:08,MATCH
session2678|non_registered_export,non_registered_export,false,739,739,MATCH,90,90,MATCH,MATCH,2020-11-12T10:39:57,2020-11-12T10:39:57,MATCH
session2679|non_registered_export,non_registered_export,false,7,7,MATCH,36,36,MATCH,MATCH,2020-11-03T10:56:01,2020-11-03T10:56:01,MATCH
session267|non_registered_export,non_registered_export,false,260,260,MATCH,56,56,MATCH,MATCH,2020-11-02T10:58:32,2020-11-02T10:58:32,MATCH
session2680|non_registered_export,non_registered_export,false,171,171,MATCH,36,36,MATCH,MATCH,2020-10-05T10:39:43,2020-10-05T10:39:43,MATCH
session2681|registered_export,registered_export,false,596,596,MATCH,57,57,MATCH,MATCH,2020-10-27T11:10:46,2020-10-27T11:10:46,MATCH
session2682|registered_export,registered_export,false,472,472,MATCH,83,83,MATCH,MATCH,2020-10-07T11:50:00,2020-10-07T11:50:00,MATCH
session2683|non_registered_export,non_registered_export,false,396,396,MATCH,85,85,MATCH,MATCH,2020-10-21T11:22:55,2020-10-21T11:22:55,MATCH
session2684|registered_export,registered_export,false,387,387,MATCH,57,57,MATCH,MATCH,2020-10-13T10:34:53,2020-10-13T10:34:53,MATCH
session2685|non_registered_export,non_registered_export,false,522,522,MATCH,47,47,MATCH,MATCH,2020-11-02T11:27:40,2020-11-02T11:27:40,MATCH
session2686|registered_export,registered_export,false,934,934,MATCH,2190,2190,MATCH,MATCH,2020-10-27T11:09:19,2020-10-27T11:09:19,MATCH
session2687|registered_export,registered_export,false,480,480,MATCH,85,85,MATCH,MATCH,2020-11-20T12:28:33,2020-11-20T12:28:33,MATCH
session2688|non_registered_export,non_registered_export,false,161,161,MATCH,34,34,MATCH,MATCH,2020-11-12T11:20:56,2020-11-12T11:20:56,MATCH
session2689|non_registered_export,non_registered_export,false,6,6,MATCH,57,57,MATCH,MATCH,2020-10-13T11:46:43,2020-10-13T11:46:43,MATCH
session268|non_registered_export,non_registered_export,false,2640,2640,MATCH,153,153,MATCH,MATCH,2020-11-13T11:49:07,2020-11-13T11:49:07,MATCH
session2690|registered_export,registered_export,false,470,470,MATCH,63,63,MATCH,MATCH,2020-10-21T11:41:57,2020-10-21T11:41:57,MATCH
session2691|registered_export,registered_export,false,414,414,MATCH,54,54,MATCH,MATCH,2020-11-18T10:45:50,2020-11-18T10:45:50,MATCH
session2692|registered_export,registered_export,false,443,443,MATCH,60,60,MATCH,MATCH,2020-11-10T11:24:24,2020-11-10T11:24:24,MATCH
session2693|non_registered_export,non_registered_export,false,464,464,MATCH,51,51,MATCH,MATCH,2020-10-06T12:54:37,2020-10-06T12:54:37,MATCH
session2694|non_registered_export,non_registered_export,false,164,164,MATCH,0,0,MATCH,MATCH,2020-10-28T11:38:37,2020-10-28T11:38:37,MATCH
session2695|non_registered_export,non_registered_export,false,182,182,MATCH,63,63,MATCH,MATCH,2020-11-05T12:02:40,2020-11-05T12:02:40,MATCH
session2696|registered_export,registered_export,false,485,485,MATCH,72,72,MATCH,MATCH,2020-10-21T11:04:46,2020-10-21T11:04:46,MATCH
session2697|non_registered_export,non_registered_export,false,192,192,MATCH,107,107,MATCH,MATCH,2020-10-14T11:13:25,2020-10-14T11:13:25,MATCH
session2698|registered_export,registered_export,false,651,651,MATCH,80,80,MATCH,MATCH,2020-11-17T12:49:02,2020-11-17T12:49:02,MATCH
session2699|non_registered_export,non_registered_export,false,209,209,MATCH,0,0,MATCH,MATCH,2020-10-09T11:12:06,2020-10-09T11:12:06,MATCH
session269|non_registered_export,non_registered_export,false,1,1,MATCH,0,0,MATCH,MATCH,2020-10-05T11:38:42,2020-10-05T11:38:42,MATCH
session26|registered_export,registered_export,false,364,364,MATCH,64,64,MATCH,MATCH,2020-10-27T12:05:53,2020-10-27T12:05:53,MATCH
session2700|registered_export,registered_export,false,394,394,MATCH,79,79,MATCH,MATCH,2020-11-16T12:05:09,2020-11-16T12:05:09,MATCH
session2701|registered_export,registered_export,false,631,631,MATCH,76,76,MATCH,MATCH,2020-11-04T10:38:05,2020-11-04T10:38:05,MATCH
session2702|registered_export,registered_export,false,325,325,MATCH,58,58,MATCH,MATCH,2020-11-09T11:04:31,2020-11-09T11:04:31,MATCH
session2703|registered_export,registered_export,false,520,520,MATCH,35,35,MATCH,MATCH,2020-11-11T11:15:56,2020-11-11T11:15:56,MATCH
session2704|registered_export,registered_export,false,731,731,MATCH,147,147,MATCH,MATCH,2020-10-12T11:31:29,2020-10-12T11:31:29,MATCH
session2705|registered_export,registered_export,false,522,522,MATCH,51,51,MATCH,MATCH,2020-11-03T11:45:16,2020-11-03T11:45:16,MATCH
session2706|non_registered_export,non_registered_export,false,31,31,MATCH,17,17,MATCH,MATCH,2020-11-11T11:41:52,2020-11-11T11:41:52,MATCH
session2707|registered_export,registered_export,false,591,591,MATCH,56,56,MATCH,MATCH,2020-11-19T11:10:50,2020-11-19T11:10:50,MATCH
session2708|non_registered_export,non_registered_export,false,7,7,MATCH,57,57,MATCH,MATCH,2020-10-22T11:01:01,2020-10-22T11:01:01,MATCH
session2709|non_registered_export,non_registered_export,false,3,3,MATCH,0,0,MATCH,MATCH,2020-11-09T12:29:13,2020-11-09T12:29:13,MATCH
session270|registered_export,registered_export,false,420,420,MATCH,81,81,MATCH,MATCH,2020-10-13T11:48:38,2020-10-13T11:48:38,MATCH
session2710|non_registered_export,non_registered_export,false,18,18,MATCH,0,0,MATCH,MATCH,2020-10-21T10:31:59,2020-10-21T10:31:59,MATCH
session2711|non_registered_export,non_registered_export,false,1181,1181,MATCH,54,54,MATCH,MATCH,2020-11-10T10:35:08,2020-11-10T10:35:08,MATCH
session2712|non_registered_export,non_registered_export,false,191,191,MATCH,0,0,MATCH,MATCH,2020-10-23T11:00:50,2020-10-23T11:00:50,MATCH
session2713|non_registered_export,non_registered_export,false,631,631,MATCH,69,69,MATCH,MATCH,2020-10-12T12:22:36,2020-10-12T12:22:36,MATCH
session2714|registered_export,registered_export,false,978,978,MATCH,79,79,MATCH,MATCH,2020-11-04T10:52:19,2020-11-04T10:52:19,MATCH
session2715|registered_export,registered_export,false,685,685,MATCH,74,74,MATCH,MATCH,2020-11-10T10:52:47,2020-11-10T10:52:47,MATCH
session2716|registered_export,registered_export,false,505,505,MATCH,86,86,MATCH,MATCH,2020-10-27T10:37:46,2020-10-27T10:37:46,MATCH
session2717|registered_export,registered_export,false,545,545,MATCH,70,70,MATCH,MATCH,2020-11-09T11:08:21,2020-11-09T11:08:21,MATCH
session2718|non_registered_export,non_registered_export,false,324,324,MATCH,0,0,MATCH,MATCH,2020-11-05T12:30:36,2020-11-05T12:30:36,MATCH
session2719|registered_export,registered_export,false,372,372,MATCH,81,81,MATCH,MATCH,2020-10-28T11:39:01,2020-10-28T11:39:01,MATCH
session271|non_registered_export,non_registered_export,false,1058,1058,MATCH,47,47,MATCH,MATCH,2020-10-09T12:24:48,2020-10-09T12:24:48,MATCH
session2720|registered_export,registered_export,false,1191,1191,MATCH,45,45,MATCH,MATCH,2020-10-19T12:11:05,2020-10-19T12:11:05,MATCH
session2721|registered_export,registered_export,false,458,458,MATCH,46,46,MATCH,MATCH,2020-10-07T11:40:16,2020-10-07T11:40:16,MATCH
session2722|non_registered_export,non_registered_export,false,593,593,MATCH,34,34,MATCH,MATCH,2020-10-05T12:54:06,2020-10-05T12:54:06,MATCH
session2723|non_registered_export,non_registered_export,false,7,7,MATCH,0,0,MATCH,MATCH,2020-10-07T11:36:44,2020-10-07T11:36:44,MATCH
session2724|non_registered_export,non_registered_export,false,801,801,MATCH,62,62,MATCH,MATCH,2020-10-16T12:43:12,2020-10-16T12:43:12,MATCH
session2725|registered_export,registered_export,false,700,700,MATCH,38,38,MATCH,MATCH,2020-10-26T11:18:17,2020-10-26T11:18:17,MATCH
session2726|registered_export,registered_export,false,387,387,MATCH,86,86,MATCH,MATCH,2020-10-07T11:18:51,2020-10-07T11:18:51,MATCH
session2727|non_registered_export,non_registered_export,false,5,5,MATCH,54,54,MATCH,MATCH,2020-11-12T11:47:56,2020-11-12T11:47:56,MATCH
session2728|registered_export,registered_export,false,471,471,MATCH,86,86,MATCH,MATCH,2020-11-18T11:11:13,2020-11-18T11:11:13,MATCH
session2729|non_registered_export,non_registered_export,false,416,416,MATCH,70,70,MATCH,MATCH,2020-11-06T11:53:21,2020-11-06T11:53:21,MATCH
session272|non_registered_export,non_registered_export,false,133,133,MATCH,37,37,MATCH,MATCH,2020-10-22T10:45:10,2020-10-22T10:45:10,MATCH
session2730|registered_export,registered_export,false,585,585,MATCH,59,59,MATCH,MATCH,2020-10-07T10:38:23,2020-10-07T10:38:23,MATCH
session2731|registered_export,registered_export,false,1038,1038,MATCH,89,89,MATCH,MATCH,2020-10-13T11:23:59,2020-10-13T11:23:59,MATCH
session2732|registered_export,registered_export,false,423,423,MATCH,68,68,MATCH,MATCH,2020-10-27T12:17:32,2020-10-27T12:17:32,MATCH
session2733|non_registered_export,non_registered_export,false,88,88,MATCH,56,56,MATCH,MATCH,2020-11-04T11:01:15,2020-11-04T11:01:15,MATCH
session2734|non_registered_export,non_registered_export,false,361,361,MATCH,29,29,MATCH,MATCH,2020-10-15T12:49:02,2020-10-15T12:49:02,MATCH
session2735|registered_export,registered_export,false,548,548,MATCH,52,52,MATCH,MATCH,2020-10-12T11:29:03,2020-10-12T11:29:03,MATCH
session2736|registered_export,registered_export,false,509,509,MATCH,73,73,MATCH,MATCH,2020-11-04T11:00:58,2020-11-04T11:00:58,MATCH
session2737|registered_export,registered_export,false,424,424,MATCH,88,88,MATCH,MATCH,2020-11-05T12:17:34,2020-11-05T12:17:34,MATCH
session2738|non_registered_export,non_registered_export,false,4,4,MATCH,12,12,MATCH,MATCH,2020-10-22T11:39:16,2020-10-22T11:39:16,MATCH
session2739|registered_export,registered_export,false,321,321,MATCH,92,92,MATCH,MATCH,2020-11-20T11:46:01,2020-11-20T11:46:01,MATCH
session273|registered_export,registered_export,false,1021,1021,MATCH,50,50,MATCH,MATCH,2020-10-07T11:32:46,2020-10-07T11:32:46,MATCH
session2740|non_registered_export,non_registered_export,false,499,499,MATCH,21,21,MATCH,MATCH,2020-11-02T12:55:52,2020-11-02T12:55:52,MATCH
session2741|non_registered_export,non_registered_export,false,335,335,MATCH,179,179,MATCH,MATCH,2020-10-30T11:39:21,2020-10-30T11:39:21,MATCH
session2742|registered_export,registered_export,false,611,611,MATCH,49,49,MATCH,MATCH,2020-10-21T11:41:15,2020-10-21T11:41:15,MATCH
session2743|registered_export,registered_export,false,620,620,MATCH,109,109,MATCH,MATCH,2020-11-03T12:17:06,2020-11-03T12:17:06,MATCH
session2744|registered_export,registered_export,false,1726,1726,MATCH,106,106,MATCH,MATCH,2020-10-19T11:00:49,2020-10-19T11:00:49,MATCH
session2745|non_registered_export,non_registered_export,false,1,1,MATCH,0,0,MATCH,MATCH,2020-11-04T11:56:12,2020-11-04T11:56:12,MATCH
session2746|registered_export,registered_export,false,445,445,MATCH,76,76,MATCH,MATCH,2020-11-11T11:18:21,2020-11-11T11:18:21,MATCH
session2747|registered_export,registered_export,false,79,79,MATCH,14,14,MATCH,MATCH,2020-10-26T11:20:08,2020-10-26T11:20:08,MATCH
session2748|non_registered_export,non_registered_export,false,44,44,MATCH,9,9,MATCH,MATCH,2020-10-22T12:43:34,2020-10-22T12:43:34,MATCH
session2749|registered_export,registered_export,false,452,452,MATCH,81,81,MATCH,MATCH,2020-10-06T10:52:22,2020-10-06T10:52:22,MATCH
session274|registered_export,registered_export,false,524,524,MATCH,32,32,MATCH,MATCH,2020-11-05T12:19:53,2020-11-05T12:19:53,MATCH
session2750|registered_export,registered_export,false,318,318,MATCH,110,110,MATCH,MATCH,2020-11-10T11:57:49,2020-11-10T11:57:49,MATCH
session2751|non_registered_export,non_registered_export,false,349,349,MATCH,74,74,MATCH,MATCH,2020-10-14T11:30:46,2020-10-14T11:30:46,MATCH
session2752|registered_export,registered_export,false,444,444,MATCH,54,54,MATCH,MATCH,2020-11-20T11:17:52,2020-11-20T11:17:52,MATCH
session2753|non_registered_export,non_registered_export,false,344,344,MATCH,61,61,MATCH,MATCH,2020-10-27T12:31:37,2020-10-27T12:31:37,MATCH
session2754|non_registered_export,non_registered_export,false,4,4,MATCH,0,0,MATCH,MATCH,2020-10-22T11:25:49,2020-10-22T11:25:49,MATCH
session2755|non_registered_export,non_registered_export,false,1,1,MATCH,0,0,MATCH,MATCH,2020-10-07T12:20:52,2020-10-07T12:20:52,MATCH
session2756|non_registered_export,non_registered_export,false,471,471,MATCH,55,55,MATCH,MATCH,2020-10-29T10:32:28,2020-10-29T10:32:28,MATCH
session2757|non_registered_export,non_registered_export,false,215,215,MATCH,7,7,MATCH,MATCH,2020-10-28T13:04:19,2020-10-28T13:04:19,MATCH
session2758|non_registered_export,non_registered_export,false,1218,1218,MATCH,73,73,MATCH,MATCH,2020-10-14T12:02:21,2020-10-14T12:02:21,MATCH
session2759|registered_export,registered_export,false,354,354,MATCH,43,43,MATCH,MATCH,2020-11-10T10:54:10,2020-11-10T10:54:10,MATCH
session275|non_registered_export,non_registered_export,false,5,5,MATCH,31,31,MATCH,MATCH,2020-11-13T11:31:27,2020-11-13T11:31:27,MATCH
session2760|registered_export,registered_export,false,511,511,MATCH,92,92,MATCH,MATCH,2020-10-28T12:14:47,2020-10-28T12:14:47,MATCH
session2761|non_registered_export,non_registered_export,false,230,230,MATCH,109,109,MATCH,MATCH,2020-10-09T11:26:41,2020-10-09T11:26:41,MATCH
session2762|non_registered_export,non_registered_export,false,84,84,MATCH,0,0,MATCH,MATCH,2020-10-29T11:24:17,2020-10-29T11:24:17,MATCH
session2763|registered_export,registered_export,false,463,463,MATCH,98,98,MATCH,MATCH,2020-10-13T11:55:00,2020-10-13T11:55:00,MATCH
session2764|registered_export,registered_export,false,541,541,MATCH,47,47,MATCH,MATCH,2020-10-27T10:36:04,2020-10-27T10:36:04,MATCH
session2765|non_registered_export,non_registered_export,false,667,667,MATCH,48,48,MATCH,MATCH,2020-10-14T10:46:01,2020-10-14T10:46:01,MATCH
session2766|non_registered_export,non_registered_export,false,79,79,MATCH,18,18,MATCH,MATCH,2020-11-02T12:04:58,2020-11-02T12:04:58,MATCH
session2767|registered_export,registered_export,false,909,909,MATCH,101,101,MATCH,MATCH,2020-11-19T10:48:06,2020-11-19T10:48:06,MATCH
session2768|registered_export,registered_export,false,108,108,MATCH,30,30,MATCH,MATCH,2020-11-06T12:34:15,2020-11-06T12:34:15,MATCH
session2769|registered_export,registered_export,false,308,308,MATCH,46,46,MATCH,MATCH,2020-11-04T12:08:14,2020-11-04T12:08:14,MATCH
session276|registered_export,registered_export,false,635,635,MATCH,111,111,MATCH,MATCH,2020-10-13T12:03:27,2020-10-13T12:03:27,MATCH
session2770|non_registered_export,non_registered_export,false,1654,1654,MATCH,57,57,MATCH,MATCH,2020-10-21T11:34:05,2020-10-21T11:34:05,MATCH
session2771|registered_export,registered_export,false,347,347,MATCH,42,42,MATCH,MATCH,2020-10-07T12:25:22,2020-10-07T12:25:22,MATCH
session2772|registered_export,registered_export,false,475,475,MATCH,67,67,MATCH,MATCH,2020-10-19T11:17:24,2020-10-19T11:17:24,MATCH
session2773|registered_export,registered_export,false,472,472,MATCH,53,53,MATCH,MATCH,2020-10-07T11:52:57,2020-10-07T11:52:57,MATCH
session2774|registered_export,registered_export,false,454,454,MATCH,89,89,MATCH,MATCH,2020-11-06T11:09:12,2020-11-06T11:09:12,MATCH
session2775|registered_export,registered_export,false,677,677,MATCH,61,61,MATCH,MATCH,2020-10-08T10:52:23,2020-10-08T10:52:23,MATCH
session2776|registered_export,registered_export,false,603,603,MATCH,111,111,MATCH,MATCH,2020-10-21T11:36:14,2020-10-21T11:36:14,MATCH
session2777|non_registered_export,non_registered_export,false,1,1,MATCH,0,0,MATCH,MATCH,2020-10-06T11:52:25,2020-10-06T11:52:25,MATCH
session2778|registered_export,registered_export,false,1885,1885,MATCH,109,109,MATCH,MATCH,2020-10-19T11:57:32,2020-10-19T11:57:32,MATCH
session2779|registered_export,registered_export,false,553,553,MATCH,83,83,MATCH,MATCH,2020-10-28T12:31:48,2020-10-28T12:31:48,MATCH
session277|non_registered_export,non_registered_export,false,30,30,MATCH,110,110,MATCH,MATCH,2020-11-11T11:50:39,2020-11-11T11:50:39,MATCH
session2780|non_registered_export,non_registered_export,false,7,7,MATCH,0,0,MATCH,MATCH,2020-10-06T12:13:49,2020-10-06T12:13:49,MATCH
session2781|non_registered_export,non_registered_export,false,3,3,MATCH,0,0,MATCH,MATCH,2020-10-13T12:17:04,2020-10-13T12:17:04,MATCH
session2782|non_registered_export,non_registered_export,false,946,946,MATCH,0,0,MATCH,MATCH,2020-11-02T12:00:52,2020-11-02T12:00:52,MATCH
session2783|non_registered_export,non_registered_export,false,201,201,MATCH,0,0,MATCH,MATCH,2020-11-10T10:56:18,2020-11-10T10:56:18,MATCH
session2784|registered_export,registered_export,false,639,639,MATCH,79,79,MATCH,MATCH,2020-11-02T11:54:02,2020-11-02T11:54:02,MATCH
session2785|registered_export,registered_export,false,391,391,MATCH,63,63,MATCH,MATCH,2020-10-21T10:47:54,2020-10-21T10:47:54,MATCH
session2786|registered_export,registered_export,false,1146,1146,MATCH,102,102,MATCH,MATCH,2020-10-19T12:04:40,2020-10-19T12:04:40,MATCH
session2787|non_registered_export,non_registered_export,false,6,6,MATCH,32,32,MATCH,MATCH,2020-10-19T11:31:48,2020-10-19T11:31:48,MATCH
session2788|registered_export,registered_export,false,579,579,MATCH,98,98,MATCH,MATCH,2020-10-30T11:07:56,2020-10-30T11:07:56,MATCH
session2789|non_registered_export,non_registered_export,false,115,115,MATCH,0,0,MATCH,MATCH,2020-11-09T11:00:45,2020-11-09T11:00:45,MATCH
session278|registered_export,registered_export,false,383,383,MATCH,88,88,MATCH,MATCH,2020-10-21T12:09:10,2020-10-21T12:09:10,MATCH
session2790|non_registered_export,non_registered_export,false,351,351,MATCH,103,103,MATCH,MATCH,2020-10-13T11:26:13,2020-10-13T11:26:13,MATCH
session2791|registered_export,registered_export,false,640,640,MATCH,93,93,MATCH,MATCH,2020-10-19T10:38:20,2020-10-19T10:38:20,MATCH
session2792|non_registered_export,non_registered_export,false,85,85,MATCH,0,0,MATCH,MATCH,2020-10-13T10:45:45,2020-10-13T10:45:45,MATCH
session2793|non_registered_export,non_registered_export,false,7,7,MATCH,0,0,MATCH,MATCH,2020-10-28T11:15:40,2020-10-28T11:15:40,MATCH
session2794|non_registered_export,non_registered_export,false,421,421,MATCH,62,62,MATCH,MATCH,2020-10-07T11:30:04,2020-10-07T11:30:04,MATCH
session2795|non_registered_export,non_registered_export,false,5,5,MATCH,0,0,MATCH,MATCH,2020-10-22T11:03:10,2020-10-22T11:03:10,MATCH
session2796|registered_export,registered_export,false,769,769,MATCH,74,74,MATCH,MATCH,2020-10-26T11:41:51,2020-10-26T11:41:51,MATCH
session2797|registered_export,registered_export,false,392,392,MATCH,57,57,MATCH,MATCH,2020-10-07T11:28:36,2020-10-07T11:28:36,MATCH
session2798|non_registered_export,non_registered_export,false,129,129,MATCH,26,26,MATCH,MATCH,2020-10-08T13:05:33,2020-10-08T13:05:33,MATCH
session2799|non_registered_export,non_registered_export,false,158,158,MATCH,0,0,MATCH,MATCH,2020-10-29T11:32:47,2020-10-29T11:32:47,MATCH
session279|non_registered_export,non_registered_export,false,856,856,MATCH,141,141,MATCH,MATCH,2020-11-13T11:49:41,2020-11-13T11:49:41,MATCH
session27|non_registered_export,non_registered_export,false,844,844,MATCH,19,19,MATCH,MATCH,2020-11-11T11:42:27,2020-11-11T11:42:27,MATCH
session2800|non_registered_export,non_registered_export,false,24,24,MATCH,0,0,MATCH,MATCH,2020-11-02T13:01:03,2020-11-02T13:01:03,MATCH
session2801|non_registered_export,non_registered_export,false,1236,1236,MATCH,88,88,MATCH,MATCH,2020-10-15T11:21:16,2020-10-15T11:21:16,MATCH
session2802|registered_export,registered_export,false,1382,1382,MATCH,63,63,MATCH,MATCH,2020-10-06T10:36:14,2020-10-06T10:36:14,MATCH
session2803|registered_export,registered_export,false,343,343,MATCH,67,67,MATCH,MATCH,2020-11-09T11:59:21,2020-11-09T11:59:21,MATCH
session2804|registered_export,registered_export,false,1036,1036,MATCH,59,59,MATCH,MATCH,2020-11-09T11:56:45,2020-11-09T11:56:45,MATCH
session2805|non_registered_export,non_registered_export,false,160,160,MATCH,66,66,MATCH,MATCH,2020-11-06T12:41:22,2020-11-06T12:41:22,MATCH
session2806|non_registered_export,non_registered_export,false,3,3,MATCH,0,0,MATCH,MATCH,2020-11-06T11:53:32,2020-11-06T11:53:32,MATCH
session2807|non_registered_export,non_registered_export,false,1035,1035,MATCH,59,59,MATCH,MATCH,2020-10-07T12:38:54,2020-10-07T12:38:54,MATCH
session2808|registered_export,registered_export,false,359,359,MATCH,100,100,MATCH,MATCH,2020-11-04T11:13:13,2020-11-04T11:13:13,MATCH
session2809|registered_export,registered_export,false,387,387,MATCH,71,71,MATCH,MATCH,2020-10-06T10:46:13,2020-10-06T10:46:13,MATCH
session280|registered_export,registered_export,false,495,495,MATCH,92,92,MATCH,MATCH,2020-10-29T11:35:05,2020-10-29T11:35:05,MATCH
session2810|registered_export,registered_export,false,228,228,MATCH,54,54,MATCH,MATCH,2020-10-13T10:35:43,2020-10-13T10:35:43,MATCH
session2811|registered_export,registered_export,false,451,451,MATCH,52,52,MATCH,MATCH,2020-10-19T11:32:26,2020-10-19T11:32:26,MATCH
session2812|non_registered_export,non_registered_export,false,540,540,MATCH,48,48,MATCH,MATCH,2020-10-28T11:30:08,2020-10-28T11:30:08,MATCH
session2813|non_registered_export,non_registered_export,false,48,48,MATCH,30,30,MATCH,MATCH,2020-11-04T12:03:46,2020-11-04T12:03:46,MATCH
session2814|registered_export,registered_export,false,413,413,MATCH,87,87,MATCH,MATCH,2020-11-05T11:05:58,2020-11-05T11:05:58,MATCH
session2815|non_registered_export,non_registered_export,false,443,443,MATCH,67,67,MATCH,MATCH,2020-10-13T10:52:19,2020-10-13T10:52:19,MATCH
session2816|non_registered_export,non_registered_export,false,3,3,MATCH,0,0,MATCH,MATCH,2020-10-30T11:36:50,2020-10-30T11:36:50,MATCH
session2817|non_registered_export,non_registered_export,false,198,198,MATCH,0,0,MATCH,MATCH,2020-10-05T12:20:28,2020-10-05T12:20:28,MATCH
session2818|registered_export,registered_export,false,288,288,MATCH,73,73,MATCH,MATCH,2020-11-18T11:06:57,2020-11-18T11:06:57,MATCH
session2819|non_registered_export,non_registered_export,false,217,217,MATCH,9,9,MATCH,MATCH,2020-10-21T10:58:43,2020-10-21T10:58:43,MATCH
session281|non_registered_export,non_registered_export,false,105,105,MATCH,0,0,MATCH,MATCH,2020-11-02T11:51:59,2020-11-02T11:51:59,MATCH
session2820|non_registered_export,non_registered_export,false,252,252,MATCH,0,0,MATCH,MATCH,2020-10-30T11:22:59,2020-10-30T11:22:59,MATCH
session2821|non_registered_export,non_registered_export,false,435,435,MATCH,0,0,MATCH,MATCH,2020-10-22T12:00:12,2020-10-22T12:00:12,MATCH
session2822|registered_export,registered_export,false,512,512,MATCH,68,68,MATCH,MATCH,2020-11-04T11:22:35,2020-11-04T11:22:35,MATCH
session2823|non_registered_export,non_registered_export,false,243,243,MATCH,75,75,MATCH,MATCH,2020-10-06T12:05:09,2020-10-06T12:05:09,MATCH
session2824|registered_export,registered_export,false,760,760,MATCH,80,80,MATCH,MATCH,2020-10-07T10:36:47,2020-10-07T10:36:47,MATCH
session2825|non_registered_export,non_registered_export,false,3,3,MATCH,0,0,MATCH,MATCH,2020-10-15T11:01:28,2020-10-15T11:01:28,MATCH
session2826|non_registered_export,non_registered_export,false,698,698,MATCH,52,52,MATCH,MATCH,2020-11-10T10:58:10,2020-11-10T10:58:10,MATCH
session2827|registered_export,registered_export,false,419,419,MATCH,84,84,MATCH,MATCH,2020-10-26T10:59:05,2020-10-26T10:59:05,MATCH
session2828|non_registered_export,non_registered_export,false,936,936,MATCH,71,71,MATCH,MATCH,2020-10-13T11:42:34,2020-10-13T11:42:34,MATCH
session2829|registered_export,registered_export,false,550,550,MATCH,17,17,MATCH,MATCH,2020-11-19T14:18:58,2020-11-19T14:18:58,MATCH
session282|registered_export,registered_export,false,374,374,MATCH,57,57,MATCH,MATCH,2020-10-20T10:49:46,2020-10-20T10:49:46,MATCH
session2830|non_registered_export,non_registered_export,false,1,1,MATCH,0,0,MATCH,MATCH,2020-10-15T11:19:56,2020-10-15T11:19:56,MATCH
session2831|non_registered_export,non_registered_export,false,572,572,MATCH,65,65,MATCH,MATCH,2020-10-06T12:07:28,2020-10-06T12:07:28,MATCH
session2832|registered_export,registered_export,false,419,419,MATCH,101,101,MATCH,MATCH,2020-11-04T11:12:31,2020-11-04T11:12:31,MATCH
session2833|non_registered_export,non_registered_export,false,7,7,MATCH,0,0,MATCH,MATCH,2020-11-12T12:10:12,2020-11-12T12:10:12,MATCH
session2834|registered_export,registered_export,false,544,544,MATCH,115,115,MATCH,MATCH,2020-11-04T12:18:26,2020-11-04T12:18:26,MATCH
session2835|registered_export,registered_export,false,725,725,MATCH,80,80,MATCH,MATCH,2020-10-07T10:44:42,2020-10-07T10:44:42,MATCH
session2836|non_registered_export,non_registered_export,false,6,6,MATCH,0,0,MATCH,MATCH,2020-10-26T13:23:29,2020-10-26T13:23:29,MATCH
session2837|non_registered_export,non_registered_export,false,5,5,MATCH,16,16,MATCH,MATCH,2020-10-12T10:40:25,2020-10-12T10:40:25,MATCH
session2838|non_registered_export,non_registered_export,false,266,266,MATCH,0,0,MATCH,MATCH,2020-10-09T12:30:24,2020-10-09T12:30:24,MATCH
session2839|registered_export,registered_export,false,348,348,MATCH,49,49,MATCH,MATCH,2020-10-07T12:18:27,2020-10-07T12:18:27,MATCH
session283|non_registered_export,non_registered_export,false,148,148,MATCH,0,0,MATCH,MATCH,2020-10-05T12:03:32,2020-10-05T12:03:32,MATCH
session2840|registered_export,registered_export,false,382,382,MATCH,71,71,MATCH,MATCH,2020-10-20T10:39:13,2020-10-20T10:39:13,MATCH
session2841|registered_export,registered_export,false,586,586,MATCH,72,72,MATCH,MATCH,2020-10-20T11:24:26,2020-10-20T11:24:26,MATCH
session2842|non_registered_export,non_registered_export,false,214,214,MATCH,40,40,MATCH,MATCH,2020-11-10T11:38:07,2020-11-10T11:38:07,MATCH
session2843|non_registered_export,non_registered_export,false,49,49,MATCH,84,84,MATCH,MATCH,2020-10-13T13:14:53,2020-10-13T13:14:53,MATCH
session2844|registered_export,registered_export,false,390,390,MATCH,129,129,MATCH,MATCH,2020-10-14T12:20:31,2020-10-14T12:20:31,MATCH
session2845|non_registered_export,non_registered_export,false,123,123,MATCH,47,47,MATCH,MATCH,2020-10-21T12:20:53,2020-10-21T12:20:53,MATCH
session2846|registered_export,registered_export,false,1122,1122,MATCH,115,115,MATCH,MATCH,2020-10-20T10:57:48,2020-10-20T10:57:48,MATCH
session2847|non_registered_export,non_registered_export,false,136,136,MATCH,40,40,MATCH,MATCH,2020-10-05T12:51:51,2020-10-05T12:51:51,MATCH
session2848|non_registered_export,non_registered_export,false,17,17,MATCH,0,0,MATCH,MATCH,2020-10-14T11:13:01,2020-10-14T11:13:01,MATCH
session2849|registered_export,registered_export,false,1185,1185,MATCH,45,45,MATCH,MATCH,2020-10-14T10:58:42,2020-10-14T10:58:42,MATCH
session284|non_registered_export,non_registered_export,false,26,26,MATCH,0,0,MATCH,MATCH,2020-10-07T13:04:39,2020-10-07T13:04:39,MATCH
session2850|registered_export,registered_export,false,587,587,MATCH,82,82,MATCH,MATCH,2020-11-10T11:05:06,2020-11-10T11:05:06,MATCH
session2851|non_registered_export,non_registered_export,false,131,131,MATCH,0,0,MATCH,MATCH,2020-10-07T12:11:24,2020-10-07T12:11:24,MATCH
session2852|registered_export,registered_export,false,464,464,MATCH,72,72,MATCH,MATCH,2020-11-12T12:31:50,2020-11-12T12:31:50,MATCH
session2853|non_registered_export,non_registered_export,false,242,242,MATCH,101,101,MATCH,MATCH,2020-10-20T12:01:35,2020-10-20T12:01:35,MATCH
session2854|non_registered_export,non_registered_export,false,207,207,MATCH,23,23,MATCH,MATCH,2020-10-14T11:01:21,2020-10-14T11:01:21,MATCH
session2855|non_registered_export,non_registered_export,false,433,433,MATCH,30,30,MATCH,MATCH,2020-10-28T13:17:04,2020-10-28T13:17:04,MATCH
session2856|registered_export,registered_export,false,38,38,MATCH,0,0,MATCH,MATCH,2020-10-30T11:21:25,2020-10-30T11:21:25,MATCH
session2857|registered_export,registered_export,false,580,580,MATCH,57,57,MATCH,MATCH,2020-10-23T11:27:06,2020-10-23T11:27:06,MATCH
session2858|non_registered_export,non_registered_export,false,249,249,MATCH,12,12,MATCH,MATCH,2020-10-27T11:39:25,2020-10-27T11:39:25,MATCH
session2859|registered_export,registered_export,false,511,511,MATCH,56,56,MATCH,MATCH,2020-11-16T11:26:04,2020-11-16T11:26:04,MATCH
session285|non_registered_export,non_registered_export,false,1452,1452,MATCH,49,49,MATCH,MATCH,2020-11-05T12:14:26,2020-11-05T12:14:26,MATCH
session2860|non_registered_export,non_registered_export,false,5,5,MATCH,0,0,MATCH,MATCH,2020-11-12T11:18:02,2020-11-12T11:18:02,MATCH
session2861|registered_export,registered_export,false,537,537,MATCH,90,90,MATCH,MATCH,2020-10-20T12:03:25,2020-10-20T12:03:25,MATCH
session2862|registered_export,registered_export,false,449,449,MATCH,30,30,MATCH,MATCH,2020-11-06T10:47:13,2020-11-06T10:47:13,MATCH
session2863|non_registered_export,non_registered_export,false,19,19,MATCH,0,0,MATCH,MATCH,2020-11-11T10:37:00,2020-11-11T10:37:00,MATCH
session2864|registered_export,registered_export,false,485,485,MATCH,109,109,MATCH,MATCH,2020-10-14T12:17:39,2020-10-14T12:17:39,MATCH
session2865|non_registered_export,non_registered_export,false,185,185,MATCH,24,24,MATCH,MATCH,2020-10-27T13:03:04,2020-10-27T13:03:04,MATCH
session2866|non_registered_export,non_registered_export,false,168,168,MATCH,78,78,MATCH,MATCH,2020-10-29T11:47:47,2020-10-29T11:47:47,MATCH
session2867|non_registered_export,non_registered_export,false,2,2,MATCH,0,0,MATCH,MATCH,2020-11-12T12:59:43,2020-11-12T12:59:43,MATCH
session2868|non_registered_export,non_registered_export,false,12,12,MATCH,54,54,MATCH,MATCH,2020-10-22T12:15:08,2020-10-22T12:15:08,MATCH
session2869|registered_export,registered_export,false,405,405,MATCH,114,114,MATCH,MATCH,2020-11-11T11:24:20,2020-11-11T11:24:20,MATCH
session286|non_registered_export,non_registered_export,false,798,798,MATCH,61,61,MATCH,MATCH,2020-10-15T12:06:20,2020-10-15T12:06:20,MATCH
session2870|non_registered_export,non_registered_export,false,246,246,MATCH,16,16,MATCH,MATCH,2020-10-13T11:16:53,2020-10-13T11:16:53,MATCH
session2871|non_registered_export,non_registered_export,false,249,249,MATCH,42,42,MATCH,MATCH,2020-11-04T10:28:35,2020-11-04T10:28:35,MATCH
session2872|registered_export,registered_export,false,550,550,MATCH,66,66,MATCH,MATCH,2020-11-16T12:11:37,2020-11-16T12:11:37,MATCH
session2873|registered_export,registered_export,false,749,749,MATCH,57,57,MATCH,MATCH,2020-11-09T10:37:08,2020-11-09T10:37:08,MATCH
session2874|non_registered_export,non_registered_export,false,293,293,MATCH,0,0,MATCH,MATCH,2020-10-12T12:15:41,2020-10-12T12:15:41,MATCH
session2875|non_registered_export,non_registered_export,false,378,378,MATCH,47,47,MATCH,MATCH,2020-11-06T10:56:25,2020-11-06T10:56:25,MATCH
session2876|registered_export,registered_export,false,378,378,MATCH,71,71,MATCH,MATCH,2020-10-26T10:49:27,2020-10-26T10:49:27,MATCH
session2877|registered_export,registered_export,false,702,702,MATCH,45,45,MATCH,MATCH,2020-11-11T10:58:02,2020-11-11T10:58:02,MATCH
session2878|registered_export,registered_export,false,559,559,MATCH,92,92,MATCH,MATCH,2020-10-23T10:36:41,2020-10-23T10:36:41,MATCH
session2879|non_registered_export,non_registered_export,false,10,10,MATCH,0,0,MATCH,MATCH,2020-10-20T11:30:32,2020-10-20T11:30:32,MATCH
session287|registered_export,registered_export,false,568,568,MATCH,64,64,MATCH,MATCH,2020-10-28T10:50:21,2020-10-28T10:50:21,MATCH
session2880|registered_export,registered_export,false,492,492,MATCH,38,38,MATCH,MATCH,2020-10-26T10:51:43,2020-10-26T10:51:43,MATCH
session2881|non_registered_export,non_registered_export,false,2,2,MATCH,0,0,MATCH,MATCH,2020-10-28T10:59:35,2020-10-28T10:59:35,MATCH
session2882|registered_export,registered_export,false,349,349,MATCH,123,123,MATCH,MATCH,2020-10-27T10:59:22,2020-10-27T10:59:22,MATCH
session2883|registered_export,registered_export,false,539,539,MATCH,63,63,MATCH,MATCH,2020-10-26T11:04:32,2020-10-26T11:04:32,MATCH
session2884|non_registered_export,non_registered_export,false,368,368,MATCH,57,57,MATCH,MATCH,2020-10-14T12:35:13,2020-10-14T12:35:13,MATCH
session2885|registered_export,registered_export,false,432,432,MATCH,119,119,MATCH,MATCH,2020-10-19T11:58:02,2020-10-19T11:58:02,MATCH
session2886|non_registered_export,non_registered_export,false,183,183,MATCH,0,0,MATCH,MATCH,2020-11-10T11:07:41,2020-11-10T11:07:41,MATCH
session2887|registered_export,registered_export,false,309,309,MATCH,29,29,MATCH,MATCH,2020-11-09T11:15:11,2020-11-09T11:15:11,MATCH
session2888|registered_export,registered_export,false,516,516,MATCH,59,59,MATCH,MATCH,2020-11-10T12:18:28,2020-11-10T12:18:28,MATCH
session2889|registered_export,registered_export,false,95,95,MATCH,28,28,MATCH,MATCH,2020-11-06T11:36:04,2020-11-06T11:36:04,MATCH
session288|non_registered_export,non_registered_export,false,428,428,MATCH,0,0,MATCH,MATCH,2020-11-10T11:20:21,2020-11-10T11:20:21,MATCH
session2890|registered_export,registered_export,false,554,554,MATCH,74,74,MATCH,MATCH,2020-11-20T12:23:45,2020-11-20T12:23:45,MATCH
session2891|non_registered_export,non_registered_export,false,43,43,MATCH,0,0,MATCH,MATCH,2020-10-26T12:29:05,2020-10-26T12:29:05,MATCH
session2892|non_registered_export,non_registered_export,false,1027,1027,MATCH,0,0,MATCH,MATCH,2020-10-12T11:20:56,2020-10-12T11:20:56,MATCH
session2893|non_registered_export,non_registered_export,false,1170,1170,MATCH,150,150,MATCH,MATCH,2020-10-09T12:17:58,2020-10-09T12:17:58,MATCH
session2894|non_registered_export,non_registered_export,false,480,480,MATCH,40,40,MATCH,MATCH,2020-11-05T10:40:16,2020-11-05T10:40:16,MATCH
session2895|non_registered_export,non_registered_export,false,569,569,MATCH,73,73,MATCH,MATCH,2020-10-28T11:42:16,2020-10-28T11:42:16,MATCH
session2896|registered_export,registered_export,false,1058,1058,MATCH,106,106,MATCH,MATCH,2020-10-13T10:50:57,2020-10-13T10:50:57,MATCH
session2897|non_registered_export,non_registered_export,false,146,146,MATCH,15,15,MATCH,MATCH,2020-10-22T11:25:25,2020-10-22T11:25:25,MATCH
session2898|registered_export,registered_export,false,276,276,MATCH,0,0,MATCH,MATCH,2020-11-09T13:12:36,2020-11-09T13:12:36,MATCH
session2899|registered_export,registered_export,false,503,503,MATCH,83,83,MATCH,MATCH,2020-11-05T12:04:08,2020-11-05T12:04:08,MATCH
session289|registered_export,registered_export,false,419,419,MATCH,51,51,MATCH,MATCH,2020-11-06T11:49:45,2020-11-06T11:49:45,MATCH
session28|registered_export,registered_export,false,453,453,MATCH,31,31,MATCH,MATCH,2020-10-21T12:14:14,2020-10-21T12:14:14,MATCH
session2900|non_registered_export,non_registered_export,false,90,90,MATCH,0,0,MATCH,MATCH,2020-10-15T11:01:57,2020-10-15T11:01:57,MATCH
session2901|non_registered_export,non_registered_export,false,172,172,MATCH,0,0,MATCH,MATCH,2020-11-03T11:56:49,2020-11-03T11:56:49,MATCH
session2902|non_registered_export,non_registered_export,false,682,682,MATCH,36,36,MATCH,MATCH,2020-10-07T11:52:13,2020-10-07T11:52:13,MATCH
session2903|registered_export,registered_export,false,308,308,MATCH,85,85,MATCH,MATCH,2020-11-03T12:03:58,2020-11-03T12:03:58,MATCH
session2904|non_registered_export,non_registered_export,false,36,36,MATCH,23,23,MATCH,MATCH,2020-10-14T11:39:14,2020-10-14T11:39:14,MATCH
session2905|non_registered_export,non_registered_export,false,33,33,MATCH,0,0,MATCH,MATCH,2020-10-28T11:25:37,2020-10-28T11:25:37,MATCH
session2906|registered_export,registered_export,false,433,433,MATCH,74,74,MATCH,MATCH,2020-10-19T12:15:32,2020-10-19T12:15:32,MATCH
session2907|non_registered_export,non_registered_export,false,98,98,MATCH,52,52,MATCH,MATCH,2020-10-14T10:45:49,2020-10-14T10:45:49,MATCH
session2908|non_registered_export,non_registered_export,false,11,11,MATCH,0,0,MATCH,MATCH,2020-11-13T11:58:49,2020-11-13T11:58:49,MATCH
session2909|registered_export,registered_export,false,597,597,MATCH,50,50,MATCH,MATCH,2020-11-13T12:36:54,2020-11-13T12:36:54,MATCH
session290|registered_export,registered_export,false,472,472,MATCH,56,56,MATCH,MATCH,2020-11-11T12:03:33,2020-11-11T12:03:33,MATCH
session2910|non_registered_export,non_registered_export,false,25,25,MATCH,0,0,MATCH,MATCH,2020-10-05T11:05:42,2020-10-05T11:05:42,MATCH
session2911|registered_export,registered_export,false,227,227,MATCH,96,96,MATCH,MATCH,2020-10-05T12:03:52,2020-10-05T12:03:52,MATCH
session2912|registered_export,registered_export,false,539,539,MATCH,131,131,MATCH,MATCH,2020-11-20T12:28:43,2020-11-20T12:28:43,MATCH
session2913|non_registered_export,non_registered_export,false,1,1,MATCH,0,0,MATCH,MATCH,2020-11-02T12:07:04,2020-11-02T12:07:04,MATCH
session2914|registered_export,registered_export,false,344,344,MATCH,51,51,MATCH,MATCH,2020-10-05T10:50:32,2020-10-05T10:50:32,MATCH
session2915|non_registered_export,non_registered_export,false,557,557,MATCH,18,18,MATCH,MATCH,2020-11-06T12:40:30,2020-11-06T12:40:30,MATCH
session2916|registered_export,registered_export,false,461,461,MATCH,47,47,MATCH,MATCH,2020-11-06T10:30:40,2020-11-06T10:30:40,MATCH
session2917|registered_export,registered_export,false,407,407,MATCH,51,51,MATCH,MATCH,2020-11-11T10:38:07,2020-11-11T10:38:07,MATCH
session2918|registered_export,registered_export,false,1071,1071,MATCH,110,110,MATCH,MATCH,2020-10-05T11:41:10,2020-10-05T11:41:10,MATCH
session2919|non_registered_export,non_registered_export,false,372,372,MATCH,63,63,MATCH,MATCH,2020-10-22T10:48:04,2020-10-22T10:48:04,MATCH
session291|registered_export,registered_export,false,549,549,MATCH,86,86,MATCH,MATCH,2020-11-06T11:07:02,2020-11-06T11:07:02,MATCH
session2920|non_registered_export,non_registered_export,false,477,477,MATCH,47,47,MATCH,MATCH,2020-10-14T11:47:12,2020-10-14T11:47:12,MATCH
session2921|non_registered_export,non_registered_export,false,362,362,MATCH,26,26,MATCH,MATCH,2020-10-08T11:42:28,2020-10-08T11:42:28,MATCH
session2922|non_registered_export,non_registered_export,false,6,6,MATCH,79,79,MATCH,MATCH,2020-10-21T11:09:58,2020-10-21T11:09:58,MATCH
session2923|registered_export,registered_export,false,526,526,MATCH,56,56,MATCH,MATCH,2020-10-20T12:04:58,2020-10-20T12:04:58,MATCH
session2924|registered_export,registered_export,false,287,287,MATCH,25,25,MATCH,MATCH,2020-10-28T11:09:11,2020-10-28T11:09:11,MATCH
session2925|registered_export,registered_export,false,335,335,MATCH,78,78,MATCH,MATCH,2020-10-27T11:46:34,2020-10-27T11:46:34,MATCH
session2926|registered_export,registered_export,false,349,349,MATCH,76,76,MATCH,MATCH,2020-11-11T10:48:03,2020-11-11T10:48:03,MATCH
session2927|non_registered_export,non_registered_export,false,104,104,MATCH,24,24,MATCH,MATCH,2020-10-08T10:39:11,2020-10-08T10:39:11,MATCH
session2928|registered_export,registered_export,false,1015,1015,MATCH,108,108,MATCH,MATCH,2020-10-20T10:50:31,2020-10-20T10:50:31,MATCH
session2929|registered_export,registered_export,false,586,586,MATCH,99,99,MATCH,MATCH,2020-11-05T11:31:34,2020-11-05T11:31:34,MATCH
session292|non_registered_export,non_registered_export,false,883,883,MATCH,0,0,MATCH,MATCH,2020-10-22T11:54:24,2020-10-22T11:54:24,MATCH
session2930|non_registered_export,non_registered_export,false,1111,1111,MATCH,65,65,MATCH,MATCH,2020-10-14T11:26:41,2020-10-14T11:26:41,MATCH
session2931|registered_export,registered_export,false,270,270,MATCH,37,37,MATCH,MATCH,2020-11-06T11:25:19,2020-11-06T11:25:19,MATCH
session2932|non_registered_export,non_registered_export,false,2,2,MATCH,0,0,MATCH,MATCH,2020-10-20T12:17:16,2020-10-20T12:17:16,MATCH
session2933|non_registered_export,non_registered_export,false,398,398,MATCH,24,24,MATCH,MATCH,2020-10-23T12:44:33,2020-10-23T12:44:33,MATCH
session2934|non_registered_export,non_registered_export,false,1145,1145,MATCH,0,0,MATCH,MATCH,2020-11-12T11:12:13,2020-11-12T11:12:13,MATCH
session2935|registered_export,registered_export,false,342,342,MATCH,55,55,MATCH,MATCH,2020-10-13T11:04:16,2020-10-13T11:04:16,MATCH
session2936|registered_export,registered_export,false,437,437,MATCH,116,116,MATCH,MATCH,2020-11-20T12:13:14,2020-11-20T12:13:14,MATCH
session2937|registered_export,registered_export,false,524,524,MATCH,60,60,MATCH,MATCH,2020-11-03T11:35:27,2020-11-03T11:35:27,MATCH
session2938|non_registered_export,non_registered_export,false,514,514,MATCH,28,28,MATCH,MATCH,2020-10-12T13:04:55,2020-10-12T13:04:55,MATCH
session2939|registered_export,registered_export,false,398,398,MATCH,88,88,MATCH,MATCH,2020-11-04T10:51:41,2020-11-04T10:51:41,MATCH
session293|non_registered_export,non_registered_export,false,848,848,MATCH,0,0,MATCH,MATCH,2020-11-10T11:23:06,2020-11-10T11:23:06,MATCH
session2940|registered_export,registered_export,false,857,857,MATCH,67,67,MATCH,MATCH,2020-11-10T11:40:07,2020-11-10T11:40:07,MATCH
session2941|non_registered_export,non_registered_export,false,55,55,MATCH,18,18,MATCH,MATCH,2020-11-03T12:50:06,2020-11-03T12:50:06,MATCH
session2942|registered_export,registered_export,false,531,531,MATCH,61,61,MATCH,MATCH,2020-10-26T13:21:23,2020-10-26T13:21:23,MATCH
session2943|registered_export,registered_export,false,573,573,MATCH,43,43,MATCH,MATCH,2020-11-16T10:35:58,2020-11-16T10:35:58,MATCH
session2944|registered_export,registered_export,false,1838,1838,MATCH,91,91,MATCH,MATCH,2020-10-14T12:05:52,2020-10-14T12:05:52,MATCH
session2945|registered_export,registered_export,false,794,794,MATCH,99,99,MATCH,MATCH,2020-10-20T11:40:52,2020-10-20T11:40:52,MATCH
session2946|registered_export,registered_export,false,640,640,MATCH,53,53,MATCH,MATCH,2020-11-20T10:49:07,2020-11-20T10:49:07,MATCH
session2947|non_registered_export,non_registered_export,false,493,493,MATCH,76,76,MATCH,MATCH,2020-10-27T11:12:21,2020-10-27T11:12:21,MATCH
session2948|non_registered_export,non_registered_export,false,292,292,MATCH,79,79,MATCH,MATCH,2020-11-05T12:14:41,2020-11-05T12:14:41,MATCH
session2949|registered_export,registered_export,false,554,554,MATCH,56,56,MATCH,MATCH,2020-11-11T11:08:26,2020-11-11T11:08:26,MATCH
session294|non_registered_export,non_registered_export,false,266,266,MATCH,73,73,MATCH,MATCH,2020-10-15T10:38:54,2020-10-15T10:38:54,MATCH
session2950|registered_export,registered_export,false,492,492,MATCH,81,81,MATCH,MATCH,2020-11-04T11:31:03,2020-11-04T11:31:03,MATCH
session2951|non_registered_export,non_registered_export,false,92,92,MATCH,30,30,MATCH,MATCH,2020-10-27T10:39:50,2020-10-27T10:39:50,MATCH
session2952|non_registered_export,non_registered_export,false,113,113,MATCH,18,18,MATCH,MATCH,2020-10-22T11:21:53,2020-10-22T11:21:53,MATCH
session2953|non_registered_export,non_registered_export,false,160,160,MATCH,0,0,MATCH,MATCH,2020-10-14T11:32:06,2020-10-14T11:32:06,MATCH
session2954|registered_export,registered_export,false,293,293,MATCH,20,20,MATCH,MATCH,2020-10-20T11:02:57,2020-10-20T11:02:57,MATCH
session2955|non_registered_export,non_registered_export,false,3,3,MATCH,0,0,MATCH,MATCH,2020-10-27T11:55:18,2020-10-27T11:55:18,MATCH
session2956|non_registered_export,non_registered_export,false,11,11,MATCH,20,20,MATCH,MATCH,2020-10-28T11:49:52,2020-10-28T11:49:52,MATCH
session2957|registered_export,registered_export,false,674,674,MATCH,76,76,MATCH,MATCH,2020-11-10T12:25:56,2020-11-10T12:25:56,MATCH
session2958|non_registered_export,non_registered_export,false,101,101,MATCH,0,0,MATCH,MATCH,2020-10-30T11:32:36,2020-10-30T11:32:36,MATCH
session2959|registered_export,registered_export,false,238,238,MATCH,59,59,MATCH,MATCH,2020-11-20T11:56:26,2020-11-20T11:56:26,MATCH
session295|registered_export,registered_export,false,524,524,MATCH,79,79,MATCH,MATCH,2020-10-20T10:33:58,2020-10-20T10:33:58,MATCH
session2960|registered_export,registered_export,false,451,451,MATCH,92,92,MATCH,MATCH,2020-10-13T11:59:01,2020-10-13T11:59:01,MATCH
session2961|non_registered_export,non_registered_export,false,454,454,MATCH,37,37,MATCH,MATCH,2020-10-14T12:43:25,2020-10-14T12:43:25,MATCH
session2962|non_registered_export,non_registered_export,false,92,92,MATCH,15,15,MATCH,MATCH,2020-11-09T11:32:07,2020-11-09T11:32:07,MATCH
session2963|registered_export,registered_export,false,320,320,MATCH,81,81,MATCH,MATCH,2020-10-27T11:21:39,2020-10-27T11:21:39,MATCH
session2964|registered_export,registered_export,false,468,468,MATCH,85,85,MATCH,MATCH,2020-11-04T11:07:45,2020-11-04T11:07:45,MATCH
session2965|non_registered_export,non_registered_export,false,133,133,MATCH,18,18,MATCH,MATCH,2020-11-09T10:37:51,2020-11-09T10:37:51,MATCH
session2966|registered_export,registered_export,false,413,413,MATCH,44,44,MATCH,MATCH,2020-10-28T11:46:17,2020-10-28T11:46:17,MATCH
session2967|non_registered_export,non_registered_export,false,3,3,MATCH,0,0,MATCH,MATCH,2020-11-12T10:32:54,2020-11-12T10:32:54,MATCH
session2968|registered_export,registered_export,false,439,439,MATCH,84,84,MATCH,MATCH,2020-11-06T10:35:36,2020-11-06T10:35:36,MATCH
session2969|non_registered_export,non_registered_export,false,136,136,MATCH,15,15,MATCH,MATCH,2020-10-23T10:33:15,2020-10-23T10:33:15,MATCH
session296|non_registered_export,non_registered_export,false,154,154,MATCH,0,0,MATCH,MATCH,2020-10-23T10:33:06,2020-10-23T10:33:06,MATCH
session2970|registered_export,registered_export,false,468,468,MATCH,105,105,MATCH,MATCH,2020-10-21T10:58:08,2020-10-21T10:58:08,MATCH
session2971|registered_export,registered_export,false,559,559,MATCH,75,75,MATCH,MATCH,2020-10-21T11:52:17,2020-10-21T11:52:17,MATCH
session2972|non_registered_export,non_registered_export,false,4,4,MATCH,0,0,MATCH,MATCH,2020-10-21T11:31:09,2020-10-21T11:31:09,MATCH
session2973|non_registered_export,non_registered_export,false,560,560,MATCH,44,44,MATCH,MATCH,2020-10-16T12:44:14,2020-10-16T12:44:14,MATCH
session2974|registered_export,registered_export,false,443,443,MATCH,61,61,MATCH,MATCH,2020-11-04T12:10:14,2020-11-04T12:10:14,MATCH
session2975|non_registered_export,non_registered_export,false,247,247,MATCH,55,55,MATCH,MATCH,2020-11-05T10:49:36,2020-11-05T10:49:36,MATCH
session2976|non_registered_export,non_registered_export,false,8,8,MATCH,24,24,MATCH,MATCH,2020-11-11T10:44:53,2020-11-11T10:44:53,MATCH
session2977|registered_export,registered_export,false,435,435,MATCH,84,84,MATCH,MATCH,2020-10-30T11:17:58,2020-10-30T11:17:58,MATCH
session2978|non_registered_export,non_registered_export,false,397,397,MATCH,62,62,MATCH,MATCH,2020-11-10T10:31:31,2020-11-10T10:31:31,MATCH
session2979|non_registered_export,non_registered_export,false,610,610,MATCH,121,121,MATCH,MATCH,2020-10-09T11:26:51,2020-10-09T11:26:51,MATCH
session297|non_registered_export,non_registered_export,false,5,5,MATCH,0,0,MATCH,MATCH,2020-11-05T11:18:11,2020-11-05T11:18:11,MATCH
session2980|non_registered_export,non_registered_export,false,171,171,MATCH,0,0,MATCH,MATCH,2020-10-30T12:23:30,2020-10-30T12:23:30,MATCH
session2981|non_registered_export,non_registered_export,false,3,3,MATCH,0,0,MATCH,MATCH,2020-10-27T12:39:11,2020-10-27T12:39:11,MATCH
session2982|non_registered_export,non_registered_export,false,524,524,MATCH,65,65,MATCH,MATCH,2020-11-02T12:01:47,2020-11-02T12:01:47,MATCH
session2983|registered_export,registered_export,false,393,393,MATCH,72,72,MATCH,MATCH,2020-11-03T11:10:51,2020-11-03T11:10:51,MATCH
session2984|registered_export,registered_export,false,514,514,MATCH,78,78,MATCH,MATCH,2020-10-28T11:09:48,2020-10-28T11:09:48,MATCH
session2985|registered_export,registered_export,false,294,294,MATCH,76,76,MATCH,MATCH,2020-10-20T10:42:11,2020-10-20T10:42:11,MATCH
session2986|registered_export,registered_export,false,401,401,MATCH,48,48,MATCH,MATCH,2020-10-08T11:15:46,2020-10-08T11:15:46,MATCH
session2987|registered_export,registered_export,false,857,857,MATCH,2748,2748,MATCH,MATCH,2020-11-20T10:45:10,2020-11-20T10:45:10,MATCH
session2988|non_registered_export,non_registered_export,false,140,140,MATCH,62,62,MATCH,MATCH,2020-10-14T11:03:34,2020-10-14T11:03:34,MATCH
session2989|non_registered_export,non_registered_export,false,128,128,MATCH,0,0,MATCH,MATCH,2020-10-29T11:12:04,2020-10-29T11:12:04,MATCH
session298|registered_export,registered_export,false,504,504,MATCH,77,77,MATCH,MATCH,2020-11-20T11:26:17,2020-11-20T11:26:17,MATCH
session2990|non_registered_export,non_registered_export,false,1,1,MATCH,0,0,MATCH,MATCH,2020-10-16T12:04:22,2020-10-16T12:04:22,MATCH
session2991|registered_export,registered_export,false,286,286,MATCH,67,67,MATCH,MATCH,2020-10-28T12:10:31,2020-10-28T12:10:31,MATCH
session2992|non_registered_export,non_registered_export,false,310,310,MATCH,105,105,MATCH,MATCH,2020-11-09T12:26:58,2020-11-09T12:26:58,MATCH
session2993|registered_export,registered_export,false,538,538,MATCH,54,54,MATCH,MATCH,2020-11-11T11:37:35,2020-11-11T11:37:35,MATCH
session2994|registered_export,registered_export,false,383,383,MATCH,92,92,MATCH,MATCH,2020-10-27T10:41:07,2020-10-27T10:41:07,MATCH
session2995|registered_export,registered_export,false,318,318,MATCH,139,139,MATCH,MATCH,2020-11-20T10:40:25,2020-11-20T10:40:25,MATCH
session2996|non_registered_export,non_registered_export,false,1093,1093,MATCH,0,0,MATCH,MATCH,2020-11-05T10:38:20,2020-11-05T10:38:20,MATCH
session2997|registered_export,registered_export,false,135,135,MATCH,45,45,MATCH,MATCH,2020-10-26T11:10:49,2020-10-26T11:10:49,MATCH
session2998|registered_export,registered_export,false,597,597,MATCH,37,37,MATCH,MATCH,2020-11-11T11:16:44,2020-11-11T11:16:44,MATCH
session2999|non_registered_export,non_registered_export,false,5,5,MATCH,0,0,MATCH,MATCH,2020-11-13T12:38:36,2020-11-13T12:38:36,MATCH
session299|non_registered_export,non_registered_export,false,180,180,MATCH,39,39,MATCH,MATCH,2020-11-12T11:08:30,2020-11-12T11:08:30,MATCH
session29|registered_export,registered_export,false,553,553,MATCH,85,85,MATCH,MATCH,2020-10-19T11:20:11,2020-10-19T11:20:11,MATCH
session2|registered_export,registered_export,false,788,788,MATCH,47,47,MATCH,MATCH,2020-10-12T12:24:04,2020-10-12T12:24:04,MATCH
session3000|non_registered_export,non_registered_export,false,149,149,MATCH,30,30,MATCH,MATCH,2020-11-05T12:35:02,2020-11-05T12:35:02,MATCH
session3001|non_registered_export,non_registered_export,false,306,306,MATCH,150,150,MATCH,MATCH,2020-10-27T11:48:58,2020-10-27T11:48:58,MATCH
session3002|registered_export,registered_export,false,765,765,MATCH,80,80,MATCH,MATCH,2020-10-28T11:26:42,2020-10-28T11:26:42,MATCH
session3003|registered_export,registered_export,false,405,405,MATCH,78,78,MATCH,MATCH,2020-10-26T10:49:00,2020-10-26T10:49:00,MATCH
session3004|registered_export,registered_export,false,364,364,MATCH,95,95,MATCH,MATCH,2020-11-20T10:46:47,2020-11-20T10:46:47,MATCH
session3005|registered_export,registered_export,false,600,600,MATCH,102,102,MATCH,MATCH,2020-11-12T11:22:49,2020-11-12T11:22:49,MATCH
session3006|registered_export,registered_export,false,593,593,MATCH,43,43,MATCH,MATCH,2020-11-17T11:37:53,2020-11-17T11:37:53,MATCH
session3007|registered_export,registered_export,false,524,524,MATCH,66,66,MATCH,MATCH,2020-10-19T11:06:35,2020-10-19T11:06:35,MATCH
session3008|registered_export,registered_export,false,432,432,MATCH,65,65,MATCH,MATCH,2020-10-19T12:21:03,2020-10-19T12:21:03,MATCH
session3009|non_registered_export,non_registered_export,false,7,7,MATCH,0,0,MATCH,MATCH,2020-11-13T12:17:29,2020-11-13T12:17:29,MATCH
session300|registered_export,registered_export,false,348,348,MATCH,43,43,MATCH,MATCH,2020-11-09T11:46:09,2020-11-09T11:46:09,MATCH
session3010|non_registered_export,non_registered_export,false,359,359,MATCH,38,38,MATCH,MATCH,2020-10-28T10:29:20,2020-10-28T10:29:20,MATCH
session3011|registered_export,registered_export,false,350,350,MATCH,79,79,MATCH,MATCH,2020-10-14T12:05:37,2020-10-14T12:05:37,MATCH
session3012|non_registered_export,non_registered_export,false,19,19,MATCH,14,14,MATCH,MATCH,2020-10-23T10:36:49,2020-10-23T10:36:49,MATCH
session3013|non_registered_export,non_registered_export,false,7,7,MATCH,0,0,MATCH,MATCH,2020-10-08T11:31:59,2020-10-08T11:31:59,MATCH
session3014|registered_export,registered_export,false,548,548,MATCH,34,34,MATCH,MATCH,2020-11-06T11:36:24,2020-11-06T11:36:24,MATCH
session3015|registered_export,registered_export,false,516,516,MATCH,84,84,MATCH,MATCH,2020-11-04T11:24:46,2020-11-04T11:24:46,MATCH
session3016|non_registered_export,non_registered_export,false,367,367,MATCH,101,101,MATCH,MATCH,2020-10-21T12:22:13,2020-10-21T12:22:13,MATCH
session3017|non_registered_export,non_registered_export,false,409,409,MATCH,93,93,MATCH,MATCH,2020-10-28T10:47:21,2020-10-28T10:47:21,MATCH
session3018|registered_export,registered_export,false,457,457,MATCH,169,169,MATCH,MATCH,2020-10-20T11:09:19,2020-10-20T11:09:19,MATCH
session3019|registered_export,registered_export,false,326,326,MATCH,60,60,MATCH,MATCH,2020-10-20T11:40:27,2020-10-20T11:40:27,MATCH
session301|registered_export,registered_export,false,1054,1054,MATCH,86,86,MATCH,MATCH,2020-10-19T10:54:24,2020-10-19T10:54:24,MATCH
session3020|registered_export,registered_export,false,346,346,MATCH,76,76,MATCH,MATCH,2020-11-03T11:25:19,2020-11-03T11:25:19,MATCH
session3021|registered_export,registered_export,false,410,410,MATCH,58,58,MATCH,MATCH,2020-11-09T12:25:26,2020-11-09T12:25:26,MATCH
session3022|non_registered_export,non_registered_export,false,364,364,MATCH,11,11,MATCH,MATCH,2020-10-27T10:29:50,2020-10-27T10:29:50,MATCH
session3023|non_registered_export,non_registered_export,false,154,154,MATCH,19,19,MATCH,MATCH,2020-11-05T12:10:30,2020-11-05T12:10:30,MATCH
session3024|registered_export,registered_export,false,472,472,MATCH,63,63,MATCH,MATCH,2020-11-09T10:39:07,2020-11-09T10:39:07,MATCH
session3025|registered_export,registered_export,false,636,636,MATCH,87,87,MATCH,MATCH,2020-10-12T11:05:54,2020-10-12T11:05:54,MATCH
session3026|non_registered_export,non_registered_export,false,383,383,MATCH,42,42,MATCH,MATCH,2020-10-23T11:12:45,2020-10-23T11:12:45,MATCH
session3027|registered_export,registered_export,false,522,522,MATCH,64,64,MATCH,MATCH,2020-11-10T12:31:59,2020-11-10T12:31:59,MATCH
session3028|non_registered_export,non_registered_export,false,412,412,MATCH,62,62,MATCH,MATCH,2020-10-12T12:26:18,2020-10-12T12:26:18,MATCH
session3029|non_registered_export,non_registered_export,false,4,4,MATCH,0,0,MATCH,MATCH,2020-10-15T13:01:18,2020-10-15T13:01:18,MATCH
session302|non_registered_export,non_registered_export,false,2062,2062,MATCH,52,52,MATCH,MATCH,2020-10-20T11:14:38,2020-10-20T11:14:38,MATCH
session3030|registered_export,registered_export,false,678,678,MATCH,84,84,MATCH,MATCH,2020-11-13T10:37:55,2020-11-13T10:37:55,MATCH
session3031|non_registered_export,non_registered_export,false,183,183,MATCH,26,26,MATCH,MATCH,2020-10-05T10:39:24,2020-10-05T10:39:24,MATCH
session3032|registered_export,registered_export,false,161,161,MATCH,0,0,MATCH,MATCH,2020-10-20T10:48:05,2020-10-20T10:48:05,MATCH
session3033|non_registered_export,non_registered_export,false,105,105,MATCH,11,11,MATCH,MATCH,2020-10-28T13:30:27,2020-10-28T13:30:27,MATCH
session3034|registered_export,registered_export,false,430,430,MATCH,37,37,MATCH,MATCH,2020-10-19T12:14:04,2020-10-19T12:14:04,MATCH
session3035|registered_export,registered_export,false,378,378,MATCH,87,87,MATCH,MATCH,2020-10-06T12:06:55,2020-10-06T12:06:55,MATCH
session3036|non_registered_export,non_registered_export,false,112,112,MATCH,54,54,MATCH,MATCH,2020-11-05T12:10:43,2020-11-05T12:10:43,MATCH
session3037|non_registered_export,non_registered_export,false,140,140,MATCH,0,0,MATCH,MATCH,2020-10-28T12:04:19,2020-10-28T12:04:19,MATCH
session3038|registered_export,registered_export,false,709,709,MATCH,103,103,MATCH,MATCH,2020-11-04T11:25:14,2020-11-04T11:25:14,MATCH
session3039|registered_export,registered_export,false,457,457,MATCH,78,78,MATCH,MATCH,2020-10-19T10:36:49,2020-10-19T10:36:49,MATCH
session303|registered_export,registered_export,false,196,196,MATCH,38,38,MATCH,MATCH,2020-10-05T11:51:05,2020-10-05T11:51:05,MATCH
session3040|registered_export,registered_export,false,625,625,MATCH,64,64,MATCH,MATCH,2020-11-10T10:32:08,2020-11-10T10:32:08,MATCH
session3041|non_registered_export,non_registered_export,false,321,321,MATCH,11,11,MATCH,MATCH,2020-11-03T12:25:22,2020-11-03T12:25:22,MATCH
session3042|registered_export,registered_export,false,1081,1081,MATCH,88,88,MATCH,MATCH,2020-11-10T11:48:44,2020-11-10T11:48:44,MATCH
session3043|registered_export,registered_export,false,477,477,MATCH,39,39,MATCH,MATCH,2020-10-12T11:24:07,2020-10-12T11:24:07,MATCH
session3044|non_registered_export,non_registered_export,false,52,52,MATCH,0,0,MATCH,MATCH,2020-10-06T10:40:10,2020-10-06T10:40:10,MATCH
session3045|non_registered_export,non_registered_export,false,3,3,MATCH,0,0,MATCH,MATCH,2020-10-23T11:29:06,2020-10-23T11:29:06,MATCH
session3046|registered_export,registered_export,false,383,383,MATCH,65,65,MATCH,MATCH,2020-11-06T10:54:56,2020-11-06T10:54:56,MATCH
session3047|non_registered_export,non_registered_export,false,8,8,MATCH,23,23,MATCH,MATCH,2020-10-22T12:59:46,2020-10-22T12:59:46,MATCH
session3048|registered_export,registered_export,false,1836,1836,MATCH,57,57,MATCH,MATCH,2020-11-06T11:19:21,2020-11-06T11:19:21,MATCH
session3049|non_registered_export,non_registered_export,false,218,218,MATCH,43,43,MATCH,MATCH,2020-10-06T11:30:09,2020-10-06T11:30:09,MATCH
session304|non_registered_export,non_registered_export,false,373,373,MATCH,104,104,MATCH,MATCH,2020-11-05T11:51:21,2020-11-05T11:51:21,MATCH
session3050|non_registered_export,non_registered_export,false,516,516,MATCH,58,58,MATCH,MATCH,2020-10-05T11:15:09,2020-10-05T11:15:09,MATCH
session3051|registered_export,registered_export,false,587,587,MATCH,75,75,MATCH,MATCH,2020-11-03T10:41:25,2020-11-03T10:41:25,MATCH
session3052|non_registered_export,non_registered_export,false,719,719,MATCH,64,64,MATCH,MATCH,2020-11-05T11:02:03,2020-11-05T11:02:03,MATCH
session3053|non_registered_export,non_registered_export,false,195,195,MATCH,22,22,MATCH,MATCH,2020-10-20T12:40:40,2020-10-20T12:40:40,MATCH
session3054|registered_export,registered_export,false,625,625,MATCH,90,90,MATCH,MATCH,2020-10-20T11:15:31,2020-10-20T11:15:31,MATCH
session3055|non_registered_export,non_registered_export,false,595,595,MATCH,59,59,MATCH,MATCH,2020-10-21T11:40:07,2020-10-21T11:40:07,MATCH
session3056|non_registered_export,non_registered_export,false,27,27,MATCH,31,31,MATCH,MATCH,2020-10-06T12:36:19,2020-10-06T12:36:19,MATCH
session3057|non_registered_export,non_registered_export,false,489,489,MATCH,53,53,MATCH,MATCH,2020-10-29T12:03:44,2020-10-29T12:03:44,MATCH
session3058|registered_export,registered_export,false,331,331,MATCH,59,59,MATCH,MATCH,2020-11-03T10:49:10,2020-11-03T10:49:10,MATCH
session3059|registered_export,registered_export,false,488,488,MATCH,39,39,MATCH,MATCH,2020-11-18T11:14:29,2020-11-18T11:14:29,MATCH
session305|registered_export,registered_export,false,502,502,MATCH,61,61,MATCH,MATCH,2020-10-13T12:19:26,2020-10-13T12:19:26,MATCH
session3060|registered_export,registered_export,false,361,361,MATCH,70,70,MATCH,MATCH,2020-10-20T12:17:06,2020-10-20T12:17:06,MATCH
session3061|non_registered_export,non_registered_export,false,56,56,MATCH,0,0,MATCH,MATCH,2020-10-09T11:48:18,2020-10-09T11:48:18,MATCH
session3062|registered_export,registered_export,false,479,479,MATCH,109,109,MATCH,MATCH,2020-11-20T11:54:33,2020-11-20T11:54:33,MATCH
session3063|non_registered_export,non_registered_export,false,1,1,MATCH,0,0,MATCH,MATCH,2020-11-13T12:42:46,2020-11-13T12:42:46,MATCH
session3064|non_registered_export,non_registered_export,false,709,709,MATCH,0,0,MATCH,MATCH,2020-10-30T10:43:29,2020-10-30T10:43:29,MATCH
session3065|registered_export,registered_export,false,820,820,MATCH,30,30,MATCH,MATCH,2020-11-17T10:27:40,2020-11-17T10:27:40,MATCH
session3066|non_registered_export,non_registered_export,false,3,3,MATCH,0,0,MATCH,MATCH,2020-10-06T12:36:41,2020-10-06T12:36:41,MATCH
session3067|non_registered_export,non_registered_export,false,3,3,MATCH,0,0,MATCH,MATCH,2020-11-04T11:37:27,2020-11-04T11:37:27,MATCH
session3068|non_registered_export,non_registered_export,false,474,474,MATCH,0,0,MATCH,MATCH,2020-11-13T10:59:59,2020-11-13T10:59:59,MATCH
session3069|non_registered_export,non_registered_export,false,265,265,MATCH,63,63,MATCH,MATCH,2020-11-02T11:52:27,2020-11-02T11:52:27,MATCH
session306|non_registered_export,non_registered_export,false,3,3,MATCH,0,0,MATCH,MATCH,2020-10-12T10:57:46,2020-10-12T10:57:46,MATCH
session3070|registered_export,registered_export,false,95,95,MATCH,53,53,MATCH,MATCH,2020-10-07T10:38:07,2020-10-07T10:38:07,MATCH
session3071|non_registered_export,non_registered_export,false,109,109,MATCH,24,24,MATCH,MATCH,2020-10-30T11:54:12,2020-10-30T11:54:12,MATCH
session3072|non_registered_export,non_registered_export,false,89,89,MATCH,22,22,MATCH,MATCH,2020-10-12T13:00:21,2020-10-12T13:00:21,MATCH
session3073|non_registered_export,non_registered_export,false,428,428,MATCH,67,67,MATCH,MATCH,2020-11-03T11:42:12,2020-11-03T11:42:12,MATCH
session3074|registered_export,registered_export,false,391,391,MATCH,95,95,MATCH,MATCH,2020-10-14T11:47:28,2020-10-14T11:47:28,MATCH
session3075|non_registered_export,non_registered_export,false,153,153,MATCH,92,92,MATCH,MATCH,2020-10-06T10:39:33,2020-10-06T10:39:33,MATCH
session3076|non_registered_export,non_registered_export,false,141,141,MATCH,92,92,MATCH,MATCH,2020-10-06T12:09:12,2020-10-06T12:09:12,MATCH
session3077|non_registered_export,non_registered_export,false,3,3,MATCH,0,0,MATCH,MATCH,2020-10-29T11:34:49,2020-10-29T11:34:49,MATCH
session3078|non_registered_export,non_registered_export,false,3,3,MATCH,0,0,MATCH,MATCH,2020-10-16T12:19:56,2020-10-16T12:19:56,MATCH
session3079|registered_export,registered_export,false,624,624,MATCH,73,73,MATCH,MATCH,2020-10-12T10:39:09,2020-10-12T10:39:09,MATCH
session307|registered_export,registered_export,false,701,701,MATCH,56,56,MATCH,MATCH,2020-11-20T12:02:23,2020-11-20T12:02:23,MATCH
session3080|registered_export,registered_export,false,811,811,MATCH,60,60,MATCH,MATCH,2020-11-11T11:08:59,2020-11-11T11:08:59,MATCH
session3081|non_registered_export,non_registered_export,false,124,124,MATCH,0,0,MATCH,MATCH,2020-11-05T10:31:15,2020-11-05T10:31:15,MATCH
session3082|registered_export,registered_export,false,392,392,MATCH,78,78,MATCH,MATCH,2020-10-14T12:31:34,2020-10-14T12:31:34,MATCH
session3083|registered_export,registered_export,false,3427,3427,MATCH,108,108,MATCH,MATCH,2020-11-04T10:31:56,2020-11-04T10:31:56,MATCH
session3084|registered_export,registered_export,false,1461,1461,MATCH,93,93,MATCH,MATCH,2020-11-03T11:36:03,2020-11-03T11:36:03,MATCH
session3085|non_registered_export,non_registered_export,false,17,17,MATCH,75,75,MATCH,MATCH,2020-11-05T12:38:58,2020-11-05T12:38:58,MATCH
session3086|non_registered_export,non_registered_export,false,94,94,MATCH,0,0,MATCH,MATCH,2020-10-09T12:34:27,2020-10-09T12:34:27,MATCH
session3087|non_registered_export,non_registered_export,false,2,2,MATCH,0,0,MATCH,MATCH,2020-10-09T10:35:50,2020-10-09T10:35:50,MATCH
session3088|registered_export,registered_export,false,450,450,MATCH,78,78,MATCH,MATCH,2020-11-03T10:34:50,2020-11-03T10:34:50,MATCH
session3089|non_registered_export,non_registered_export,false,3,3,MATCH,0,0,MATCH,MATCH,2020-11-10T12:41:00,2020-11-10T12:41:00,MATCH
session308|non_registered_export,non_registered_export,false,387,387,MATCH,11,11,MATCH,MATCH,2020-11-09T12:07:01,2020-11-09T12:07:01,MATCH
session3090|non_registered_export,non_registered_export,false,503,503,MATCH,67,67,MATCH,MATCH,2020-11-13T11:45:50,2020-11-13T11:45:50,MATCH
session3091|registered_export,registered_export,false,760,760,MATCH,16,16,MATCH,MATCH,2020-10-28T13:27:39,2020-10-28T13:27:39,MATCH
session3092|registered_export,registered_export,false,306,306,MATCH,80,80,MATCH,MATCH,2020-10-12T12:12:16,2020-10-12T12:12:16,MATCH
session3093|non_registered_export,non_registered_export,false,219,219,MATCH,0,0,MATCH,MATCH,2020-10-05T11:11:43,2020-10-05T11:11:43,MATCH
session3094|non_registered_export,non_registered_export,false,9,9,MATCH,34,34,MATCH,MATCH,2020-10-29T11:38:14,2020-10-29T11:38:14,MATCH
session3095|non_registered_export,non_registered_export,false,43,43,MATCH,0,0,MATCH,MATCH,2020-11-04T10:59:46,2020-11-04T10:59:46,MATCH
session3096|non_registered_export,non_registered_export,false,57,57,MATCH,0,0,MATCH,MATCH,2020-10-21T12:26:55,2020-10-21T12:26:55,MATCH
session3097|registered_export,registered_export,false,334,334,MATCH,91,91,MATCH,MATCH,2020-10-13T11:58:48,2020-10-13T11:58:48,MATCH
session3098|non_registered_export,non_registered_export,false,45,45,MATCH,0,0,MATCH,MATCH,2020-10-29T12:03:17,2020-10-29T12:03:17,MATCH
session3099|registered_export,registered_export,false,529,529,MATCH,97,97,MATCH,MATCH,2020-11-04T12:00:58,2020-11-04T12:00:58,MATCH
session309|registered_export,registered_export,false,462,462,MATCH,131,131,MATCH,MATCH,2020-11-20T11:02:26,2020-11-20T11:02:26,MATCH
session30|registered_export,registered_export,false,516,516,MATCH,47,47,MATCH,MATCH,2020-10-05T12:00:19,2020-10-05T12:00:19,MATCH
session3100|registered_export,registered_export,false,423,423,MATCH,84,84,MATCH,MATCH,2020-10-07T10:35:26,2020-10-07T10:35:26,MATCH
session3101|registered_export,registered_export,false,740,740,MATCH,61,61,MATCH,MATCH,2020-10-05T11:06:47,2020-10-05T11:06:47,MATCH
session3102|non_registered_export,non_registered_export,false,306,306,MATCH,0,0,MATCH,MATCH,2020-10-07T10:40:40,2020-10-07T10:40:40,MATCH
session3103|non_registered_export,non_registered_export,false,40,40,MATCH,39,39,MATCH,MATCH,2020-10-20T11:14:20,2020-10-20T11:14:20,MATCH
session3104|registered_export,registered_export,false,661,661,MATCH,57,57,MATCH,MATCH,2020-11-18T11:11:09,2020-11-18T11:11:09,MATCH
session3105|registered_export,registered_export,false,395,395,MATCH,48,48,MATCH,MATCH,2020-10-21T12:01:08,2020-10-21T12:01:08,MATCH
session3106|registered_export,registered_export,false,349,349,MATCH,72,72,MATCH,MATCH,2020-11-20T11:56:36,2020-11-20T11:56:36,MATCH
session3107|non_registered_export,non_registered_export,false,15,15,MATCH,25,25,MATCH,MATCH,2020-10-12T12:17:11,2020-10-12T12:17:11,MATCH
session3108|non_registered_export,non_registered_export,false,56,56,MATCH,11,11,MATCH,MATCH,2020-10-07T10:43:24,2020-10-07T10:43:24,MATCH
session3109|registered_export,registered_export,false,260,260,MATCH,51,51,MATCH,MATCH,2020-10-13T10:45:09,2020-10-13T10:45:09,MATCH
session310|registered_export,registered_export,false,404,404,MATCH,45,45,MATCH,MATCH,2020-11-10T11:26:30,2020-11-10T11:26:30,MATCH
session3110|registered_export,registered_export,false,316,316,MATCH,58,58,MATCH,MATCH,2020-10-26T11:22:37,2020-10-26T11:22:37,MATCH
session3111|registered_export,registered_export,false,368,368,MATCH,51,51,MATCH,MATCH,2020-11-03T12:09:46,2020-11-03T12:09:46,MATCH
session3112|non_registered_export,non_registered_export,false,235,235,MATCH,0,0,MATCH,MATCH,2020-10-21T10:29:18,2020-10-21T10:29:18,MATCH
session3113|registered_export,registered_export,false,478,478,MATCH,40,40,MATCH,MATCH,2020-10-07T11:17:01,2020-10-07T11:17:01,MATCH
session3114|non_registered_export,non_registered_export,false,321,321,MATCH,58,58,MATCH,MATCH,2020-10-20T11:01:05,2020-10-20T11:01:05,MATCH
session3115|registered_export,registered_export,false,906,906,MATCH,69,69,MATCH,MATCH,2020-10-19T11:44:14,2020-10-19T11:44:14,MATCH
session3116|registered_export,registered_export,false,532,532,MATCH,94,94,MATCH,MATCH,2020-10-26T12:19:53,2020-10-26T12:19:53,MATCH
session3117|registered_export,registered_export,false,918,918,MATCH,305,305,MATCH,MATCH,2020-11-11T11:22:44,2020-11-11T11:22:44,MATCH
session3118|non_registered_export,non_registered_export,false,838,838,MATCH,57,57,MATCH,MATCH,2020-11-06T12:36:50,2020-11-06T12:36:50,MATCH
session3119|registered_export,registered_export,false,1158,1158,MATCH,60,60,MATCH,MATCH,2020-10-07T12:00:30,2020-10-07T12:00:30,MATCH
session311|registered_export,registered_export,false,483,483,MATCH,107,107,MATCH,MATCH,2020-10-20T11:33:25,2020-10-20T11:33:25,MATCH
session3120|non_registered_export,non_registered_export,false,28,28,MATCH,0,0,MATCH,MATCH,2020-10-19T11:34:23,2020-10-19T11:34:23,MATCH
session3121|non_registered_export,non_registered_export,false,517,517,MATCH,15,15,MATCH,MATCH,2020-11-05T10:35:18,2020-11-05T10:35:18,MATCH
session3122|registered_export,registered_export,false,525,525,MATCH,47,47,MATCH,MATCH,2020-10-19T11:01:05,2020-10-19T11:01:05,MATCH
session3123|registered_export,registered_export,false,300,300,MATCH,107,107,MATCH,MATCH,2020-10-12T11:12:25,2020-10-12T11:12:25,MATCH
session3124|registered_export,registered_export,false,313,313,MATCH,49,49,MATCH,MATCH,2020-10-13T10:35:12,2020-10-13T10:35:12,MATCH
session3125|non_registered_export,non_registered_export,false,117,117,MATCH,24,24,MATCH,MATCH,2020-11-02T11:29:46,2020-11-02T11:29:46,MATCH
session3126|non_registered_export,non_registered_export,false,71,71,MATCH,0,0,MATCH,MATCH,2020-10-23T13:07:14,2020-10-23T13:07:14,MATCH
session3127|registered_export,registered_export,false,690,690,MATCH,85,85,MATCH,MATCH,2020-11-04T11:37:12,2020-11-04T11:37:12,MATCH
session3128|non_registered_export,non_registered_export,false,560,560,MATCH,87,87,MATCH,MATCH,2020-10-21T10:42:06,2020-10-21T10:42:06,MATCH
session3129|non_registered_export,non_registered_export,false,457,457,MATCH,58,58,MATCH,MATCH,2020-10-27T11:23:44,2020-10-27T11:23:44,MATCH
session312|non_registered_export,non_registered_export,false,535,535,MATCH,51,51,MATCH,MATCH,2020-10-15T11:55:48,2020-10-15T11:55:48,MATCH
session3130|non_registered_export,non_registered_export,false,57,57,MATCH,0,0,MATCH,MATCH,2020-10-13T10:53:45,2020-10-13T10:53:45,MATCH
session3131|non_registered_export,non_registered_export,false,3,3,MATCH,0,0,MATCH,MATCH,2020-11-10T11:38:56,2020-11-10T11:38:56,MATCH
session3132|non_registered_export,non_registered_export,false,4,4,MATCH,0,0,MATCH,MATCH,2020-11-11T11:26:44,2020-11-11T11:26:44,MATCH
session3133|registered_export,registered_export,false,561,561,MATCH,72,72,MATCH,MATCH,2020-11-04T10:43:23,2020-11-04T10:43:23,MATCH
session3134|non_registered_export,non_registered_export,false,102,102,MATCH,0,0,MATCH,MATCH,2020-11-11T10:49:52,2020-11-11T10:49:52,MATCH
session3135|non_registered_export,non_registered_export,false,1111,1111,MATCH,0,0,MATCH,MATCH,2020-11-12T11:47:29,2020-11-12T11:47:29,MATCH
session3136|registered_export,registered_export,false,786,786,MATCH,33,33,MATCH,MATCH,2020-10-07T11:33:18,2020-10-07T11:33:18,MATCH
session3137|registered_export,registered_export,false,496,496,MATCH,56,56,MATCH,MATCH,2020-11-09T12:00:34,2020-11-09T12:00:34,MATCH
session3138|registered_export,registered_export,false,218,218,MATCH,29,29,MATCH,MATCH,2020-10-19T11:30:50,2020-10-19T11:30:50,MATCH
session3139|registered_export,registered_export,false,485,485,MATCH,87,87,MATCH,MATCH,2020-11-20T12:08:44,2020-11-20T12:08:44,MATCH
session313|non_registered_export,non_registered_export,false,429,429,MATCH,28,28,MATCH,MATCH,2020-10-28T11:49:17,2020-10-28T11:49:17,MATCH
session3140|registered_export,registered_export,false,481,481,MATCH,65,65,MATCH,MATCH,2020-10-12T10:59:18,2020-10-12T10:59:18,MATCH
session3141|registered_export,registered_export,false,1142,1142,MATCH,63,63,MATCH,MATCH,2020-11-19T12:08:15,2020-11-19T12:08:15,MATCH
session3142|registered_export,registered_export,false,1351,1351,MATCH,134,134,MATCH,MATCH,2020-11-02T11:57:51,2020-11-02T11:57:51,MATCH
session3143|non_registered_export,non_registered_export,false,156,156,MATCH,41,41,MATCH,MATCH,2020-10-12T10:58:16,2020-10-12T10:58:16,MATCH
session3144|registered_export,registered_export,false,479,479,MATCH,42,42,MATCH,MATCH,2020-11-09T10:36:23,2020-11-09T10:36:23,MATCH
session3145|registered_export,registered_export,false,4,4,MATCH,0,0,MATCH,MATCH,2020-11-11T11:19:13,2020-11-11T11:19:13,MATCH
session3146|registered_export,registered_export,false,657,657,MATCH,63,63,MATCH,MATCH,2020-11-16T11:31:40,2020-11-16T11:31:40,MATCH
session3147|registered_export,registered_export,false,542,542,MATCH,50,50,MATCH,MATCH,2020-10-06T12:25:57,2020-10-06T12:25:57,MATCH
session3148|non_registered_export,non_registered_export,false,1,1,MATCH,0,0,MATCH,MATCH,2020-10-28T12:24:02,2020-10-28T12:24:02,MATCH
session3149|registered_export,registered_export,false,515,515,MATCH,55,55,MATCH,MATCH,2020-11-16T11:07:50,2020-11-16T11:07:50,MATCH
session314|registered_export,registered_export,false,176,176,MATCH,24,24,MATCH,MATCH,2020-11-06T12:22:50,2020-11-06T12:22:50,MATCH
session3150|registered_export,registered_export,false,1044,1044,MATCH,84,84,MATCH,MATCH,2020-10-20T11:47:57,2020-10-20T11:47:57,MATCH
session3151|non_registered_export,non_registered_export,false,40,40,MATCH,34,34,MATCH,MATCH,2020-10-13T11:56:43,2020-10-13T11:56:43,MATCH
session3152|registered_export,registered_export,false,504,504,MATCH,68,68,MATCH,MATCH,2020-11-09T10:55:15,2020-11-09T10:55:15,MATCH
session3153|registered_export,registered_export,false,420,420,MATCH,38,38,MATCH,MATCH,2020-11-09T10:34:05,2020-11-09T10:34:05,MATCH
session3154|non_registered_export,non_registered_export,false,385,385,MATCH,65,65,MATCH,MATCH,2020-10-22T12:18:41,2020-10-22T12:18:41,MATCH
session3155|registered_export,registered_export,false,622,622,MATCH,77,77,MATCH,MATCH,2020-10-28T12:17:03,2020-10-28T12:17:03,MATCH
session3156|registered_export,registered_export,false,498,498,MATCH,103,103,MATCH,MATCH,2020-11-20T10:30:02,2020-11-20T10:30:02,MATCH
session3157|non_registered_export,non_registered_export,false,1149,1149,MATCH,0,0,MATCH,MATCH,2020-10-26T10:47:36,2020-10-26T10:47:36,MATCH
session3158|registered_export,registered_export,false,487,487,MATCH,40,40,MATCH,MATCH,2020-11-10T12:00:29,2020-11-10T12:00:29,MATCH
session3159|registered_export,registered_export,false,936,936,MATCH,127,127,MATCH,MATCH,2020-11-20T11:19:45,2020-11-20T11:19:45,MATCH
session315|non_registered_export,non_registered_export,false,481,481,MATCH,0,0,MATCH,MATCH,2020-10-27T13:06:07,2020-10-27T13:06:07,MATCH
session3160|registered_export,registered_export,false,771,771,MATCH,77,77,MATCH,MATCH,2020-10-22T10:47:11,2020-10-22T10:47:11,MATCH
session3161|registered_export,registered_export,false,1178,1178,MATCH,75,75,MATCH,MATCH,2020-10-20T12:23:49,2020-10-20T12:23:49,MATCH
session3162|registered_export,registered_export,false,91,91,MATCH,24,24,MATCH,MATCH,2020-11-10T11:05:32,2020-11-10T11:05:32,MATCH
session3163|registered_export,registered_export,false,354,354,MATCH,53,53,MATCH,MATCH,2020-10-14T10:30:26,2020-10-14T10:30:26,MATCH
session3164|registered_export,registered_export,false,588,588,MATCH,94,94,MATCH,MATCH,2020-10-20T11:15:46,2020-10-20T11:15:46,MATCH
session3165|non_registered_export,non_registered_export,false,3,3,MATCH,0,0,MATCH,MATCH,2020-10-09T12:09:37,2020-10-09T12:09:37,MATCH
session3166|non_registered_export,non_registered_export,false,1740,1740,MATCH,60,60,MATCH,MATCH,2020-10-21T11:09:46,2020-10-21T11:09:46,MATCH
session3167|registered_export,registered_export,false,644,644,MATCH,76,76,MATCH,MATCH,2020-10-12T11:01:26,2020-10-12T11:01:26,MATCH
session3168|registered_export,registered_export,false,314,314,MATCH,42,42,MATCH,MATCH,2020-10-07T11:45:25,2020-10-07T11:45:25,MATCH
session3169|registered_export,registered_export,false,442,442,MATCH,76,76,MATCH,MATCH,2020-10-21T11:04:10,2020-10-21T11:04:10,MATCH
session316|non_registered_export,non_registered_export,false,169,169,MATCH,18,18,MATCH,MATCH,2020-11-09T12:27:12,2020-11-09T12:27:12,MATCH
session3170|non_registered_export,non_registered_export,false,59,59,MATCH,0,0,MATCH,MATCH,2020-10-28T12:02:24,2020-10-28T12:02:24,MATCH
session3171|non_registered_export,non_registered_export,false,675,675,MATCH,53,53,MATCH,MATCH,2020-11-06T11:18:13,2020-11-06T11:18:13,MATCH
session3172|registered_export,registered_export,false,447,447,MATCH,52,52,MATCH,MATCH,2020-11-06T12:07:44,2020-11-06T12:07:44,MATCH
session3173|non_registered_export,non_registered_export,false,290,290,MATCH,53,53,MATCH,MATCH,2020-10-30T12:34:44,2020-10-30T12:34:44,MATCH
session3174|registered_export,registered_export,false,490,490,MATCH,106,106,MATCH,MATCH,2020-10-13T11:47:39,2020-10-13T11:47:39,MATCH
session3175|registered_export,registered_export,false,510,510,MATCH,89,89,MATCH,MATCH,2020-10-14T10:34:11,2020-10-14T10:34:11,MATCH
session3176|registered_export,registered_export,false,506,506,MATCH,85,85,MATCH,MATCH,2020-11-06T12:08:04,2020-11-06T12:08:04,MATCH
session3177|non_registered_export,non_registered_export,false,82,82,MATCH,0,0,MATCH,MATCH,2020-11-04T11:10:11,2020-11-04T11:10:11,MATCH
session3178|registered_export,registered_export,false,1178,1178,MATCH,75,75,MATCH,MATCH,2020-10-19T12:05:38,2020-10-19T12:05:38,MATCH
session3179|registered_export,registered_export,false,594,594,MATCH,62,62,MATCH,MATCH,2020-11-17T12:18:56,2020-11-17T12:18:56,MATCH
session317|registered_export,registered_export,false,393,393,MATCH,72,72,MATCH,MATCH,2020-10-14T10:54:51,2020-10-14T10:54:51,MATCH
session3180|registered_export,registered_export,false,599,599,MATCH,69,69,MATCH,MATCH,2020-10-22T11:09:10,2020-10-22T11:09:10,MATCH
session3181|registered_export,registered_export,false,1828,1828,MATCH,116,116,MATCH,MATCH,2020-11-04T10:41:47,2020-11-04T10:41:47,MATCH
session3182|non_registered_export,non_registered_export,false,1192,1192,MATCH,0,0,MATCH,MATCH,2020-10-15T12:43:57,2020-10-15T12:43:57,MATCH
session3183|registered_export,registered_export,false,1038,1038,MATCH,81,81,MATCH,MATCH,2020-11-03T11:08:12,2020-11-03T11:08:12,MATCH
session3184|non_registered_export,non_registered_export,false,637,637,MATCH,0,0,MATCH,MATCH,2020-10-08T11:57:44,2020-10-08T11:57:44,MATCH
session3185|non_registered_export,non_registered_export,false,798,798,MATCH,124,124,MATCH,MATCH,2020-10-21T13:19:42,2020-10-21T13:19:42,MATCH
session3186|non_registered_export,non_registered_export,false,824,824,MATCH,20,20,MATCH,MATCH,2020-10-16T11:18:34,2020-10-16T11:18:34,MATCH
session3187|non_registered_export,non_registered_export,false,16,16,MATCH,65,65,MATCH,MATCH,2020-10-20T10:59:27,2020-10-20T10:59:27,MATCH
session3188|registered_export,registered_export,false,1190,1190,MATCH,44,44,MATCH,MATCH,2020-11-11T10:31:55,2020-11-11T10:31:55,MATCH
session3189|registered_export,registered_export,false,605,605,MATCH,57,57,MATCH,MATCH,2020-11-02T11:10:15,2020-11-02T11:10:15,MATCH
session318|registered_export,registered_export,false,362,362,MATCH,78,78,MATCH,MATCH,2020-10-12T11:04:57,2020-10-12T11:04:57,MATCH
session3190|non_registered_export,non_registered_export,false,104,104,MATCH,17,17,MATCH,MATCH,2020-11-06T12:40:02,2020-11-06T12:40:02,MATCH
session3191|registered_export,registered_export,false,527,527,MATCH,62,62,MATCH,MATCH,2020-10-12T10:34:28,2020-10-12T10:34:28,MATCH
session3192|registered_export,registered_export,false,402,402,MATCH,64,64,MATCH,MATCH,2020-10-27T12:15:34,2020-10-27T12:15:34,MATCH
session3193|non_registered_export,non_registered_export,false,723,723,MATCH,41,41,MATCH,MATCH,2020-10-16T12:33:33,2020-10-16T12:33:33,MATCH
session3194|registered_export,registered_export,false,1481,1481,MATCH,107,107,MATCH,MATCH,2020-11-20T12:02:52,2020-11-20T12:02:52,MATCH
session3195|registered_export,registered_export,false,490,490,MATCH,106,106,MATCH,MATCH,2020-10-27T11:56:55,2020-10-27T11:56:55,MATCH
session3196|non_registered_export,non_registered_export,false,3,3,MATCH,0,0,MATCH,MATCH,2020-11-11T11:14:39,2020-11-11T11:14:39,MATCH
session3197|non_registered_export,non_registered_export,false,94,94,MATCH,59,59,MATCH,MATCH,2020-10-26T11:38:37,2020-10-26T11:38:37,MATCH
session3198|non_registered_export,non_registered_export,false,60,60,MATCH,15,15,MATCH,MATCH,2020-11-06T11:00:37,2020-11-06T11:00:37,MATCH
session3199|registered_export,registered_export,false,352,352,MATCH,90,90,MATCH,MATCH,2020-10-06T11:52:50,2020-10-06T11:52:50,MATCH
session319|non_registered_export,non_registered_export,false,5,5,MATCH,0,0,MATCH,MATCH,2020-11-11T11:57:37,2020-11-11T11:57:37,MATCH
session31|non_registered_export,non_registered_export,false,3,3,MATCH,0,0,MATCH,MATCH,2020-10-27T12:31:06,2020-10-27T12:31:06,MATCH
session3200|registered_export,registered_export,false,496,496,MATCH,44,44,MATCH,MATCH,2020-11-09T10:46:47,2020-11-09T10:46:47,MATCH
session3201|registered_export,registered_export,false,491,491,MATCH,91,91,MATCH,MATCH,2020-10-20T11:54:19,2020-10-20T11:54:19,MATCH
session3202|registered_export,registered_export,false,1052,1052,MATCH,103,103,MATCH,MATCH,2020-10-21T11:12:20,2020-10-21T11:12:20,MATCH
session3203|registered_export,registered_export,false,398,398,MATCH,71,71,MATCH,MATCH,2020-11-13T12:04:22,2020-11-13T12:04:22,MATCH
session3204|non_registered_export,non_registered_export,false,7,7,MATCH,0,0,MATCH,MATCH,2020-10-30T11:44:01,2020-10-30T11:44:01,MATCH
session3205|registered_export,registered_export,false,401,401,MATCH,69,69,MATCH,MATCH,2020-11-11T11:08:11,2020-11-11T11:08:11,MATCH
session3206|registered_export,registered_export,false,223,223,MATCH,67,67,MATCH,MATCH,2020-10-13T11:20:28,2020-10-13T11:20:28,MATCH
session3207|registered_export,registered_export,false,703,703,MATCH,70,70,MATCH,MATCH,2020-10-07T12:24:08,2020-10-07T12:24:08,MATCH
session3208|registered_export,registered_export,false,332,332,MATCH,80,80,MATCH,MATCH,2020-10-27T12:05:25,2020-10-27T12:05:25,MATCH
session3209|registered_export,registered_export,false,325,325,MATCH,67,67,MATCH,MATCH,2020-10-21T10:34:13,2020-10-21T10:34:13,MATCH
session320|registered_export,registered_export,false,2167,2167,MATCH,82,82,MATCH,MATCH,2020-10-07T11:53:38,2020-10-07T11:53:38,MATCH
session3210|non_registered_export,non_registered_export,false,161,161,MATCH,0,0,MATCH,MATCH,2020-10-14T11:29:20,2020-10-14T11:29:20,MATCH
session3211|non_registered_export,non_registered_export,false,930,930,MATCH,0,0,MATCH,MATCH,2020-10-08T11:59:20,2020-10-08T11:59:20,MATCH
session3212|non_registered_export,non_registered_export,false,730,730,MATCH,72,72,MATCH,MATCH,2020-10-21T12:39:20,2020-10-21T12:39:20,MATCH
session3213|registered_export,registered_export,false,83,83,MATCH,53,53,MATCH,MATCH,2020-11-04T11:18:17,2020-11-04T11:18:17,MATCH
session3214|registered_export,registered_export,false,415,415,MATCH,52,52,MATCH,MATCH,2020-11-10T11:16:23,2020-11-10T11:16:23,MATCH
session3215|registered_export,registered_export,false,484,484,MATCH,125,125,MATCH,MATCH,2020-11-10T11:24:58,2020-11-10T11:24:58,MATCH
session3216|non_registered_export,non_registered_export,false,624,624,MATCH,55,55,MATCH,MATCH,2020-11-11T10:40:08,2020-11-11T10:40:08,MATCH
session3217|non_registered_export,non_registered_export,false,1,1,MATCH,0,0,MATCH,MATCH,2020-10-26T10:48:14,2020-10-26T10:48:14,MATCH
session3218|registered_export,registered_export,false,1003,1003,MATCH,72,72,MATCH,MATCH,2020-10-28T12:32:26,2020-10-28T12:32:26,MATCH
session3219|non_registered_export,non_registered_export,false,90,90,MATCH,230,230,MATCH,MATCH,2020-11-11T11:23:22,2020-11-11T11:23:22,MATCH
session321|registered_export,registered_export,false,1623,1623,MATCH,51,51,MATCH,MATCH,2020-10-26T12:26:32,2020-10-26T12:26:32,MATCH
session3220|registered_export,registered_export,false,603,603,MATCH,70,70,MATCH,MATCH,2020-10-08T10:43:06,2020-10-08T10:43:06,MATCH
session3221|registered_export,registered_export,false,448,448,MATCH,65,65,MATCH,MATCH,2020-11-03T10:38:03,2020-11-03T10:38:03,MATCH
session3222|non_registered_export,non_registered_export,true,,1367,EXCLUDED_QUARANTINED,73,73,MATCH,MATCH,2020-10-14T11:24:00,2020-10-14T11:24:00,MATCH
session3222|registered_export,registered_export,true,,1367,EXCLUDED_QUARANTINED,73,73,MATCH,MATCH,2020-10-14T11:24:00,2020-10-14T11:24:00,MATCH
session3223|non_registered_export,non_registered_export,false,383,383,MATCH,0,0,MATCH,MATCH,2020-11-06T11:31:27,2020-11-06T11:31:27,MATCH
session3224|registered_export,registered_export,false,504,504,MATCH,41,41,MATCH,MATCH,2020-10-07T10:32:32,2020-10-07T10:32:32,MATCH
session3225|registered_export,registered_export,false,740,740,MATCH,110,110,MATCH,MATCH,2020-11-10T11:58:41,2020-11-10T11:58:41,MATCH
session3226|non_registered_export,non_registered_export,false,526,526,MATCH,51,51,MATCH,MATCH,2020-10-26T10:46:25,2020-10-26T10:46:25,MATCH
session3227|non_registered_export,non_registered_export,false,133,133,MATCH,35,35,MATCH,MATCH,2020-10-28T10:30:28,2020-10-28T10:30:28,MATCH
session3228|non_registered_export,non_registered_export,false,1100,1100,MATCH,0,0,MATCH,MATCH,2020-11-05T10:43:09,2020-11-05T10:43:09,MATCH
session3229|registered_export,registered_export,false,405,405,MATCH,60,60,MATCH,MATCH,2020-10-06T11:15:28,2020-10-06T11:15:28,MATCH
session322|non_registered_export,non_registered_export,false,288,288,MATCH,39,39,MATCH,MATCH,2020-10-13T10:53:36,2020-10-13T10:53:36,MATCH
session3230|non_registered_export,non_registered_export,false,4,4,MATCH,0,0,MATCH,MATCH,2020-11-03T12:41:36,2020-11-03T12:41:36,MATCH
session3231|non_registered_export,non_registered_export,false,141,141,MATCH,0,0,MATCH,MATCH,2020-10-26T11:26:20,2020-10-26T11:26:20,MATCH
session3232|registered_export,registered_export,false,441,441,MATCH,73,73,MATCH,MATCH,2020-10-06T10:58:46,2020-10-06T10:58:46,MATCH
session3233|registered_export,registered_export,false,513,513,MATCH,57,57,MATCH,MATCH,2020-11-20T12:17:13,2020-11-20T12:17:13,MATCH
session3234|non_registered_export,non_registered_export,false,517,517,MATCH,113,113,MATCH,MATCH,2020-10-14T12:15:05,2020-10-14T12:15:05,MATCH
session3235|registered_export,registered_export,false,510,510,MATCH,73,73,MATCH,MATCH,2020-10-07T11:23:31,2020-10-07T11:23:31,MATCH
session3236|non_registered_export,non_registered_export,false,4,4,MATCH,26,26,MATCH,MATCH,2020-11-05T12:23:10,2020-11-05T12:23:10,MATCH
session3237|registered_export,registered_export,false,522,522,MATCH,59,59,MATCH,MATCH,2020-10-28T12:08:39,2020-10-28T12:08:39,MATCH
session3238|non_registered_export,non_registered_export,false,162,162,MATCH,0,0,MATCH,MATCH,2020-11-06T11:22:35,2020-11-06T11:22:35,MATCH
session3239|non_registered_export,non_registered_export,false,3,3,MATCH,0,0,MATCH,MATCH,2020-10-21T12:09:47,2020-10-21T12:09:47,MATCH
session323|non_registered_export,non_registered_export,false,3,3,MATCH,0,0,MATCH,MATCH,2020-10-16T11:46:16,2020-10-16T11:46:16,MATCH
session3240|non_registered_export,non_registered_export,false,7,7,MATCH,0,0,MATCH,MATCH,2020-10-20T11:27:03,2020-10-20T11:27:03,MATCH
session3241|non_registered_export,non_registered_export,false,487,487,MATCH,59,59,MATCH,MATCH,2020-11-03T12:24:48,2020-11-03T12:24:48,MATCH
session3242|registered_export,registered_export,false,318,318,MATCH,90,90,MATCH,MATCH,2020-10-13T11:11:05,2020-10-13T11:11:05,MATCH
session3243|non_registered_export,non_registered_export,false,1,1,MATCH,0,0,MATCH,MATCH,2020-10-27T10:53:46,2020-10-27T10:53:46,MATCH
session3244|non_registered_export,non_registered_export,false,33,33,MATCH,121,121,MATCH,MATCH,2020-11-12T10:39:22,2020-11-12T10:39:22,MATCH
session3245|non_registered_export,non_registered_export,false,4,4,MATCH,0,0,MATCH,MATCH,2020-10-28T12:23:12,2020-10-28T12:23:12,MATCH
session3246|non_registered_export,non_registered_export,false,427,427,MATCH,77,77,MATCH,MATCH,2020-10-30T10:56:42,2020-10-30T10:56:42,MATCH
session3247|non_registered_export,non_registered_export,false,41,41,MATCH,0,0,MATCH,MATCH,2020-10-28T10:47:02,2020-10-28T10:47:02,MATCH
session3248|registered_export,registered_export,false,424,424,MATCH,37,37,MATCH,MATCH,2020-11-04T11:34:48,2020-11-04T11:34:48,MATCH
session3249|registered_export,registered_export,false,288,288,MATCH,42,42,MATCH,MATCH,2020-11-06T12:17:20,2020-11-06T12:17:20,MATCH
session324|non_registered_export,non_registered_export,false,437,437,MATCH,53,53,MATCH,MATCH,2020-10-14T11:26:16,2020-10-14T11:26:16,MATCH
session3250|non_registered_export,non_registered_export,false,4,4,MATCH,0,0,MATCH,MATCH,2020-10-16T14:43:15,2020-10-16T14:43:15,MATCH
session3251|non_registered_export,non_registered_export,false,195,195,MATCH,12,12,MATCH,MATCH,2020-10-08T11:33:50,2020-10-08T11:33:50,MATCH
session3252|non_registered_export,non_registered_export,false,239,239,MATCH,42,42,MATCH,MATCH,2020-11-02T11:31:07,2020-11-02T11:31:07,MATCH
session3253|registered_export,registered_export,false,1640,1640,MATCH,68,68,MATCH,MATCH,2020-10-06T11:38:47,2020-10-06T11:38:47,MATCH
session3254|non_registered_export,non_registered_export,false,796,796,MATCH,8,8,MATCH,MATCH,2020-10-06T12:46:33,2020-10-06T12:46:33,MATCH
session3255|non_registered_export,non_registered_export,false,941,941,MATCH,22,22,MATCH,MATCH,2020-10-26T10:33:33,2020-10-26T10:33:33,MATCH
session3256|non_registered_export,non_registered_export,false,1082,1082,MATCH,0,0,MATCH,MATCH,2020-10-13T13:16:20,2020-10-13T13:16:20,MATCH
session3257|non_registered_export,non_registered_export,false,368,368,MATCH,66,66,MATCH,MATCH,2020-10-28T11:26:58,2020-10-28T11:26:58,MATCH
session3258|registered_export,registered_export,false,378,378,MATCH,69,69,MATCH,MATCH,2020-10-12T12:10:38,2020-10-12T12:10:38,MATCH
session3259|registered_export,registered_export,false,420,420,MATCH,35,35,MATCH,MATCH,2020-11-09T10:54:48,2020-11-09T10:54:48,MATCH
session325|registered_export,registered_export,false,398,398,MATCH,50,50,MATCH,MATCH,2020-10-26T11:21:09,2020-10-26T11:21:09,MATCH
session3260|registered_export,registered_export,false,584,584,MATCH,59,59,MATCH,MATCH,2020-11-19T11:00:31,2020-11-19T11:00:31,MATCH
session3261|non_registered_export,non_registered_export,false,174,174,MATCH,13,13,MATCH,MATCH,2020-10-26T10:41:01,2020-10-26T10:41:01,MATCH
session3262|non_registered_export,non_registered_export,false,679,679,MATCH,49,49,MATCH,MATCH,2020-10-12T12:17:18,2020-10-12T12:17:18,MATCH
session3263|non_registered_export,non_registered_export,false,41,41,MATCH,0,0,MATCH,MATCH,2020-10-09T12:51:00,2020-10-09T12:51:00,MATCH
session3264|registered_export,registered_export,false,701,701,MATCH,44,44,MATCH,MATCH,2020-10-19T12:23:53,2020-10-19T12:23:53,MATCH
session3265|non_registered_export,non_registered_export,false,295,295,MATCH,51,51,MATCH,MATCH,2020-11-11T11:46:11,2020-11-11T11:46:11,MATCH
session3266|non_registered_export,non_registered_export,false,597,597,MATCH,0,0,MATCH,MATCH,2020-10-15T13:27:11,2020-10-15T13:27:11,MATCH
session3267|non_registered_export,non_registered_export,false,68,68,MATCH,0,0,MATCH,MATCH,2020-10-23T12:01:41,2020-10-23T12:01:41,MATCH
session3268|registered_export,registered_export,false,472,472,MATCH,111,111,MATCH,MATCH,2020-10-20T11:32:32,2020-10-20T11:32:32,MATCH
session3269|non_registered_export,non_registered_export,false,258,258,MATCH,16,16,MATCH,MATCH,2020-10-21T11:29:25,2020-10-21T11:29:25,MATCH
session326|non_registered_export,non_registered_export,false,505,505,MATCH,60,60,MATCH,MATCH,2020-10-22T11:10:33,2020-10-22T11:10:33,MATCH
session3270|registered_export,registered_export,false,409,409,MATCH,75,75,MATCH,MATCH,2020-10-28T12:23:19,2020-10-28T12:23:19,MATCH
session3271|non_registered_export,non_registered_export,false,404,404,MATCH,70,70,MATCH,MATCH,2020-10-20T11:30:50,2020-10-20T11:30:50,MATCH
session3272|non_registered_export,non_registered_export,false,192,192,MATCH,15,15,MATCH,MATCH,2020-10-06T11:53:49,2020-10-06T11:53:49,MATCH
session3273|non_registered_export,non_registered_export,false,147,147,MATCH,106,106,MATCH,MATCH,2020-10-20T11:36:05,2020-10-20T11:36:05,MATCH
session3274|registered_export,registered_export,false,957,957,MATCH,43,43,MATCH,MATCH,2020-11-12T10:43:50,2020-11-12T10:43:50,MATCH
session3275|registered_export,registered_export,false,623,623,MATCH,69,69,MATCH,MATCH,2020-10-20T10:26:51,2020-10-20T10:26:51,MATCH
session3276|non_registered_export,non_registered_export,false,13,13,MATCH,41,41,MATCH,MATCH,2020-11-10T11:53:08,2020-11-10T11:53:08,MATCH
session3277|registered_export,registered_export,false,433,433,MATCH,74,74,MATCH,MATCH,2020-11-12T11:38:11,2020-11-12T11:38:11,MATCH
session3278|non_registered_export,non_registered_export,false,488,488,MATCH,0,0,MATCH,MATCH,2020-10-27T12:21:35,2020-10-27T12:21:35,MATCH
session3279|non_registered_export,non_registered_export,false,171,171,MATCH,36,36,MATCH,MATCH,2020-10-19T11:00:04,2020-10-19T11:00:04,MATCH
session327|non_registered_export,non_registered_export,false,30,30,MATCH,34,34,MATCH,MATCH,2020-10-22T11:16:37,2020-10-22T11:16:37,MATCH
session3280|non_registered_export,non_registered_export,false,424,424,MATCH,55,55,MATCH,MATCH,2020-10-09T12:10:09,2020-10-09T12:10:09,MATCH
session3281|registered_export,registered_export,false,509,509,MATCH,119,119,MATCH,MATCH,2020-10-14T12:17:56,2020-10-14T12:17:56,MATCH
session3282|registered_export,registered_export,false,252,252,MATCH,33,33,MATCH,MATCH,2020-10-13T11:45:34,2020-10-13T11:45:34,MATCH
session3283|registered_export,registered_export,false,538,538,MATCH,76,76,MATCH,MATCH,2020-10-20T11:37:05,2020-10-20T11:37:05,MATCH
session3284|non_registered_export,non_registered_export,false,235,235,MATCH,0,0,MATCH,MATCH,2020-11-03T12:31:18,2020-11-03T12:31:18,MATCH
session3285|non_registered_export,non_registered_export,false,169,169,MATCH,0,0,MATCH,MATCH,2020-10-28T11:01:40,2020-10-28T11:01:40,MATCH
session3286|non_registered_export,non_registered_export,false,7,7,MATCH,0,0,MATCH,MATCH,2020-10-29T12:36:48,2020-10-29T12:36:48,MATCH
session3287|non_registered_export,non_registered_export,false,55,55,MATCH,0,0,MATCH,MATCH,2020-10-22T12:43:47,2020-10-22T12:43:47,MATCH
session3288|non_registered_export,non_registered_export,false,6,6,MATCH,0,0,MATCH,MATCH,2020-10-21T10:44:31,2020-10-21T10:44:31,MATCH
session3289|registered_export,registered_export,false,428,428,MATCH,66,66,MATCH,MATCH,2020-10-20T11:13:08,2020-10-20T11:13:08,MATCH
session328|non_registered_export,non_registered_export,false,93,93,MATCH,25,25,MATCH,MATCH,2020-10-07T12:00:10,2020-10-07T12:00:10,MATCH
session3290|non_registered_export,non_registered_export,false,350,350,MATCH,40,40,MATCH,MATCH,2020-11-10T10:34:45,2020-11-10T10:34:45,MATCH
session3291|registered_export,registered_export,false,570,570,MATCH,65,65,MATCH,MATCH,2020-10-28T11:51:08,2020-10-28T11:51:08,MATCH
session3292|non_registered_export,non_registered_export,false,1113,1113,MATCH,0,0,MATCH,MATCH,2020-10-07T12:37:30,2020-10-07T12:37:30,MATCH
session3293|registered_export,registered_export,false,459,459,MATCH,46,46,MATCH,MATCH,2020-10-27T12:14:55,2020-10-27T12:14:55,MATCH
session3294|registered_export,registered_export,false,552,552,MATCH,85,85,MATCH,MATCH,2020-11-20T12:02:43,2020-11-20T12:02:43,MATCH
session3295|registered_export,registered_export,false,553,553,MATCH,82,82,MATCH,MATCH,2020-11-20T11:40:58,2020-11-20T11:40:58,MATCH
session3296|registered_export,registered_export,false,838,838,MATCH,73,73,MATCH,MATCH,2020-10-14T11:10:42,2020-10-14T11:10:42,MATCH
session3297|registered_export,registered_export,false,388,388,MATCH,77,77,MATCH,MATCH,2020-10-21T11:35:09,2020-10-21T11:35:09,MATCH
session3298|non_registered_export,non_registered_export,false,518,518,MATCH,46,46,MATCH,MATCH,2020-11-12T11:22:42,2020-11-12T11:22:42,MATCH
session3299|registered_export,registered_export,false,529,529,MATCH,71,71,MATCH,MATCH,2020-11-04T12:13:57,2020-11-04T12:13:57,MATCH
session329|registered_export,registered_export,false,181,181,MATCH,17,17,MATCH,MATCH,2020-11-09T11:28:51,2020-11-09T11:28:51,MATCH
session32|non_registered_export,non_registered_export,false,271,271,MATCH,37,37,MATCH,MATCH,2020-11-13T10:58:35,2020-11-13T10:58:35,MATCH
session3300|registered_export,registered_export,false,702,702,MATCH,41,41,MATCH,MATCH,2020-11-10T12:30:49,2020-11-10T12:30:49,MATCH
session3301|registered_export,registered_export,false,366,366,MATCH,56,56,MATCH,MATCH,2020-11-04T12:15:42,2020-11-04T12:15:42,MATCH
session3302|registered_export,registered_export,false,489,489,MATCH,56,56,MATCH,MATCH,2020-10-08T11:29:23,2020-10-08T11:29:23,MATCH
session3303|non_registered_export,non_registered_export,false,232,232,MATCH,0,0,MATCH,MATCH,2020-10-12T12:03:33,2020-10-12T12:03:33,MATCH
session3304|registered_export,registered_export,false,222,222,MATCH,62,62,MATCH,MATCH,2020-10-21T10:44:01,2020-10-21T10:44:01,MATCH
session3305|non_registered_export,non_registered_export,false,376,376,MATCH,43,43,MATCH,MATCH,2020-10-05T10:41:50,2020-10-05T10:41:50,MATCH
session3306|registered_export,registered_export,false,598,598,MATCH,107,107,MATCH,MATCH,2020-10-20T11:32:06,2020-10-20T11:32:06,MATCH
session3307|non_registered_export,non_registered_export,false,607,607,MATCH,26,26,MATCH,MATCH,2020-11-13T10:53:51,2020-11-13T10:53:51,MATCH
session3308|registered_export,registered_export,false,417,417,MATCH,96,96,MATCH,MATCH,2020-10-14T11:48:00,2020-10-14T11:48:00,MATCH
session3309|registered_export,registered_export,false,252,252,MATCH,68,68,MATCH,MATCH,2020-10-20T10:57:31,2020-10-20T10:57:31,MATCH
session330|non_registered_export,non_registered_export,false,349,349,MATCH,58,58,MATCH,MATCH,2020-10-28T12:20:57,2020-10-28T12:20:57,MATCH
session3310|registered_export,registered_export,false,492,492,MATCH,71,71,MATCH,MATCH,2020-10-06T10:32:05,2020-10-06T10:32:05,MATCH
session3311|non_registered_export,non_registered_export,false,233,233,MATCH,81,81,MATCH,MATCH,2020-10-20T10:52:14,2020-10-20T10:52:14,MATCH
session3312|registered_export,registered_export,false,379,379,MATCH,68,68,MATCH,MATCH,2020-11-10T11:55:17,2020-11-10T11:55:17,MATCH
session3313|registered_export,registered_export,false,762,762,MATCH,51,51,MATCH,MATCH,2020-10-20T11:29:05,2020-10-20T11:29:05,MATCH
session3314|non_registered_export,non_registered_export,false,2,2,MATCH,0,0,MATCH,MATCH,2020-11-11T11:14:59,2020-11-11T11:14:59,MATCH
session3315|registered_export,registered_export,false,1042,1042,MATCH,71,71,MATCH,MATCH,2020-11-04T11:27:16,2020-11-04T11:27:16,MATCH
session3316|registered_export,registered_export,false,435,435,MATCH,81,81,MATCH,MATCH,2020-10-27T11:12:56,2020-10-27T11:12:56,MATCH
session3317|registered_export,registered_export,false,522,522,MATCH,42,42,MATCH,MATCH,2020-11-09T11:18:37,2020-11-09T11:18:37,MATCH
session3318|registered_export,registered_export,false,511,511,MATCH,75,75,MATCH,MATCH,2020-10-19T10:40:53,2020-10-19T10:40:53,MATCH
session3319|non_registered_export,non_registered_export,false,6,6,MATCH,0,0,MATCH,MATCH,2020-11-02T11:38:31,2020-11-02T11:38:31,MATCH
session331|non_registered_export,non_registered_export,false,900,900,MATCH,46,46,MATCH,MATCH,2020-11-04T10:30:27,2020-11-04T10:30:27,MATCH
session3320|non_registered_export,non_registered_export,false,883,883,MATCH,0,0,MATCH,MATCH,2020-10-08T10:32:27,2020-10-08T10:32:27,MATCH
session3321|non_registered_export,non_registered_export,false,7,7,MATCH,0,0,MATCH,MATCH,2020-10-09T11:19:40,2020-10-09T11:19:40,MATCH
session3322|non_registered_export,non_registered_export,false,13,13,MATCH,10,10,MATCH,MATCH,2020-10-28T12:03:49,2020-10-28T12:03:49,MATCH
session3323|non_registered_export,non_registered_export,false,78,78,MATCH,22,22,MATCH,MATCH,2020-11-04T11:36:26,2020-11-04T11:36:26,MATCH
session3324|non_registered_export,non_registered_export,false,883,883,MATCH,69,69,MATCH,MATCH,2020-10-16T12:29:18,2020-10-16T12:29:18,MATCH
session3325|registered_export,registered_export,false,533,533,MATCH,97,97,MATCH,MATCH,2020-11-03T10:54:18,2020-11-03T10:54:18,MATCH
session3326|non_registered_export,non_registered_export,false,68,68,MATCH,12,12,MATCH,MATCH,2020-10-22T11:06:02,2020-10-22T11:06:02,MATCH
session3327|registered_export,registered_export,false,831,831,MATCH,65,65,MATCH,MATCH,2020-10-21T12:10:18,2020-10-21T12:10:18,MATCH
session3328|registered_export,registered_export,false,928,928,MATCH,55,55,MATCH,MATCH,2020-10-07T11:36:02,2020-10-07T11:36:02,MATCH
session3329|registered_export,registered_export,false,465,465,MATCH,45,45,MATCH,MATCH,2020-11-04T12:15:56,2020-11-04T12:15:56,MATCH
session332|non_registered_export,non_registered_export,false,968,968,MATCH,0,0,MATCH,MATCH,2020-10-16T11:24:30,2020-10-16T11:24:30,MATCH
session3330|non_registered_export,non_registered_export,false,10,10,MATCH,0,0,MATCH,MATCH,2020-10-15T11:27:46,2020-10-15T11:27:46,MATCH
session3331|non_registered_export,non_registered_export,false,343,343,MATCH,80,80,MATCH,MATCH,2020-11-13T12:09:40,2020-11-13T12:09:40,MATCH
session3332|non_registered_export,non_registered_export,false,12,12,MATCH,60,60,MATCH,MATCH,2020-10-09T12:25:19,2020-10-09T12:25:19,MATCH
session3333|registered_export,registered_export,false,240,240,MATCH,71,71,MATCH,MATCH,2020-10-13T10:40:44,2020-10-13T10:40:44,MATCH
session3334|registered_export,registered_export,false,418,418,MATCH,70,70,MATCH,MATCH,2020-11-05T10:32:53,2020-11-05T10:32:53,MATCH
session3335|registered_export,registered_export,false,229,229,MATCH,35,35,MATCH,MATCH,2020-10-21T10:44:32,2020-10-21T10:44:32,MATCH
session3336|registered_export,registered_export,false,470,470,MATCH,52,52,MATCH,MATCH,2020-10-27T11:47:31,2020-10-27T11:47:31,MATCH
session3337|non_registered_export,non_registered_export,false,3,3,MATCH,0,0,MATCH,MATCH,2020-10-23T11:52:22,2020-10-23T11:52:22,MATCH
session3338|non_registered_export,non_registered_export,false,39,39,MATCH,0,0,MATCH,MATCH,2020-10-19T10:34:18,2020-10-19T10:34:18,MATCH
session3339|registered_export,registered_export,false,544,544,MATCH,73,73,MATCH,MATCH,2020-10-26T11:01:59,2020-10-26T11:01:59,MATCH
session333|registered_export,registered_export,false,823,823,MATCH,133,133,MATCH,MATCH,2020-10-13T11:26:56,2020-10-13T11:26:56,MATCH
session3340|registered_export,registered_export,false,288,288,MATCH,84,84,MATCH,MATCH,2020-10-13T11:01:10,2020-10-13T11:01:10,MATCH
session3341|registered_export,registered_export,false,429,429,MATCH,42,42,MATCH,MATCH,2020-11-03T12:09:42,2020-11-03T12:09:42,MATCH
session3342|non_registered_export,non_registered_export,false,689,689,MATCH,74,74,MATCH,MATCH,2020-10-27T11:42:45,2020-10-27T11:42:45,MATCH
session334|registered_export,registered_export,false,265,265,MATCH,104,104,MATCH,MATCH,2020-10-13T11:09:08,2020-10-13T11:09:08,MATCH
session335|registered_export,registered_export,false,538,538,MATCH,40,40,MATCH,MATCH,2020-11-11T10:39:05,2020-11-11T10:39:05,MATCH
session336|registered_export,registered_export,false,379,379,MATCH,51,51,MATCH,MATCH,2020-10-26T10:51:01,2020-10-26T10:51:01,MATCH
session337|registered_export,registered_export,false,561,561,MATCH,70,70,MATCH,MATCH,2020-11-17T10:54:54,2020-11-17T10:54:54,MATCH
session338|non_registered_export,non_registered_export,false,5,5,MATCH,0,0,MATCH,MATCH,2020-10-16T10:53:07,2020-10-16T10:53:07,MATCH
session339|registered_export,registered_export,false,231,231,MATCH,70,70,MATCH,MATCH,2020-11-10T10:59:17,2020-11-10T10:59:17,MATCH
session33|non_registered_export,non_registered_export,false,13,13,MATCH,0,0,MATCH,MATCH,2020-10-28T10:47:26,2020-10-28T10:47:26,MATCH
session340|non_registered_export,non_registered_export,false,55,55,MATCH,0,0,MATCH,MATCH,2020-10-22T11:58:24,2020-10-22T11:58:24,MATCH
session341|registered_export,registered_export,false,441,441,MATCH,100,100,MATCH,MATCH,2020-10-21T11:12:58,2020-10-21T11:12:58,MATCH
session342|non_registered_export,non_registered_export,false,500,500,MATCH,50,50,MATCH,MATCH,2020-11-06T12:58:18,2020-11-06T12:58:18,MATCH
session343|registered_export,registered_export,false,358,358,MATCH,57,57,MATCH,MATCH,2020-10-26T10:41:45,2020-10-26T10:41:45,MATCH
session344|registered_export,registered_export,false,542,542,MATCH,97,97,MATCH,MATCH,2020-11-20T10:50:56,2020-11-20T10:50:56,MATCH
session345|registered_export,registered_export,false,405,405,MATCH,72,72,MATCH,MATCH,2020-10-21T11:16:26,2020-10-21T11:16:26,MATCH
session346|registered_export,registered_export,false,595,595,MATCH,72,72,MATCH,MATCH,2020-11-04T11:48:57,2020-11-04T11:48:57,MATCH
session347|non_registered_export,non_registered_export,false,145,145,MATCH,41,41,MATCH,MATCH,2020-11-10T13:02:04,2020-11-10T13:02:04,MATCH
session348|non_registered_export,non_registered_export,false,728,728,MATCH,58,58,MATCH,MATCH,2020-10-26T11:35:06,2020-10-26T11:35:06,MATCH
session349|non_registered_export,non_registered_export,false,232,232,MATCH,0,0,MATCH,MATCH,2020-10-29T12:55:11,2020-10-29T12:55:11,MATCH
session34|registered_export,registered_export,false,1449,1449,MATCH,48,48,MATCH,MATCH,2020-11-09T10:33:55,2020-11-09T10:33:55,MATCH
session350|non_registered_export,non_registered_export,false,1302,1302,MATCH,0,0,MATCH,MATCH,2020-10-20T10:45:43,2020-10-20T10:45:43,MATCH
session351|non_registered_export,non_registered_export,false,216,216,MATCH,57,57,MATCH,MATCH,2020-11-05T11:49:17,2020-11-05T11:49:17,MATCH
session352|registered_export,registered_export,false,119,119,MATCH,19,19,MATCH,MATCH,2020-11-11T11:13:34,2020-11-11T11:13:34,MATCH
session353|non_registered_export,non_registered_export,false,261,261,MATCH,36,36,MATCH,MATCH,2020-10-13T11:28:01,2020-10-13T11:28:01,MATCH
session354|registered_export,registered_export,false,1254,1254,MATCH,78,78,MATCH,MATCH,2020-11-16T10:44:54,2020-11-16T10:44:54,MATCH
session355|registered_export,registered_export,false,415,415,MATCH,78,78,MATCH,MATCH,2020-11-03T10:33:41,2020-11-03T10:33:41,MATCH
session356|non_registered_export,non_registered_export,false,288,288,MATCH,57,57,MATCH,MATCH,2020-10-27T12:01:20,2020-10-27T12:01:20,MATCH
session357|non_registered_export,non_registered_export,false,197,197,MATCH,57,57,MATCH,MATCH,2020-11-12T11:48:43,2020-11-12T11:48:43,MATCH
session358|non_registered_export,non_registered_export,false,2,2,MATCH,0,0,MATCH,MATCH,2020-10-05T12:39:22,2020-10-05T12:39:22,MATCH
session359|non_registered_export,non_registered_export,false,4,4,MATCH,0,0,MATCH,MATCH,2020-10-19T12:02:36,2020-10-19T12:02:36,MATCH
session35|registered_export,registered_export,false,413,413,MATCH,52,52,MATCH,MATCH,2020-10-15T12:17:54,2020-10-15T12:17:54,MATCH
session360|registered_export,registered_export,false,659,659,MATCH,76,76,MATCH,MATCH,2020-10-27T10:41:32,2020-10-27T10:41:32,MATCH
session361|registered_export,registered_export,false,467,467,MATCH,117,117,MATCH,MATCH,2020-10-12T11:12:44,2020-10-12T11:12:44,MATCH
session362|non_registered_export,non_registered_export,false,1191,1191,MATCH,0,0,MATCH,MATCH,2020-11-13T11:03:36,2020-11-13T11:03:36,MATCH
session363|registered_export,registered_export,false,433,433,MATCH,55,55,MATCH,MATCH,2020-10-27T11:43:38,2020-10-27T11:43:38,MATCH
session364|non_registered_export,non_registered_export,false,331,331,MATCH,38,38,MATCH,MATCH,2020-10-06T10:31:18,2020-10-06T10:31:18,MATCH
session365|registered_export,registered_export,false,1060,1060,MATCH,86,86,MATCH,MATCH,2020-10-12T11:11:43,2020-10-12T11:11:43,MATCH
session366|registered_export,registered_export,false,522,522,MATCH,75,75,MATCH,MATCH,2020-10-14T11:23:17,2020-10-14T11:23:17,MATCH
session367|non_registered_export,non_registered_export,false,84,84,MATCH,0,0,MATCH,MATCH,2020-10-08T13:30:09,2020-10-08T13:30:09,MATCH
session368|non_registered_export,non_registered_export,false,354,354,MATCH,75,75,MATCH,MATCH,2020-10-20T11:17:04,2020-10-20T11:17:04,MATCH
session369|registered_export,registered_export,false,477,477,MATCH,68,68,MATCH,MATCH,2020-10-23T10:31:11,2020-10-23T10:31:11,MATCH
session36|registered_export,registered_export,false,373,373,MATCH,80,80,MATCH,MATCH,2020-11-09T11:48:39,2020-11-09T11:48:39,MATCH
session370|registered_export,registered_export,false,898,898,MATCH,56,56,MATCH,MATCH,2020-10-07T11:04:40,2020-10-07T11:04:40,MATCH
session371|non_registered_export,non_registered_export,false,575,575,MATCH,47,47,MATCH,MATCH,2020-10-19T12:35:19,2020-10-19T12:35:19,MATCH
session372|non_registered_export,non_registered_export,false,389,389,MATCH,63,63,MATCH,MATCH,2020-10-26T11:05:25,2020-10-26T11:05:25,MATCH
session373|non_registered_export,non_registered_export,false,97,97,MATCH,39,39,MATCH,MATCH,2020-10-07T11:47:21,2020-10-07T11:47:21,MATCH
session374|non_registered_export,non_registered_export,false,13,13,MATCH,31,31,MATCH,MATCH,2020-11-02T12:30:06,2020-11-02T12:30:06,MATCH
session375|registered_export,registered_export,false,734,734,MATCH,121,121,MATCH,MATCH,2020-10-20T11:58:38,2020-10-20T11:58:38,MATCH
session376|registered_export,registered_export,false,340,340,MATCH,51,51,MATCH,MATCH,2020-11-06T11:49:44,2020-11-06T11:49:44,MATCH
session377|registered_export,registered_export,false,681,681,MATCH,80,80,MATCH,MATCH,2020-11-10T11:35:31,2020-11-10T11:35:31,MATCH
session378|non_registered_export,non_registered_export,false,28,28,MATCH,29,29,MATCH,MATCH,2020-11-13T11:42:28,2020-11-13T11:42:28,MATCH
session379|non_registered_export,non_registered_export,false,145,145,MATCH,0,0,MATCH,MATCH,2020-10-06T12:49:57,2020-10-06T12:49:57,MATCH
session37|non_registered_export,non_registered_export,false,445,445,MATCH,54,54,MATCH,MATCH,2020-10-20T11:03:31,2020-10-20T11:03:31,MATCH
session380|registered_export,registered_export,false,342,342,MATCH,68,68,MATCH,MATCH,2020-10-28T10:59:03,2020-10-28T10:59:03,MATCH
session381|registered_export,registered_export,false,389,389,MATCH,48,48,MATCH,MATCH,2020-11-16T11:33:34,2020-11-16T11:33:34,MATCH
session382|registered_export,registered_export,false,642,642,MATCH,63,63,MATCH,MATCH,2020-11-03T12:09:17,2020-11-03T12:09:17,MATCH
session383|non_registered_export,non_registered_export,false,131,131,MATCH,97,97,MATCH,MATCH,2020-10-09T11:07:12,2020-10-09T11:07:12,MATCH
session384|registered_export,registered_export,false,643,643,MATCH,28,28,MATCH,MATCH,2020-11-09T10:31:41,2020-11-09T10:31:41,MATCH
session385|registered_export,registered_export,false,582,582,MATCH,53,53,MATCH,MATCH,2020-11-09T11:13:49,2020-11-09T11:13:49,MATCH
session386|registered_export,registered_export,false,330,330,MATCH,89,89,MATCH,MATCH,2020-11-03T12:22:41,2020-11-03T12:22:41,MATCH
session387|non_registered_export,non_registered_export,false,582,582,MATCH,60,60,MATCH,MATCH,2020-10-26T11:23:11,2020-10-26T11:23:11,MATCH
session388|non_registered_export,non_registered_export,false,198,198,MATCH,0,0,MATCH,MATCH,2020-11-04T10:31:34,2020-11-04T10:31:34,MATCH
session389|non_registered_export,non_registered_export,false,205,205,MATCH,18,18,MATCH,MATCH,2020-10-09T13:29:21,2020-10-09T13:29:21,MATCH
session38|non_registered_export,non_registered_export,false,122,122,MATCH,0,0,MATCH,MATCH,2020-10-30T11:17:46,2020-10-30T11:17:46,MATCH
session390|registered_export,registered_export,false,360,360,MATCH,88,88,MATCH,MATCH,2020-10-14T12:04:12,2020-10-14T12:04:12,MATCH
session391|registered_export,registered_export,false,497,497,MATCH,85,85,MATCH,MATCH,2020-11-11T11:13:36,2020-11-11T11:13:36,MATCH
session392|registered_export,registered_export,false,323,323,MATCH,34,34,MATCH,MATCH,2020-10-28T10:30:10,2020-10-28T10:30:10,MATCH
session393|non_registered_export,non_registered_export,false,4,4,MATCH,0,0,MATCH,MATCH,2020-10-16T11:20:59,2020-10-16T11:20:59,MATCH
session394|registered_export,registered_export,false,356,356,MATCH,34,34,MATCH,MATCH,2020-10-21T11:45:16,2020-10-21T11:45:16,MATCH
session395|registered_export,registered_export,false,894,894,MATCH,57,57,MATCH,MATCH,2020-11-04T11:38:31,2020-11-04T11:38:31,MATCH
session396|registered_export,registered_export,false,651,651,MATCH,82,82,MATCH,MATCH,2020-10-30T11:46:40,2020-10-30T11:46:40,MATCH
session397|registered_export,registered_export,false,549,549,MATCH,51,51,MATCH,MATCH,2020-11-03T11:12:14,2020-11-03T11:12:14,MATCH
session398|non_registered_export,non_registered_export,false,9,9,MATCH,39,39,MATCH,MATCH,2020-10-12T11:17:59,2020-10-12T11:17:59,MATCH
session399|registered_export,registered_export,false,691,691,MATCH,101,101,MATCH,MATCH,2020-10-28T13:07:32,2020-10-28T13:07:32,MATCH
session39|registered_export,registered_export,false,668,668,MATCH,37,37,MATCH,MATCH,2020-11-03T12:29:36,2020-11-03T12:29:36,MATCH
session3|registered_export,registered_export,false,747,747,MATCH,118,118,MATCH,MATCH,2020-10-20T11:18:32,2020-10-20T11:18:32,MATCH
session400|registered_export,registered_export,false,884,884,MATCH,48,48,MATCH,MATCH,2020-11-10T11:48:00,2020-11-10T11:48:00,MATCH
session401|non_registered_export,non_registered_export,false,351,351,MATCH,27,27,MATCH,MATCH,2020-10-14T11:18:06,2020-10-14T11:18:06,MATCH
session402|non_registered_export,non_registered_export,false,147,147,MATCH,0,0,MATCH,MATCH,2020-11-10T10:32:40,2020-11-10T10:32:40,MATCH
session403|non_registered_export,non_registered_export,false,696,696,MATCH,0,0,MATCH,MATCH,2020-11-09T11:46:04,2020-11-09T11:46:04,MATCH
session404|registered_export,registered_export,false,494,494,MATCH,108,108,MATCH,MATCH,2020-11-18T10:54:32,2020-11-18T10:54:32,MATCH
session405|registered_export,registered_export,false,223,223,MATCH,79,79,MATCH,MATCH,2020-11-09T10:42:07,2020-11-09T10:42:07,MATCH
session406|non_registered_export,non_registered_export,false,25,25,MATCH,37,37,MATCH,MATCH,2020-10-26T10:45:53,2020-10-26T10:45:53,MATCH
session407|registered_export,registered_export,false,1698,1698,MATCH,95,95,MATCH,MATCH,2020-10-07T10:51:24,2020-10-07T10:51:24,MATCH
session408|registered_export,registered_export,false,1378,1378,MATCH,129,129,MATCH,MATCH,2020-10-26T12:05:28,2020-10-26T12:05:28,MATCH
session409|registered_export,registered_export,false,464,464,MATCH,88,88,MATCH,MATCH,2020-10-06T12:16:31,2020-10-06T12:16:31,MATCH
session40|registered_export,registered_export,false,485,485,MATCH,40,40,MATCH,MATCH,2020-11-06T11:38:26,2020-11-06T11:38:26,MATCH
session410|registered_export,registered_export,false,532,532,MATCH,66,66,MATCH,MATCH,2020-10-28T10:56:31,2020-10-28T10:56:31,MATCH
session411|registered_export,registered_export,false,537,537,MATCH,115,115,MATCH,MATCH,2020-11-10T11:57:26,2020-11-10T11:57:26,MATCH
session412|non_registered_export,non_registered_export,false,137,137,MATCH,31,31,MATCH,MATCH,2020-10-22T11:03:24,2020-10-22T11:03:24,MATCH
session413|non_registered_export,non_registered_export,false,213,213,MATCH,35,35,MATCH,MATCH,2020-10-22T11:36:09,2020-10-22T11:36:09,MATCH
session414|registered_export,registered_export,false,541,541,MATCH,33,33,MATCH,MATCH,2020-11-13T10:53:58,2020-11-13T10:53:58,MATCH
session415|non_registered_export,non_registered_export,false,150,150,MATCH,84,84,MATCH,MATCH,2020-10-13T10:43:00,2020-10-13T10:43:00,MATCH
session416|registered_export,registered_export,false,277,277,MATCH,41,41,MATCH,MATCH,2020-10-13T11:48:00,2020-10-13T11:48:00,MATCH
session417|non_registered_export,non_registered_export,false,143,143,MATCH,81,81,MATCH,MATCH,2020-10-30T12:37:20,2020-10-30T12:37:20,MATCH
session418|registered_export,registered_export,false,423,423,MATCH,93,93,MATCH,MATCH,2020-10-28T11:47:21,2020-10-28T11:47:21,MATCH
session419|registered_export,registered_export,false,393,393,MATCH,37,37,MATCH,MATCH,2020-10-07T10:59:25,2020-10-07T10:59:25,MATCH
session41|non_registered_export,non_registered_export,false,4,4,MATCH,0,0,MATCH,MATCH,2020-10-29T13:31:39,2020-10-29T13:31:39,MATCH
session420|non_registered_export,non_registered_export,false,257,257,MATCH,52,52,MATCH,MATCH,2020-10-27T12:03:49,2020-10-27T12:03:49,MATCH
session421|non_registered_export,non_registered_export,false,4,4,MATCH,0,0,MATCH,MATCH,2020-11-06T12:01:06,2020-11-06T12:01:06,MATCH
session422|registered_export,registered_export,false,385,385,MATCH,56,56,MATCH,MATCH,2020-10-13T11:03:38,2020-10-13T11:03:38,MATCH
session423|registered_export,registered_export,false,519,519,MATCH,95,95,MATCH,MATCH,2020-10-30T10:39:41,2020-10-30T10:39:41,MATCH
session424|registered_export,registered_export,false,741,741,MATCH,107,107,MATCH,MATCH,2020-11-10T10:48:14,2020-11-10T10:48:14,MATCH
session425|non_registered_export,non_registered_export,false,648,648,MATCH,57,57,MATCH,MATCH,2020-10-14T11:02:34,2020-10-14T11:02:34,MATCH
session426|registered_export,registered_export,false,402,402,MATCH,77,77,MATCH,MATCH,2020-11-10T11:44:06,2020-11-10T11:44:06,MATCH
session427|non_registered_export,non_registered_export,false,43,43,MATCH,15,15,MATCH,MATCH,2020-11-12T11:13:26,2020-11-12T11:13:26,MATCH
session428|registered_export,registered_export,false,299,299,MATCH,74,74,MATCH,MATCH,2020-10-28T12:00:58,2020-10-28T12:00:58,MATCH
session429|non_registered_export,non_registered_export,false,12,12,MATCH,12,12,MATCH,MATCH,2020-10-09T11:46:20,2020-10-09T11:46:20,MATCH
session42|registered_export,registered_export,false,514,514,MATCH,84,84,MATCH,MATCH,2020-11-18T11:52:42,2020-11-18T11:52:42,MATCH
session430|non_registered_export,non_registered_export,false,322,322,MATCH,55,55,MATCH,MATCH,2020-10-23T11:12:44,2020-10-23T11:12:44,MATCH
session431|non_registered_export,non_registered_export,false,4,4,MATCH,0,0,MATCH,MATCH,2020-11-11T11:08:05,2020-11-11T11:08:05,MATCH
session432|non_registered_export,non_registered_export,false,273,273,MATCH,76,76,MATCH,MATCH,2020-10-29T11:31:20,2020-10-29T11:31:20,MATCH
session433|registered_export,registered_export,false,1596,1596,MATCH,89,89,MATCH,MATCH,2020-10-26T12:21:49,2020-10-26T12:21:49,MATCH
session434|non_registered_export,non_registered_export,false,131,131,MATCH,65,65,MATCH,MATCH,2020-10-21T10:43:05,2020-10-21T10:43:05,MATCH
session435|registered_export,registered_export,false,569,569,MATCH,71,71,MATCH,MATCH,2020-11-18T13:04:53,2020-11-18T13:04:53,MATCH
session436|registered_export,registered_export,false,528,528,MATCH,2593,2593,MATCH,MATCH,2020-10-20T11:30:02,2020-10-20T11:30:02,MATCH
session437|registered_export,registered_export,false,290,290,MATCH,56,56,MATCH,MATCH,2020-11-09T11:14:31,2020-11-09T11:14:31,MATCH
session438|non_registered_export,non_registered_export,false,8,8,MATCH,0,0,MATCH,MATCH,2020-10-28T12:23:26,2020-10-28T12:23:26,MATCH
session439|registered_export,registered_export,false,712,712,MATCH,84,84,MATCH,MATCH,2020-10-12T11:05:49,2020-10-12T11:05:49,MATCH
session43|registered_export,registered_export,false,405,405,MATCH,42,42,MATCH,MATCH,2020-10-27T12:02:12,2020-10-27T12:02:12,MATCH
session440|non_registered_export,non_registered_export,false,278,278,MATCH,94,94,MATCH,MATCH,2020-11-05T12:05:41,2020-11-05T12:05:41,MATCH
session441|non_registered_export,non_registered_export,false,8,8,MATCH,0,0,MATCH,MATCH,2020-10-14T10:47:40,2020-10-14T10:47:40,MATCH
session442|registered_export,registered_export,false,405,405,MATCH,101,101,MATCH,MATCH,2020-11-20T11:24:54,2020-11-20T11:24:54,MATCH
session443|registered_export,registered_export,false,320,320,MATCH,89,89,MATCH,MATCH,2020-10-20T11:34:08,2020-10-20T11:34:08,MATCH
session444|non_registered_export,non_registered_export,false,86,86,MATCH,17,17,MATCH,MATCH,2020-11-10T11:25:45,2020-11-10T11:25:45,MATCH
session445|non_registered_export,non_registered_export,false,1057,1057,MATCH,125,125,MATCH,MATCH,2020-10-30T11:39:44,2020-10-30T11:39:44,MATCH
session446|registered_export,registered_export,false,1071,1071,MATCH,98,98,MATCH,MATCH,2020-11-04T12:06:47,2020-11-04T12:06:47,MATCH
session447|non_registered_export,non_registered_export,false,167,167,MATCH,0,0,MATCH,MATCH,2020-10-29T11:12:59,2020-10-29T11:12:59,MATCH
session448|registered_export,registered_export,false,586,586,MATCH,54,54,MATCH,MATCH,2020-10-19T11:25:39,2020-10-19T11:25:39,MATCH
session449|registered_export,registered_export,false,548,548,MATCH,69,69,MATCH,MATCH,2020-11-10T11:03:57,2020-11-10T11:03:57,MATCH
session44|registered_export,registered_export,false,578,578,MATCH,36,36,MATCH,MATCH,2020-11-11T11:17:27,2020-11-11T11:17:27,MATCH
session450|registered_export,registered_export,false,784,784,MATCH,69,69,MATCH,MATCH,2020-10-05T10:33:31,2020-10-05T10:33:31,MATCH
session451|registered_export,registered_export,false,484,484,MATCH,103,103,MATCH,MATCH,2020-10-05T11:25:01,2020-10-05T11:25:01,MATCH
session452|registered_export,registered_export,false,369,369,MATCH,68,68,MATCH,MATCH,2020-10-28T10:30:58,2020-10-28T10:30:58,MATCH
session453|registered_export,registered_export,false,575,575,MATCH,65,65,MATCH,MATCH,2020-10-23T11:14:26,2020-10-23T11:14:26,MATCH
session454|registered_export,registered_export,false,387,387,MATCH,64,64,MATCH,MATCH,2020-11-20T10:37:18,2020-11-20T10:37:18,MATCH
session455|non_registered_export,non_registered_export,false,203,203,MATCH,24,24,MATCH,MATCH,2020-10-20T11:45:07,2020-10-20T11:45:07,MATCH
session456|non_registered_export,non_registered_export,false,870,870,MATCH,55,55,MATCH,MATCH,2020-10-07T10:45:10,2020-10-07T10:45:10,MATCH
session457|non_registered_export,non_registered_export,false,3,3,MATCH,0,0,MATCH,MATCH,2020-11-13T11:12:35,2020-11-13T11:12:35,MATCH
session458|non_registered_export,non_registered_export,false,656,656,MATCH,0,0,MATCH,MATCH,2020-11-09T10:37:32,2020-11-09T10:37:32,MATCH
session459|non_registered_export,non_registered_export,false,298,298,MATCH,0,0,MATCH,MATCH,2020-10-29T13:20:28,2020-10-29T13:20:28,MATCH
session45|registered_export,registered_export,false,371,371,MATCH,52,52,MATCH,MATCH,2020-11-11T10:40:45,2020-11-11T10:40:45,MATCH
session460|non_registered_export,non_registered_export,false,15,15,MATCH,49,49,MATCH,MATCH,2020-11-02T11:42:19,2020-11-02T11:42:19,MATCH
session461|non_registered_export,non_registered_export,false,236,236,MATCH,0,0,MATCH,MATCH,2020-10-22T11:05:02,2020-10-22T11:05:02,MATCH
session462|non_registered_export,non_registered_export,false,443,443,MATCH,116,116,MATCH,MATCH,2020-10-20T10:59:46,2020-10-20T10:59:46,MATCH
session463|non_registered_export,non_registered_export,false,144,144,MATCH,9,9,MATCH,MATCH,2020-11-13T11:58:27,2020-11-13T11:58:27,MATCH
session464|non_registered_export,non_registered_export,false,5,5,MATCH,0,0,MATCH,MATCH,2020-11-04T11:12:46,2020-11-04T11:12:46,MATCH
session465|non_registered_export,non_registered_export,false,359,359,MATCH,24,24,MATCH,MATCH,2020-10-12T13:29:49,2020-10-12T13:29:49,MATCH
session466|registered_export,registered_export,false,692,692,MATCH,24,24,MATCH,MATCH,2020-10-26T11:25:12,2020-10-26T11:25:12,MATCH
session467|non_registered_export,non_registered_export,false,1,1,MATCH,0,0,MATCH,MATCH,2020-10-27T11:41:13,2020-10-27T11:41:13,MATCH
session468|registered_export,registered_export,false,435,435,MATCH,80,80,MATCH,MATCH,2020-10-05T10:36:22,2020-10-05T10:36:22,MATCH
session469|non_registered_export,non_registered_export,false,3,3,MATCH,0,0,MATCH,MATCH,2020-10-16T12:09:06,2020-10-16T12:09:06,MATCH
session46|registered_export,registered_export,false,395,395,MATCH,81,81,MATCH,MATCH,2020-10-28T12:43:26,2020-10-28T12:43:26,MATCH
session470|non_registered_export,non_registered_export,false,46,46,MATCH,0,0,MATCH,MATCH,2020-11-10T12:37:40,2020-11-10T12:37:40,MATCH
session471|non_registered_export,non_registered_export,false,1810,1810,MATCH,23,23,MATCH,MATCH,2020-11-13T12:12:34,2020-11-13T12:12:34,MATCH
session472|registered_export,registered_export,false,520,520,MATCH,71,71,MATCH,MATCH,2020-11-10T11:31:15,2020-11-10T11:31:15,MATCH
session473|non_registered_export,non_registered_export,false,45,45,MATCH,20,20,MATCH,MATCH,2020-10-26T13:03:56,2020-10-26T13:03:56,MATCH
session474|registered_export,registered_export,false,428,428,MATCH,67,67,MATCH,MATCH,2020-11-11T11:43:48,2020-11-11T11:43:48,MATCH
session475|non_registered_export,non_registered_export,false,407,407,MATCH,26,26,MATCH,MATCH,2020-11-13T10:42:25,2020-11-13T10:42:25,MATCH
session476|registered_export,registered_export,false,469,469,MATCH,72,72,MATCH,MATCH,2020-11-20T10:57:38,2020-11-20T10:57:38,MATCH
session477|non_registered_export,non_registered_export,false,7,7,MATCH,0,0,MATCH,MATCH,2020-10-22T12:08:03,2020-10-22T12:08:03,MATCH
session478|non_registered_export,non_registered_export,false,243,243,MATCH,67,67,MATCH,MATCH,2020-10-13T10:36:49,2020-10-13T10:36:49,MATCH
session479|non_registered_export,non_registered_export,false,915,915,MATCH,72,72,MATCH,MATCH,2020-10-30T11:17:30,2020-10-30T11:17:30,MATCH
session47|non_registered_export,non_registered_export,false,2,2,MATCH,0,0,MATCH,MATCH,2020-10-14T11:25:30,2020-10-14T11:25:30,MATCH
session480|registered_export,registered_export,false,508,508,MATCH,94,94,MATCH,MATCH,2020-10-20T12:11:37,2020-10-20T12:11:37,MATCH
session481|registered_export,registered_export,false,515,515,MATCH,89,89,MATCH,MATCH,2020-11-12T11:28:41,2020-11-12T11:28:41,MATCH
session482|non_registered_export,non_registered_export,false,174,174,MATCH,0,0,MATCH,MATCH,2020-10-16T11:45:00,2020-10-16T11:45:00,MATCH
session483|non_registered_export,non_registered_export,false,10,10,MATCH,0,0,MATCH,MATCH,2020-10-27T12:09:03,2020-10-27T12:09:03,MATCH
session484|registered_export,registered_export,false,353,353,MATCH,102,102,MATCH,MATCH,2020-10-20T11:23:27,2020-10-20T11:23:27,MATCH
session485|non_registered_export,non_registered_export,false,93,93,MATCH,76,76,MATCH,MATCH,2020-10-29T10:36:58,2020-10-29T10:36:58,MATCH
session486|non_registered_export,non_registered_export,false,49,49,MATCH,42,42,MATCH,MATCH,2020-10-28T11:37:46,2020-10-28T11:37:46,MATCH
session487|non_registered_export,non_registered_export,false,10,10,MATCH,33,33,MATCH,MATCH,2020-10-23T10:58:07,2020-10-23T10:58:07,MATCH
session488|registered_export,registered_export,false,540,540,MATCH,84,84,MATCH,MATCH,2020-10-14T12:04:54,2020-10-14T12:04:54,MATCH
session489|registered_export,registered_export,false,323,323,MATCH,54,54,MATCH,MATCH,2020-11-09T10:57:09,2020-11-09T10:57:09,MATCH
session48|registered_export,registered_export,false,990,990,MATCH,40,40,MATCH,MATCH,2020-10-28T12:32:46,2020-10-28T12:32:46,MATCH
session490|non_registered_export,non_registered_export,false,84,84,MATCH,8,8,MATCH,MATCH,2020-10-29T11:55:28,2020-10-29T11:55:28,MATCH
session491|registered_export,registered_export,false,598,598,MATCH,93,93,MATCH,MATCH,2020-11-03T11:23:44,2020-11-03T11:23:44,MATCH
session492|registered_export,registered_export,false,991,991,MATCH,45,45,MATCH,MATCH,2020-10-19T10:54:45,2020-10-19T10:54:45,MATCH
session493|registered_export,registered_export,false,369,369,MATCH,70,70,MATCH,MATCH,2020-10-12T11:28:44,2020-10-12T11:28:44,MATCH
session494|registered_export,registered_export,false,272,272,MATCH,79,79,MATCH,MATCH,2020-10-13T11:09:50,2020-10-13T11:09:50,MATCH
session495|registered_export,registered_export,false,702,702,MATCH,92,92,MATCH,MATCH,2020-10-12T10:44:05,2020-10-12T10:44:05,MATCH
session496|non_registered_export,non_registered_export,false,6,6,MATCH,0,0,MATCH,MATCH,2020-10-15T10:35:53,2020-10-15T10:35:53,MATCH
session497|registered_export,registered_export,false,124,124,MATCH,37,37,MATCH,MATCH,2020-11-11T11:31:21,2020-11-11T11:31:21,MATCH
session498|non_registered_export,non_registered_export,false,345,345,MATCH,28,28,MATCH,MATCH,2020-10-08T11:35:47,2020-10-08T11:35:47,MATCH
session499|non_registered_export,non_registered_export,false,1275,1275,MATCH,41,41,MATCH,MATCH,2020-11-03T12:14:07,2020-11-03T12:14:07,MATCH
session49|non_registered_export,non_registered_export,false,3,3,MATCH,0,0,MATCH,MATCH,2020-10-06T12:10:45,2020-10-06T12:10:45,MATCH
session4|registered_export,registered_export,false,729,729,MATCH,56,56,MATCH,MATCH,2020-10-26T10:35:59,2020-10-26T10:35:59,MATCH
session500|registered_export,registered_export,false,1474,1474,MATCH,79,79,MATCH,MATCH,2020-10-28T11:35:29,2020-10-28T11:35:29,MATCH
session501|registered_export,registered_export,false,345,345,MATCH,51,51,MATCH,MATCH,2020-11-06T11:52:31,2020-11-06T11:52:31,MATCH
session502|non_registered_export,non_registered_export,false,306,306,MATCH,45,45,MATCH,MATCH,2020-10-14T10:52:38,2020-10-14T10:52:38,MATCH
session503|non_registered_export,non_registered_export,false,172,172,MATCH,45,45,MATCH,MATCH,2020-10-27T12:31:10,2020-10-27T12:31:10,MATCH
session504|registered_export,registered_export,false,281,281,MATCH,0,0,MATCH,MATCH,2020-11-03T11:28:53,2020-11-03T11:28:53,MATCH
session505|registered_export,registered_export,false,692,692,MATCH,69,69,MATCH,MATCH,2020-10-28T11:15:20,2020-10-28T11:15:20,MATCH
session506|registered_export,registered_export,false,438,438,MATCH,66,66,MATCH,MATCH,2020-10-12T11:03:37,2020-10-12T11:03:37,MATCH
session507|registered_export,registered_export,false,359,359,MATCH,53,53,MATCH,MATCH,2020-10-06T12:40:35,2020-10-06T12:40:35,MATCH
session508|registered_export,registered_export,false,18,18,MATCH,9,9,MATCH,MATCH,2020-11-16T11:35:36,2020-11-16T11:35:36,MATCH
session509|registered_export,registered_export,false,280,280,MATCH,48,48,MATCH,MATCH,2020-11-09T11:33:50,2020-11-09T11:33:50,MATCH
session50|non_registered_export,non_registered_export,false,132,132,MATCH,46,46,MATCH,MATCH,2020-11-12T11:16:21,2020-11-12T11:16:21,MATCH
session510|registered_export,registered_export,false,342,342,MATCH,81,81,MATCH,MATCH,2020-10-28T12:38:07,2020-10-28T12:38:07,MATCH
session511|non_registered_export,non_registered_export,false,3,3,MATCH,0,0,MATCH,MATCH,2020-10-15T11:29:54,2020-10-15T11:29:54,MATCH
session512|registered_export,registered_export,false,974,974,MATCH,85,85,MATCH,MATCH,2020-10-05T10:40:29,2020-10-05T10:40:29,MATCH
session513|registered_export,registered_export,false,166,166,MATCH,98,98,MATCH,MATCH,2020-10-28T12:24:06,2020-10-28T12:24:06,MATCH
session514|non_registered_export,non_registered_export,false,92,92,MATCH,33,33,MATCH,MATCH,2020-11-05T12:00:03,2020-11-05T12:00:03,MATCH
session515|non_registered_export,non_registered_export,false,4,4,MATCH,0,0,MATCH,MATCH,2020-10-19T10:56:15,2020-10-19T10:56:15,MATCH
session516|non_registered_export,non_registered_export,false,22,22,MATCH,0,0,MATCH,MATCH,2020-10-08T11:38:16,2020-10-08T11:38:16,MATCH
session517|registered_export,registered_export,false,447,447,MATCH,41,41,MATCH,MATCH,2020-10-26T12:00:49,2020-10-26T12:00:49,MATCH
session518|registered_export,registered_export,false,366,366,MATCH,67,67,MATCH,MATCH,2020-10-13T11:18:56,2020-10-13T11:18:56,MATCH
session519|registered_export,registered_export,false,1046,1046,MATCH,109,109,MATCH,MATCH,2020-10-14T12:30:44,2020-10-14T12:30:44,MATCH
session51|registered_export,registered_export,false,366,366,MATCH,93,93,MATCH,MATCH,2020-11-10T12:15:45,2020-11-10T12:15:45,MATCH
session520|non_registered_export,non_registered_export,false,319,319,MATCH,48,48,MATCH,MATCH,2020-10-30T11:08:42,2020-10-30T11:08:42,MATCH
session521|non_registered_export,non_registered_export,false,989,989,MATCH,65,65,MATCH,MATCH,2020-10-06T11:35:17,2020-10-06T11:35:17,MATCH
session522|non_registered_export,non_registered_export,false,82,82,MATCH,0,0,MATCH,MATCH,2020-10-21T11:18:14,2020-10-21T11:18:14,MATCH
session523|non_registered_export,non_registered_export,false,96,96,MATCH,31,31,MATCH,MATCH,2020-10-22T10:54:46,2020-10-22T10:54:46,MATCH
session524|registered_export,registered_export,false,413,413,MATCH,85,85,MATCH,MATCH,2020-11-20T10:45:17,2020-11-20T10:45:17,MATCH
session525|non_registered_export,non_registered_export,false,448,448,MATCH,68,68,MATCH,MATCH,2020-10-14T12:59:14,2020-10-14T12:59:14,MATCH
session526|non_registered_export,non_registered_export,false,60,60,MATCH,22,22,MATCH,MATCH,2020-10-06T12:00:32,2020-10-06T12:00:32,MATCH
session527|non_registered_export,non_registered_export,false,3,3,MATCH,0,0,MATCH,MATCH,2020-11-10T10:34:09,2020-11-10T10:34:09,MATCH
session528|non_registered_export,non_registered_export,false,226,226,MATCH,18,18,MATCH,MATCH,2020-11-02T13:21:27,2020-11-02T13:21:27,MATCH
session529|registered_export,registered_export,false,333,333,MATCH,53,53,MATCH,MATCH,2020-11-06T10:50:51,2020-11-06T10:50:51,MATCH
session52|non_registered_export,non_registered_export,false,18,18,MATCH,0,0,MATCH,MATCH,2020-10-09T13:06:47,2020-10-09T13:06:47,MATCH
session530|non_registered_export,non_registered_export,false,458,458,MATCH,46,46,MATCH,MATCH,2020-10-09T12:06:56,2020-10-09T12:06:56,MATCH
session531|registered_export,registered_export,false,677,677,MATCH,62,62,MATCH,MATCH,2020-11-19T12:14:49,2020-11-19T12:14:49,MATCH
session532|non_registered_export,non_registered_export,false,333,333,MATCH,0,0,MATCH,MATCH,2020-11-02T12:22:16,2020-11-02T12:22:16,MATCH
session533|non_registered_export,non_registered_export,false,1339,1339,MATCH,0,0,MATCH,MATCH,2020-10-28T10:44:01,2020-10-28T10:44:01,MATCH
session534|registered_export,registered_export,false,533,533,MATCH,102,102,MATCH,MATCH,2020-11-04T11:59:11,2020-11-04T11:59:11,MATCH
session535|registered_export,registered_export,false,865,865,MATCH,67,67,MATCH,MATCH,2020-11-06T12:15:32,2020-11-06T12:15:32,MATCH
session536|registered_export,registered_export,false,531,531,MATCH,71,71,MATCH,MATCH,2020-11-19T12:24:11,2020-11-19T12:24:11,MATCH
session537|registered_export,registered_export,false,1225,1225,MATCH,38,38,MATCH,MATCH,2020-10-19T11:30:13,2020-10-19T11:30:13,MATCH
session538|non_registered_export,non_registered_export,false,1478,1478,MATCH,93,93,MATCH,MATCH,2020-10-06T12:00:29,2020-10-06T12:00:29,MATCH
session539|registered_export,registered_export,false,576,576,MATCH,129,129,MATCH,MATCH,2020-10-13T12:19:41,2020-10-13T12:19:41,MATCH
session53|non_registered_export,non_registered_export,false,5,5,MATCH,0,0,MATCH,MATCH,2020-11-02T12:20:05,2020-11-02T12:20:05,MATCH
session540|registered_export,registered_export,false,458,458,MATCH,124,124,MATCH,MATCH,2020-10-14T12:19:03,2020-10-14T12:19:03,MATCH
session541|registered_export,registered_export,false,348,348,MATCH,79,79,MATCH,MATCH,2020-11-20T11:13:19,2020-11-20T11:13:19,MATCH
session542|registered_export,registered_export,false,594,594,MATCH,69,69,MATCH,MATCH,2020-10-14T10:44:14,2020-10-14T10:44:14,MATCH
session543|registered_export,registered_export,false,572,572,MATCH,88,88,MATCH,MATCH,2020-11-20T10:44:59,2020-11-20T10:44:59,MATCH
session544|non_registered_export,non_registered_export,false,555,555,MATCH,37,37,MATCH,MATCH,2020-10-28T11:30:31,2020-10-28T11:30:31,MATCH
session545|registered_export,registered_export,false,501,501,MATCH,97,97,MATCH,MATCH,2020-10-26T11:08:28,2020-10-26T11:08:28,MATCH
session546|registered_export,registered_export,false,385,385,MATCH,80,80,MATCH,MATCH,2020-11-13T12:20:44,2020-11-13T12:20:44,MATCH
session547|non_registered_export,non_registered_export,false,2,2,MATCH,0,0,MATCH,MATCH,2020-11-11T11:45:21,2020-11-11T11:45:21,MATCH
session548|non_registered_export,non_registered_export,false,4,4,MATCH,0,0,MATCH,MATCH,2020-10-22T13:14:46,2020-10-22T13:14:46,MATCH
session549|registered_export,registered_export,false,186,186,MATCH,87,87,MATCH,MATCH,2020-10-27T11:03:53,2020-10-27T11:03:53,MATCH
session54|non_registered_export,non_registered_export,false,609,609,MATCH,0,0,MATCH,MATCH,2020-10-06T11:19:58,2020-10-06T11:19:58,MATCH
session550|registered_export,registered_export,false,394,394,MATCH,79,79,MATCH,MATCH,2020-10-26T12:12:31,2020-10-26T12:12:31,MATCH
session551|non_registered_export,non_registered_export,false,54,54,MATCH,0,0,MATCH,MATCH,2020-10-23T12:53:25,2020-10-23T12:53:25,MATCH
session552|registered_export,registered_export,false,353,353,MATCH,77,77,MATCH,MATCH,2020-10-20T11:31:05,2020-10-20T11:31:05,MATCH
session553|registered_export,registered_export,false,382,382,MATCH,110,110,MATCH,MATCH,2020-10-20T10:35:42,2020-10-20T10:35:42,MATCH
session554|non_registered_export,non_registered_export,false,139,139,MATCH,24,24,MATCH,MATCH,2020-10-27T10:55:48,2020-10-27T10:55:48,MATCH
session555|registered_export,registered_export,false,505,505,MATCH,77,77,MATCH,MATCH,2020-11-11T10:51:53,2020-11-11T10:51:53,MATCH
session556|registered_export,registered_export,false,470,470,MATCH,125,125,MATCH,MATCH,2020-10-19T11:50:07,2020-10-19T11:50:07,MATCH
session557|non_registered_export,non_registered_export,false,27,27,MATCH,0,0,MATCH,MATCH,2020-11-03T10:59:36,2020-11-03T10:59:36,MATCH
session558|non_registered_export,non_registered_export,false,159,159,MATCH,57,57,MATCH,MATCH,2020-11-12T11:28:20,2020-11-12T11:28:20,MATCH
session559|registered_export,registered_export,false,324,324,MATCH,60,60,MATCH,MATCH,2020-10-19T12:15:14,2020-10-19T12:15:14,MATCH
session55|registered_export,registered_export,false,320,320,MATCH,49,49,MATCH,MATCH,2020-11-16T11:06:17,2020-11-16T11:06:17,MATCH
session560|non_registered_export,non_registered_export,false,310,310,MATCH,33,33,MATCH,MATCH,2020-10-13T11:27:31,2020-10-13T11:27:31,MATCH
session561|registered_export,registered_export,false,365,365,MATCH,53,53,MATCH,MATCH,2020-11-06T12:03:00,2020-11-06T12:03:00,MATCH
session562|registered_export,registered_export,false,467,467,MATCH,59,59,MATCH,MATCH,2020-11-03T12:08:20,2020-11-03T12:08:20,MATCH
session563|registered_export,registered_export,false,1104,1104,MATCH,55,55,MATCH,MATCH,2020-10-07T10:59:03,2020-10-07T10:59:03,MATCH
session564|non_registered_export,non_registered_export,false,211,211,MATCH,0,0,MATCH,MATCH,2020-11-10T11:07:28,2020-11-10T11:07:28,MATCH
session565|non_registered_export,non_registered_export,false,229,229,MATCH,0,0,MATCH,MATCH,2020-11-05T12:19:16,2020-11-05T12:19:16,MATCH
session566|non_registered_export,non_registered_export,false,248,248,MATCH,92,92,MATCH,MATCH,2020-11-13T11:30:13,2020-11-13T11:30:13,MATCH
session567|registered_export,registered_export,false,404,404,MATCH,44,44,MATCH,MATCH,2020-11-06T10:47:00,2020-11-06T10:47:00,MATCH
session568|registered_export,registered_export,false,411,411,MATCH,36,36,MATCH,MATCH,2020-10-05T11:08:20,2020-10-05T11:08:20,MATCH
session569|registered_export,registered_export,false,612,612,MATCH,30,30,MATCH,MATCH,2020-11-09T10:40:38,2020-11-09T10:40:38,MATCH
session56|non_registered_export,non_registered_export,false,443,443,MATCH,101,101,MATCH,MATCH,2020-10-13T12:45:10,2020-10-13T12:45:10,MATCH
session570|registered_export,registered_export,false,254,254,MATCH,70,70,MATCH,MATCH,2020-10-07T11:28:15,2020-10-07T11:28:15,MATCH
session571|non_registered_export,non_registered_export,false,124,124,MATCH,37,37,MATCH,MATCH,2020-11-06T11:41:44,2020-11-06T11:41:44,MATCH
session572|non_registered_export,non_registered_export,false,590,590,MATCH,30,30,MATCH,MATCH,2020-11-09T12:04:34,2020-11-09T12:04:34,MATCH
session573|registered_export,registered_export,false,107,107,MATCH,20,20,MATCH,MATCH,2020-10-26T11:19:50,2020-10-26T11:19:50,MATCH
session574|registered_export,registered_export,false,480,480,MATCH,48,48,MATCH,MATCH,2020-10-07T11:09:00,2020-10-07T11:09:00,MATCH
session575|registered_export,registered_export,false,515,515,MATCH,75,75,MATCH,MATCH,2020-10-19T11:16:43,2020-10-19T11:16:43,MATCH
session576|non_registered_export,non_registered_export,false,180,180,MATCH,20,20,MATCH,MATCH,2020-10-09T13:24:11,2020-10-09T13:24:11,MATCH
session577|registered_export,registered_export,false,459,459,MATCH,64,64,MATCH,MATCH,2020-10-27T11:32:04,2020-10-27T11:32:04,MATCH
session578|registered_export,registered_export,false,445,445,MATCH,57,57,MATCH,MATCH,2020-10-07T11:11:29,2020-10-07T11:11:29,MATCH
session579|registered_export,registered_export,false,658,658,MATCH,84,84,MATCH,MATCH,2020-10-29T11:28:44,2020-10-29T11:28:44,MATCH
session57|non_registered_export,non_registered_export,false,219,219,MATCH,44,44,MATCH,MATCH,2020-10-23T12:02:05,2020-10-23T12:02:05,MATCH
session580|registered_export,registered_export,false,528,528,MATCH,58,58,MATCH,MATCH,2020-10-28T11:23:04,2020-10-28T11:23:04,MATCH
session581|non_registered_export,non_registered_export,false,3,3,MATCH,0,0,MATCH,MATCH,2020-10-14T11:00:13,2020-10-14T11:00:13,MATCH
session582|registered_export,registered_export,false,456,456,MATCH,75,75,MATCH,MATCH,2020-11-03T11:20:59,2020-11-03T11:20:59,MATCH
session583|registered_export,registered_export,false,746,746,MATCH,138,138,MATCH,MATCH,2020-11-04T10:42:34,2020-11-04T10:42:34,MATCH
session584|registered_export,registered_export,false,474,474,MATCH,62,62,MATCH,MATCH,2020-10-26T11:24:14,2020-10-26T11:24:14,MATCH
session585|registered_export,registered_export,false,1288,1288,MATCH,63,63,MATCH,MATCH,2020-10-09T10:57:48,2020-10-09T10:57:48,MATCH
session586|non_registered_export,non_registered_export,false,88,88,MATCH,17,17,MATCH,MATCH,2020-10-29T10:52:31,2020-10-29T10:52:31,MATCH
session587|non_registered_export,non_registered_export,false,322,322,MATCH,64,64,MATCH,MATCH,2020-10-20T11:57:36,2020-10-20T11:57:36,MATCH
session588|registered_export,registered_export,false,637,637,MATCH,91,91,MATCH,MATCH,2020-10-19T12:28:41,2020-10-19T12:28:41,MATCH
session589|non_registered_export,non_registered_export,false,9,9,MATCH,43,43,MATCH,MATCH,2020-10-14T11:03:06,2020-10-14T11:03:06,MATCH
session58|non_registered_export,non_registered_export,false,103,103,MATCH,74,74,MATCH,MATCH,2020-10-30T11:19:18,2020-10-30T11:19:18,MATCH
session590|non_registered_export,non_registered_export,false,60,60,MATCH,15,15,MATCH,MATCH,2020-11-04T11:06:06,2020-11-04T11:06:06,MATCH
session591|registered_export,registered_export,false,292,292,MATCH,43,43,MATCH,MATCH,2020-10-26T11:13:05,2020-10-26T11:13:05,MATCH
session592|registered_export,registered_export,false,1324,1324,MATCH,69,69,MATCH,MATCH,2020-11-03T10:40:17,2020-11-03T10:40:17,MATCH
session593|non_registered_export,non_registered_export,false,588,588,MATCH,102,102,MATCH,MATCH,2020-10-20T11:31:04,2020-10-20T11:31:04,MATCH
session594|non_registered_export,non_registered_export,false,73,73,MATCH,12,12,MATCH,MATCH,2020-10-16T11:46:04,2020-10-16T11:46:04,MATCH
session595|non_registered_export,non_registered_export,false,261,261,MATCH,91,91,MATCH,MATCH,2020-10-30T11:58:52,2020-10-30T11:58:52,MATCH
session596|non_registered_export,non_registered_export,false,37,37,MATCH,14,14,MATCH,MATCH,2020-11-02T11:34:42,2020-11-02T11:34:42,MATCH
session597|non_registered_export,non_registered_export,false,80,80,MATCH,14,14,MATCH,MATCH,2020-10-07T11:00:42,2020-10-07T11:00:42,MATCH
session598|registered_export,registered_export,false,431,431,MATCH,49,49,MATCH,MATCH,2020-11-06T11:56:22,2020-11-06T11:56:22,MATCH
session599|registered_export,registered_export,false,664,664,MATCH,88,88,MATCH,MATCH,2020-10-28T11:15:07,2020-10-28T11:15:07,MATCH
session59|non_registered_export,non_registered_export,false,1165,1165,MATCH,77,77,MATCH,MATCH,2020-10-28T12:47:20,2020-10-28T12:47:20,MATCH
session5|registered_export,registered_export,false,391,391,MATCH,97,97,MATCH,MATCH,2020-10-13T10:51:35,2020-10-13T10:51:35,MATCH
session600|registered_export,registered_export,false,571,571,MATCH,95,95,MATCH,MATCH,2020-10-14T11:03:03,2020-10-14T11:03:03,MATCH
session601|registered_export,registered_export,false,520,520,MATCH,104,104,MATCH,MATCH,2020-10-27T10:36:16,2020-10-27T10:36:16,MATCH
session602|registered_export,registered_export,false,617,617,MATCH,98,98,MATCH,MATCH,2020-10-14T12:11:25,2020-10-14T12:11:25,MATCH
session603|registered_export,registered_export,false,315,315,MATCH,70,70,MATCH,MATCH,2020-10-13T12:33:04,2020-10-13T12:33:04,MATCH
session604|registered_export,registered_export,false,356,356,MATCH,83,83,MATCH,MATCH,2020-11-20T11:38:45,2020-11-20T11:38:45,MATCH
session605|registered_export,registered_export,false,496,496,MATCH,70,70,MATCH,MATCH,2020-10-14T11:20:44,2020-10-14T11:20:44,MATCH
session606|registered_export,registered_export,false,533,533,MATCH,44,44,MATCH,MATCH,2020-10-19T11:01:22,2020-10-19T11:01:22,MATCH
session607|registered_export,registered_export,false,369,369,MATCH,78,78,MATCH,MATCH,2020-11-18T12:01:19,2020-11-18T12:01:19,MATCH
session608|registered_export,registered_export,false,404,404,MATCH,22,22,MATCH,MATCH,2020-10-27T10:34:26,2020-10-27T10:34:26,MATCH
session609|registered_export,registered_export,false,453,453,MATCH,58,58,MATCH,MATCH,2020-10-14T10:37:47,2020-10-14T10:37:47,MATCH
session60|non_registered_export,non_registered_export,false,68,68,MATCH,76,76,MATCH,MATCH,2020-10-14T10:36:49,2020-10-14T10:36:49,MATCH
session610|non_registered_export,non_registered_export,false,806,806,MATCH,35,35,MATCH,MATCH,2020-11-04T11:58:34,2020-11-04T11:58:34,MATCH
session611|registered_export,registered_export,false,594,594,MATCH,67,67,MATCH,MATCH,2020-11-19T12:24:35,2020-11-19T12:24:35,MATCH
session612|non_registered_export,non_registered_export,false,734,734,MATCH,0,0,MATCH,MATCH,2020-10-27T10:53:35,2020-10-27T10:53:35,MATCH
session613|non_registered_export,non_registered_export,false,13,13,MATCH,0,0,MATCH,MATCH,2020-11-11T11:12:18,2020-11-11T11:12:18,MATCH
session614|non_registered_export,non_registered_export,false,35,35,MATCH,0,0,MATCH,MATCH,2020-11-12T11:19:54,2020-11-12T11:19:54,MATCH
session615|registered_export,registered_export,false,449,449,MATCH,58,58,MATCH,MATCH,2020-10-13T11:33:17,2020-10-13T11:33:17,MATCH
session616|registered_export,registered_export,false,381,381,MATCH,55,55,MATCH,MATCH,2020-11-09T12:09:40,2020-11-09T12:09:40,MATCH
session617|non_registered_export,non_registered_export,false,3,3,MATCH,0,0,MATCH,MATCH,2020-10-05T11:02:11,2020-10-05T11:02:11,MATCH
session618|registered_export,registered_export,false,366,366,MATCH,88,88,MATCH,MATCH,2020-10-14T11:29:23,2020-10-14T11:29:23,MATCH
session619|registered_export,registered_export,false,1363,1363,MATCH,67,67,MATCH,MATCH,2020-10-21T11:42:03,2020-10-21T11:42:03,MATCH
session61|registered_export,registered_export,false,955,955,MATCH,46,46,MATCH,MATCH,2020-11-09T12:04:10,2020-11-09T12:04:10,MATCH
session620|non_registered_export,non_registered_export,false,37,37,MATCH,0,0,MATCH,MATCH,2020-10-09T10:38:45,2020-10-09T10:38:45,MATCH
session621|non_registered_export,non_registered_export,false,824,824,MATCH,24,24,MATCH,MATCH,2020-10-21T12:16:11,2020-10-21T12:16:11,MATCH
session622|non_registered_export,non_registered_export,false,6,6,MATCH,0,0,MATCH,MATCH,2020-11-06T12:35:00,2020-11-06T12:35:00,MATCH
session623|registered_export,registered_export,false,500,500,MATCH,71,71,MATCH,MATCH,2020-11-04T11:48:08,2020-11-04T11:48:08,MATCH
session624|registered_export,registered_export,false,591,591,MATCH,75,75,MATCH,MATCH,2020-10-29T11:06:02,2020-10-29T11:06:02,MATCH
session625|registered_export,registered_export,false,530,530,MATCH,69,69,MATCH,MATCH,2020-11-04T12:02:24,2020-11-04T12:02:24,MATCH
session626|registered_export,registered_export,false,505,505,MATCH,70,70,MATCH,MATCH,2020-10-06T11:54:56,2020-10-06T11:54:56,MATCH
session627|non_registered_export,non_registered_export,false,50,50,MATCH,50,50,MATCH,MATCH,2020-10-30T12:01:13,2020-10-30T12:01:13,MATCH
session628|non_registered_export,non_registered_export,false,190,190,MATCH,10,10,MATCH,MATCH,2020-10-05T12:00:08,2020-10-05T12:00:08,MATCH
session629|non_registered_export,non_registered_export,false,367,367,MATCH,90,90,MATCH,MATCH,2020-11-03T13:09:46,2020-11-03T13:09:46,MATCH
session62|non_registered_export,non_registered_export,false,1651,1651,MATCH,54,54,MATCH,MATCH,2020-10-26T11:05:49,2020-10-26T11:05:49,MATCH
session630|non_registered_export,non_registered_export,false,360,360,MATCH,23,23,MATCH,MATCH,2020-10-27T12:32:16,2020-10-27T12:32:16,MATCH
session631|registered_export,registered_export,false,879,879,MATCH,78,78,MATCH,MATCH,2020-11-05T11:40:33,2020-11-05T11:40:33,MATCH
session632|non_registered_export,non_registered_export,false,454,454,MATCH,55,55,MATCH,MATCH,2020-10-23T11:26:17,2020-10-23T11:26:17,MATCH
session633|non_registered_export,non_registered_export,false,30,30,MATCH,0,0,MATCH,MATCH,2020-10-28T11:29:35,2020-10-28T11:29:35,MATCH
session634|non_registered_export,non_registered_export,false,3,3,MATCH,0,0,MATCH,MATCH,2020-10-26T11:46:48,2020-10-26T11:46:48,MATCH
session635|non_registered_export,non_registered_export,false,270,270,MATCH,61,61,MATCH,MATCH,2020-10-14T10:46:54,2020-10-14T10:46:54,MATCH
session636|non_registered_export,non_registered_export,false,4,4,MATCH,0,0,MATCH,MATCH,2020-10-13T11:05:32,2020-10-13T11:05:32,MATCH
session637|registered_export,registered_export,false,544,544,MATCH,56,56,MATCH,MATCH,2020-10-28T11:02:52,2020-10-28T11:02:52,MATCH
session638|registered_export,registered_export,false,666,666,MATCH,83,83,MATCH,MATCH,2020-10-30T12:49:36,2020-10-30T12:49:36,MATCH
session639|non_registered_export,non_registered_export,false,374,374,MATCH,68,68,MATCH,MATCH,2020-10-21T13:11:15,2020-10-21T13:11:15,MATCH
session63|registered_export,registered_export,false,745,745,MATCH,74,74,MATCH,MATCH,2020-10-27T10:48:03,2020-10-27T10:48:03,MATCH
session640|registered_export,registered_export,false,451,451,MATCH,94,94,MATCH,MATCH,2020-11-11T11:02:27,2020-11-11T11:02:27,MATCH
session641|non_registered_export,non_registered_export,false,961,961,MATCH,16,16,MATCH,MATCH,2020-11-10T10:39:07,2020-11-10T10:39:07,MATCH
session642|non_registered_export,non_registered_export,false,499,499,MATCH,34,34,MATCH,MATCH,2020-10-27T10:53:11,2020-10-27T10:53:11,MATCH
session643|registered_export,registered_export,false,478,478,MATCH,57,57,MATCH,MATCH,2020-10-05T10:56:01,2020-10-05T10:56:01,MATCH
session644|non_registered_export,non_registered_export,false,467,467,MATCH,103,103,MATCH,MATCH,2020-11-02T11:04:57,2020-11-02T11:04:57,MATCH
session645|non_registered_export,non_registered_export,false,703,703,MATCH,93,93,MATCH,MATCH,2020-10-09T10:58:09,2020-10-09T10:58:09,MATCH
session646|non_registered_export,non_registered_export,false,300,300,MATCH,29,29,MATCH,MATCH,2020-10-09T10:32:35,2020-10-09T10:32:35,MATCH
session647|registered_export,registered_export,false,287,287,MATCH,109,109,MATCH,MATCH,2020-11-03T11:30:18,2020-11-03T11:30:18,MATCH
session648|registered_export,registered_export,false,527,527,MATCH,97,97,MATCH,MATCH,2020-10-20T12:12:52,2020-10-20T12:12:52,MATCH
session649|non_registered_export,non_registered_export,false,738,738,MATCH,12,12,MATCH,MATCH,2020-10-05T10:38:10,2020-10-05T10:38:10,MATCH
session64|registered_export,registered_export,false,933,933,MATCH,74,74,MATCH,MATCH,2020-11-03T12:20:35,2020-11-03T12:20:35,MATCH
session650|non_registered_export,non_registered_export,false,453,453,MATCH,66,66,MATCH,MATCH,2020-11-05T12:30:29,2020-11-05T12:30:29,MATCH
session651|registered_export,registered_export,false,289,289,MATCH,88,88,MATCH,MATCH,2020-10-20T11:44:31,2020-10-20T11:44:31,MATCH
session652|non_registered_export,non_registered_export,false,33,33,MATCH,0,0,MATCH,MATCH,2020-10-29T13:22:59,2020-10-29T13:22:59,MATCH
session653|non_registered_export,non_registered_export,false,328,328,MATCH,71,71,MATCH,MATCH,2020-11-13T11:57:11,2020-11-13T11:57:11,MATCH
session654|non_registered_export,non_registered_export,false,338,338,MATCH,82,82,MATCH,MATCH,2020-10-16T12:20:23,2020-10-16T12:20:23,MATCH
session655|non_registered_export,non_registered_export,false,176,176,MATCH,0,0,MATCH,MATCH,2020-10-22T11:21:25,2020-10-22T11:21:25,MATCH
session656|registered_export,registered_export,false,572,572,MATCH,100,100,MATCH,MATCH,2020-10-05T12:03:05,2020-10-05T12:03:05,MATCH
session657|non_registered_export,non_registered_export,false,344,344,MATCH,54,54,MATCH,MATCH,2020-11-03T12:56:37,2020-11-03T12:56:37,MATCH
session658|registered_export,registered_export,false,651,651,MATCH,96,96,MATCH,MATCH,2020-10-27T11:56:17,2020-10-27T11:56:17,MATCH
session659|registered_export,registered_export,false,330,330,MATCH,39,39,MATCH,MATCH,2020-11-03T11:09:14,2020-11-03T11:09:14,MATCH
session65|non_registered_export,non_registered_export,false,272,272,MATCH,49,49,MATCH,MATCH,2020-10-23T10:45:12,2020-10-23T10:45:12,MATCH
session660|non_registered_export,non_registered_export,false,543,543,MATCH,9,9,MATCH,MATCH,2020-10-19T13:18:58,2020-10-19T13:18:58,MATCH
session661|non_registered_export,non_registered_export,false,176,176,MATCH,0,0,MATCH,MATCH,2020-10-06T12:07:32,2020-10-06T12:07:32,MATCH
session662|non_registered_export,non_registered_export,false,3,3,MATCH,0,0,MATCH,MATCH,2020-11-12T11:47:15,2020-11-12T11:47:15,MATCH
session663|non_registered_export,non_registered_export,false,152,152,MATCH,0,0,MATCH,MATCH,2020-10-09T11:53:19,2020-10-09T11:53:19,MATCH
session664|non_registered_export,non_registered_export,false,3,3,MATCH,0,0,MATCH,MATCH,2020-10-26T11:37:51,2020-10-26T11:37:51,MATCH
session665|registered_export,registered_export,false,393,393,MATCH,74,74,MATCH,MATCH,2020-10-28T11:09:17,2020-10-28T11:09:17,MATCH
session666|registered_export,registered_export,false,457,457,MATCH,81,81,MATCH,MATCH,2020-11-04T11:17:28,2020-11-04T11:17:28,MATCH
session667|non_registered_export,non_registered_export,false,3,3,MATCH,0,0,MATCH,MATCH,2020-10-05T12:18:08,2020-10-05T12:18:08,MATCH
session668|registered_export,registered_export,false,403,403,MATCH,79,79,MATCH,MATCH,2020-11-11T11:42:38,2020-11-11T11:42:38,MATCH
session669|non_registered_export,non_registered_export,false,100,100,MATCH,66,66,MATCH,MATCH,2020-10-22T11:16:22,2020-10-22T11:16:22,MATCH
session66|non_registered_export,non_registered_export,false,1359,1359,MATCH,69,69,MATCH,MATCH,2020-10-14T12:14:05,2020-10-14T12:14:05,MATCH
session670|registered_export,registered_export,false,686,686,MATCH,30,30,MATCH,MATCH,2020-11-09T10:36:11,2020-11-09T10:36:11,MATCH
session671|non_registered_export,non_registered_export,false,1183,1183,MATCH,0,0,MATCH,MATCH,2020-11-03T11:23:40,2020-11-03T11:23:40,MATCH
session672|registered_export,registered_export,false,409,409,MATCH,177,177,MATCH,MATCH,2020-11-11T11:25:47,2020-11-11T11:25:47,MATCH
session673|non_registered_export,non_registered_export,false,139,139,MATCH,23,23,MATCH,MATCH,2020-10-13T12:57:23,2020-10-13T12:57:23,MATCH
session674|registered_export,registered_export,false,358,358,MATCH,63,63,MATCH,MATCH,2020-11-06T11:17:19,2020-11-06T11:17:19,MATCH
session675|non_registered_export,non_registered_export,false,139,139,MATCH,0,0,MATCH,MATCH,2020-11-12T11:39:02,2020-11-12T11:39:02,MATCH
session676|registered_export,registered_export,false,816,816,MATCH,46,46,MATCH,MATCH,2020-10-26T11:42:07,2020-10-26T11:42:07,MATCH
session677|non_registered_export,non_registered_export,false,8,8,MATCH,0,0,MATCH,MATCH,2020-10-12T12:45:07,2020-10-12T12:45:07,MATCH
session678|registered_export,registered_export,false,480,480,MATCH,75,75,MATCH,MATCH,2020-10-06T12:12:10,2020-10-06T12:12:10,MATCH
session679|non_registered_export,non_registered_export,false,35,35,MATCH,0,0,MATCH,MATCH,2020-10-14T13:14:45,2020-10-14T13:14:45,MATCH
session67|registered_export,registered_export,false,455,455,MATCH,37,37,MATCH,MATCH,2020-10-23T11:00:51,2020-10-23T11:00:51,MATCH
session680|non_registered_export,non_registered_export,false,978,978,MATCH,0,0,MATCH,MATCH,2020-10-29T11:18:57,2020-10-29T11:18:57,MATCH
session681|non_registered_export,non_registered_export,false,378,378,MATCH,46,46,MATCH,MATCH,2020-11-04T12:30:37,2020-11-04T12:30:37,MATCH
session682|non_registered_export,non_registered_export,false,12,12,MATCH,0,0,MATCH,MATCH,2020-10-21T11:57:44,2020-10-21T11:57:44,MATCH
session683|registered_export,registered_export,false,629,629,MATCH,54,54,MATCH,MATCH,2020-11-09T11:04:08,2020-11-09T11:04:08,MATCH
session684|non_registered_export,non_registered_export,false,32,32,MATCH,49,49,MATCH,MATCH,2020-11-05T11:13:31,2020-11-05T11:13:31,MATCH
session685|registered_export,registered_export,false,514,514,MATCH,119,119,MATCH,MATCH,2020-11-11T11:48:26,2020-11-11T11:48:26,MATCH
session686|non_registered_export,non_registered_export,false,179,179,MATCH,59,59,MATCH,MATCH,2020-10-15T10:38:29,2020-10-15T10:38:29,MATCH
session687|registered_export,registered_export,false,508,508,MATCH,96,96,MATCH,MATCH,2020-10-12T11:59:03,2020-10-12T11:59:03,MATCH
session688|non_registered_export,non_registered_export,false,164,164,MATCH,61,61,MATCH,MATCH,2020-11-11T11:15:39,2020-11-11T11:15:39,MATCH
session689|registered_export,registered_export,false,433,433,MATCH,90,90,MATCH,MATCH,2020-10-21T11:13:50,2020-10-21T11:13:50,MATCH
session68|non_registered_export,non_registered_export,false,355,355,MATCH,60,60,MATCH,MATCH,2020-10-15T12:21:40,2020-10-15T12:21:40,MATCH
session690|registered_export,registered_export,false,320,320,MATCH,107,107,MATCH,MATCH,2020-11-06T10:56:22,2020-11-06T10:56:22,MATCH
session691|non_registered_export,non_registered_export,false,225,225,MATCH,44,44,MATCH,MATCH,2020-11-05T13:14:42,2020-11-05T13:14:42,MATCH
session692|registered_export,registered_export,false,324,324,MATCH,72,72,MATCH,MATCH,2020-10-06T10:48:57,2020-10-06T10:48:57,MATCH
session693|non_registered_export,non_registered_export,false,31,31,MATCH,0,0,MATCH,MATCH,2020-11-10T12:27:45,2020-11-10T12:27:45,MATCH
session694|non_registered_export,non_registered_export,false,1,1,MATCH,0,0,MATCH,MATCH,2020-10-15T10:49:31,2020-10-15T10:49:31,MATCH
session695|non_registered_export,non_registered_export,false,281,281,MATCH,25,25,MATCH,MATCH,2020-10-05T10:34:52,2020-10-05T10:34:52,MATCH
session696|non_registered_export,non_registered_export,false,1549,1549,MATCH,79,79,MATCH,MATCH,2020-10-21T12:55:23,2020-10-21T12:55:23,MATCH
session697|registered_export,registered_export,false,1538,1538,MATCH,62,62,MATCH,MATCH,2020-10-19T11:08:23,2020-10-19T11:08:23,MATCH
session698|registered_export,registered_export,false,216,216,MATCH,58,58,MATCH,MATCH,2020-10-07T11:28:46,2020-10-07T11:28:46,MATCH
session699|non_registered_export,non_registered_export,false,1172,1172,MATCH,55,55,MATCH,MATCH,2020-10-16T10:31:17,2020-10-16T10:31:17,MATCH
session69|registered_export,registered_export,false,391,391,MATCH,58,58,MATCH,MATCH,2020-11-09T11:23:14,2020-11-09T11:23:14,MATCH
session6|non_registered_export,non_registered_export,false,159,159,MATCH,0,0,MATCH,MATCH,2020-10-20T11:39:41,2020-10-20T11:39:41,MATCH
session700|registered_export,registered_export,false,978,978,MATCH,39,39,MATCH,MATCH,2020-10-28T12:28:49,2020-10-28T12:28:49,MATCH
session701|non_registered_export,non_registered_export,false,182,182,MATCH,18,18,MATCH,MATCH,2020-10-16T12:19:27,2020-10-16T12:19:27,MATCH
session702|registered_export,registered_export,false,569,569,MATCH,111,111,MATCH,MATCH,2020-11-20T10:45:48,2020-11-20T10:45:48,MATCH
session703|registered_export,registered_export,false,440,440,MATCH,109,109,MATCH,MATCH,2020-11-20T10:59:22,2020-11-20T10:59:22,MATCH
session704|registered_export,registered_export,false,439,439,MATCH,80,80,MATCH,MATCH,2020-11-04T10:35:05,2020-11-04T10:35:05,MATCH
session705|registered_export,registered_export,false,618,618,MATCH,114,114,MATCH,MATCH,2020-11-10T12:58:26,2020-11-10T12:58:26,MATCH
session706|registered_export,registered_export,false,455,455,MATCH,66,66,MATCH,MATCH,2020-11-04T12:10:31,2020-11-04T12:10:31,MATCH
session707|registered_export,registered_export,false,379,379,MATCH,92,92,MATCH,MATCH,2020-10-27T11:53:03,2020-10-27T11:53:03,MATCH
session708|registered_export,registered_export,false,1125,1125,MATCH,50,50,MATCH,MATCH,2020-11-19T12:49:59,2020-11-19T12:49:59,MATCH
session709|registered_export,registered_export,false,295,295,MATCH,123,123,MATCH,MATCH,2020-11-12T11:10:28,2020-11-12T11:10:28,MATCH
session70|non_registered_export,non_registered_export,false,452,452,MATCH,85,85,MATCH,MATCH,2020-10-28T12:26:22,2020-10-28T12:26:22,MATCH
session710|non_registered_export,non_registered_export,false,6,6,MATCH,0,0,MATCH,MATCH,2020-11-04T11:58:16,2020-11-04T11:58:16,MATCH
session711|non_registered_export,non_registered_export,false,348,348,MATCH,50,50,MATCH,MATCH,2020-10-23T11:19:04,2020-10-23T11:19:04,MATCH
session712|registered_export,registered_export,false,631,631,MATCH,71,71,MATCH,MATCH,2020-10-14T11:03:13,2020-10-14T11:03:13,MATCH
session713|non_registered_export,non_registered_export,false,3,3,MATCH,0,0,MATCH,MATCH,2020-10-13T11:38:23,2020-10-13T11:38:23,MATCH
session714|non_registered_export,non_registered_export,false,39,39,MATCH,0,0,MATCH,MATCH,2020-10-29T11:30:22,2020-10-29T11:30:22,MATCH
session715|non_registered_export,non_registered_export,false,30,30,MATCH,0,0,MATCH,MATCH,2020-10-21T10:49:42,2020-10-21T10:49:42,MATCH
session716|non_registered_export,non_registered_export,false,2,2,MATCH,0,0,MATCH,MATCH,2020-10-20T11:31:01,2020-10-20T11:31:01,MATCH
session717|non_registered_export,non_registered_export,false,317,317,MATCH,0,0,MATCH,MATCH,2020-11-13T12:22:14,2020-11-13T12:22:14,MATCH
session718|registered_export,registered_export,false,512,512,MATCH,97,97,MATCH,MATCH,2020-11-04T10:46:32,2020-11-04T10:46:32,MATCH
session719|non_registered_export,non_registered_export,false,398,398,MATCH,53,53,MATCH,MATCH,2020-11-11T11:37:58,2020-11-11T11:37:58,MATCH
session71|registered_export,registered_export,false,612,612,MATCH,67,67,MATCH,MATCH,2020-11-06T10:37:09,2020-11-06T10:37:09,MATCH
session720|non_registered_export,non_registered_export,false,282,282,MATCH,0,0,MATCH,MATCH,2020-10-23T11:15:18,2020-10-23T11:15:18,MATCH
session721|non_registered_export,non_registered_export,false,103,103,MATCH,0,0,MATCH,MATCH,2020-10-13T12:07:34,2020-10-13T12:07:34,MATCH
session722|registered_export,registered_export,false,169,169,MATCH,44,44,MATCH,MATCH,2020-11-06T11:14:22,2020-11-06T11:14:22,MATCH
session723|registered_export,registered_export,false,534,534,MATCH,44,44,MATCH,MATCH,2020-10-28T11:51:22,2020-10-28T11:51:22,MATCH
session724|registered_export,registered_export,false,367,367,MATCH,74,74,MATCH,MATCH,2020-10-07T12:15:03,2020-10-07T12:15:03,MATCH
session725|registered_export,registered_export,false,512,512,MATCH,55,55,MATCH,MATCH,2020-10-12T11:51:58,2020-10-12T11:51:58,MATCH
session726|non_registered_export,non_registered_export,false,425,425,MATCH,36,36,MATCH,MATCH,2020-10-08T12:55:26,2020-10-08T12:55:26,MATCH
session727|non_registered_export,non_registered_export,false,127,127,MATCH,56,56,MATCH,MATCH,2020-10-09T13:12:10,2020-10-09T13:12:10,MATCH
session728|registered_export,registered_export,false,424,424,MATCH,59,59,MATCH,MATCH,2020-11-03T11:50:02,2020-11-03T11:50:02,MATCH
session729|non_registered_export,non_registered_export,false,332,332,MATCH,56,56,MATCH,MATCH,2020-11-05T12:17:22,2020-11-05T12:17:22,MATCH
session72|non_registered_export,non_registered_export,false,92,92,MATCH,0,0,MATCH,MATCH,2020-10-29T10:53:36,2020-10-29T10:53:36,MATCH
session730|registered_export,registered_export,false,98,98,MATCH,34,34,MATCH,MATCH,2020-10-26T10:41:22,2020-10-26T10:41:22,MATCH
session731|non_registered_export,non_registered_export,false,460,460,MATCH,22,22,MATCH,MATCH,2020-10-23T12:01:17,2020-10-23T12:01:17,MATCH
session732|non_registered_export,non_registered_export,false,142,142,MATCH,48,48,MATCH,MATCH,2020-11-09T11:23:43,2020-11-09T11:23:43,MATCH
session733|non_registered_export,non_registered_export,false,9,9,MATCH,0,0,MATCH,MATCH,2020-10-21T13:09:06,2020-10-21T13:09:06,MATCH
session734|non_registered_export,non_registered_export,false,906,906,MATCH,34,34,MATCH,MATCH,2020-10-23T10:39:31,2020-10-23T10:39:31,MATCH
session735|non_registered_export,non_registered_export,false,30,30,MATCH,58,58,MATCH,MATCH,2020-11-04T11:32:54,2020-11-04T11:32:54,MATCH
session736|non_registered_export,non_registered_export,false,147,147,MATCH,41,41,MATCH,MATCH,2020-10-14T11:26:44,2020-10-14T11:26:44,MATCH
session737|non_registered_export,non_registered_export,false,245,245,MATCH,11,11,MATCH,MATCH,2020-11-13T12:33:55,2020-11-13T12:33:55,MATCH
session738|registered_export,registered_export,false,1114,1114,MATCH,127,127,MATCH,MATCH,2020-10-14T12:19:36,2020-10-14T12:19:36,MATCH
session739|registered_export,registered_export,false,495,495,MATCH,36,36,MATCH,MATCH,2020-10-26T10:53:26,2020-10-26T10:53:26,MATCH
session73|registered_export,registered_export,false,483,483,MATCH,114,114,MATCH,MATCH,2020-11-09T12:17:04,2020-11-09T12:17:04,MATCH
session740|registered_export,registered_export,false,100,100,MATCH,27,27,MATCH,MATCH,2020-11-20T10:54:25,2020-11-20T10:54:25,MATCH
session741|non_registered_export,non_registered_export,false,25,25,MATCH,0,0,MATCH,MATCH,2020-11-05T12:42:32,2020-11-05T12:42:32,MATCH
session742|non_registered_export,non_registered_export,false,39,39,MATCH,0,0,MATCH,MATCH,2020-10-23T11:23:28,2020-10-23T11:23:28,MATCH
session743|non_registered_export,non_registered_export,false,1061,1061,MATCH,63,63,MATCH,MATCH,2020-10-13T11:57:56,2020-10-13T11:57:56,MATCH
session744|registered_export,registered_export,false,454,454,MATCH,49,49,MATCH,MATCH,2020-11-09T11:07:55,2020-11-09T11:07:55,MATCH
session745|registered_export,registered_export,false,710,710,MATCH,85,85,MATCH,MATCH,2020-11-10T11:15:05,2020-11-10T11:15:05,MATCH
session746|non_registered_export,non_registered_export,false,1128,1128,MATCH,0,0,MATCH,MATCH,2020-10-15T12:23:35,2020-10-15T12:23:35,MATCH
session747|non_registered_export,non_registered_export,false,4,4,MATCH,0,0,MATCH,MATCH,2020-11-11T11:24:23,2020-11-11T11:24:23,MATCH
session748|non_registered_export,non_registered_export,false,55,55,MATCH,0,0,MATCH,MATCH,2020-10-15T10:36:26,2020-10-15T10:36:26,MATCH
session749|registered_export,registered_export,false,1349,1349,MATCH,95,95,MATCH,MATCH,2020-10-27T12:18:07,2020-10-27T12:18:07,MATCH
session74|registered_export,registered_export,false,500,500,MATCH,46,46,MATCH,MATCH,2020-11-17T11:09:56,2020-11-17T11:09:56,MATCH
session750|registered_export,registered_export,false,428,428,MATCH,70,70,MATCH,MATCH,2020-11-20T10:46:10,2020-11-20T10:46:10,MATCH
session751|registered_export,registered_export,false,416,416,MATCH,86,86,MATCH,MATCH,2020-10-09T11:45:10,2020-10-09T11:45:10,MATCH
session752|registered_export,registered_export,false,1638,1638,MATCH,74,74,MATCH,MATCH,2020-10-07T10:47:11,2020-10-07T10:47:11,MATCH
session753|non_registered_export,non_registered_export,false,654,654,MATCH,0,0,MATCH,MATCH,2020-11-05T10:31:57,2020-11-05T10:31:57,MATCH
session754|non_registered_export,non_registered_export,false,1026,1026,MATCH,22,22,MATCH,MATCH,2020-10-19T12:00:41,2020-10-19T12:00:41,MATCH
session755|non_registered_export,non_registered_export,false,1,1,MATCH,0,0,MATCH,MATCH,2020-11-04T11:05:51,2020-11-04T11:05:51,MATCH
session756|non_registered_export,non_registered_export,false,29,29,MATCH,0,0,MATCH,MATCH,2020-10-30T11:10:10,2020-10-30T11:10:10,MATCH
session757|registered_export,registered_export,false,553,553,MATCH,40,40,MATCH,MATCH,2020-11-04T11:30:07,2020-11-04T11:30:07,MATCH
session758|registered_export,registered_export,false,1597,1597,MATCH,119,119,MATCH,MATCH,2020-10-13T12:25:41,2020-10-13T12:25:41,MATCH
session759|registered_export,registered_export,false,566,566,MATCH,57,57,MATCH,MATCH,2020-11-04T10:59:35,2020-11-04T10:59:35,MATCH
session75|registered_export,registered_export,false,1224,1224,MATCH,75,75,MATCH,MATCH,2020-11-03T11:04:39,2020-11-03T11:04:39,MATCH
session760|registered_export,registered_export,false,560,560,MATCH,121,121,MATCH,MATCH,2020-10-27T11:20:17,2020-10-27T11:20:17,MATCH
session761|registered_export,registered_export,false,612,612,MATCH,81,81,MATCH,MATCH,2020-10-19T10:31:11,2020-10-19T10:31:11,MATCH
session762|non_registered_export,non_registered_export,false,275,275,MATCH,26,26,MATCH,MATCH,2020-10-23T10:44:55,2020-10-23T10:44:55,MATCH
session763|registered_export,registered_export,false,814,814,MATCH,97,97,MATCH,MATCH,2020-10-20T11:27:52,2020-10-20T11:27:52,MATCH
session764|non_registered_export,non_registered_export,false,1843,1843,MATCH,60,60,MATCH,MATCH,2020-10-09T11:10:21,2020-10-09T11:10:21,MATCH
session765|registered_export,registered_export,false,603,603,MATCH,46,46,MATCH,MATCH,2020-11-04T10:38:16,2020-11-04T10:38:16,MATCH
session766|non_registered_export,non_registered_export,false,4,4,MATCH,0,0,MATCH,MATCH,2020-10-26T11:15:31,2020-10-26T11:15:31,MATCH
session767|non_registered_export,non_registered_export,false,399,399,MATCH,0,0,MATCH,MATCH,2020-10-06T11:46:24,2020-10-06T11:46:24,MATCH
session768|non_registered_export,non_registered_export,false,196,196,MATCH,0,0,MATCH,MATCH,2020-10-19T11:14:22,2020-10-19T11:14:22,MATCH
session769|non_registered_export,non_registered_export,false,82,82,MATCH,0,0,MATCH,MATCH,2020-10-14T11:33:41,2020-10-14T11:33:41,MATCH
session76|registered_export,registered_export,false,396,396,MATCH,104,104,MATCH,MATCH,2020-10-27T11:06:22,2020-10-27T11:06:22,MATCH
session770|registered_export,registered_export,false,1263,1263,MATCH,91,91,MATCH,MATCH,2020-10-13T11:19:17,2020-10-13T11:19:17,MATCH
session771|non_registered_export,non_registered_export,false,178,178,MATCH,56,56,MATCH,MATCH,2020-10-21T10:31:02,2020-10-21T10:31:02,MATCH
session772|registered_export,registered_export,false,559,559,MATCH,61,61,MATCH,MATCH,2020-11-11T11:01:35,2020-11-11T11:01:35,MATCH
session773|registered_export,registered_export,false,526,526,MATCH,84,84,MATCH,MATCH,2020-10-21T10:59:40,2020-10-21T10:59:40,MATCH
session774|non_registered_export,non_registered_export,false,683,683,MATCH,12,12,MATCH,MATCH,2020-10-19T11:10:19,2020-10-19T11:10:19,MATCH
session775|registered_export,registered_export,false,899,899,MATCH,122,122,MATCH,MATCH,2020-10-23T11:21:33,2020-10-23T11:21:33,MATCH
session776|non_registered_export,non_registered_export,false,185,185,MATCH,9,9,MATCH,MATCH,2020-10-09T11:04:50,2020-10-09T11:04:50,MATCH
session777|registered_export,registered_export,false,423,423,MATCH,62,62,MATCH,MATCH,2020-10-13T11:11:50,2020-10-13T11:11:50,MATCH
session778|non_registered_export,non_registered_export,false,75,75,MATCH,38,38,MATCH,MATCH,2020-10-15T11:31:50,2020-10-15T11:31:50,MATCH
session779|registered_export,registered_export,false,627,627,MATCH,73,73,MATCH,MATCH,2020-10-07T12:06:31,2020-10-07T12:06:31,MATCH
session77|non_registered_export,non_registered_export,false,339,339,MATCH,95,95,MATCH,MATCH,2020-11-02T11:37:08,2020-11-02T11:37:08,MATCH
session780|non_registered_export,non_registered_export,false,46,46,MATCH,0,0,MATCH,MATCH,2020-10-21T11:55:22,2020-10-21T11:55:22,MATCH
session781|registered_export,registered_export,false,383,383,MATCH,72,72,MATCH,MATCH,2020-11-03T11:45:13,2020-11-03T11:45:13,MATCH
session782|non_registered_export,non_registered_export,false,851,851,MATCH,49,49,MATCH,MATCH,2020-11-13T12:23:25,2020-11-13T12:23:25,MATCH
session783|non_registered_export,non_registered_export,false,153,153,MATCH,20,20,MATCH,MATCH,2020-10-23T10:35:55,2020-10-23T10:35:55,MATCH
session784|non_registered_export,non_registered_export,false,427,427,MATCH,42,42,MATCH,MATCH,2020-10-26T12:39:15,2020-10-26T12:39:15,MATCH
session785|registered_export,registered_export,false,683,683,MATCH,100,100,MATCH,MATCH,2020-11-13T12:01:57,2020-11-13T12:01:57,MATCH
session786|registered_export,registered_export,false,727,727,MATCH,72,72,MATCH,MATCH,2020-10-06T11:22:17,2020-10-06T11:22:17,MATCH
session787|non_registered_export,non_registered_export,false,951,951,MATCH,62,62,MATCH,MATCH,2020-10-21T11:20:56,2020-10-21T11:20:56,MATCH
session788|non_registered_export,non_registered_export,false,488,488,MATCH,35,35,MATCH,MATCH,2020-11-03T11:02:51,2020-11-03T11:02:51,MATCH
session789|registered_export,registered_export,false,543,543,MATCH,67,67,MATCH,MATCH,2020-10-28T10:39:06,2020-10-28T10:39:06,MATCH
session78|non_registered_export,non_registered_export,false,1,1,MATCH,0,0,MATCH,MATCH,2020-11-11T11:12:46,2020-11-11T11:12:46,MATCH
session790|registered_export,registered_export,false,254,254,MATCH,31,31,MATCH,MATCH,2020-10-14T11:11:33,2020-10-14T11:11:33,MATCH
session791|registered_export,registered_export,false,431,431,MATCH,65,65,MATCH,MATCH,2020-10-06T12:12:55,2020-10-06T12:12:55,MATCH
session792|registered_export,registered_export,false,366,366,MATCH,80,80,MATCH,MATCH,2020-11-03T12:00:10,2020-11-03T12:00:10,MATCH
session793|registered_export,registered_export,false,1450,1450,MATCH,57,57,MATCH,MATCH,2020-10-28T11:11:47,2020-10-28T11:11:47,MATCH
session794|non_registered_export,non_registered_export,false,226,226,MATCH,0,0,MATCH,MATCH,2020-11-03T11:05:21,2020-11-03T11:05:21,MATCH
session795|registered_export,registered_export,false,376,376,MATCH,68,68,MATCH,MATCH,2020-10-14T11:47:53,2020-10-14T11:47:53,MATCH
session796|registered_export,registered_export,false,532,532,MATCH,81,81,MATCH,MATCH,2020-10-20T10:53:49,2020-10-20T10:53:49,MATCH
session797|registered_export,registered_export,false,1731,1731,MATCH,78,78,MATCH,MATCH,2020-11-04T11:02:16,2020-11-04T11:02:16,MATCH
session798|registered_export,registered_export,false,429,429,MATCH,39,39,MATCH,MATCH,2020-11-11T12:02:24,2020-11-11T12:02:24,MATCH
session799|non_registered_export,non_registered_export,false,785,785,MATCH,58,58,MATCH,MATCH,2020-11-12T11:55:03,2020-11-12T11:55:03,MATCH
session79|non_registered_export,non_registered_export,false,448,448,MATCH,41,41,MATCH,MATCH,2020-11-03T12:33:38,2020-11-03T12:33:38,MATCH
session7|non_registered_export,non_registered_export,false,219,219,MATCH,75,75,MATCH,MATCH,2020-11-03T11:07:07,2020-11-03T11:07:07,MATCH
session800|registered_export,registered_export,false,394,394,MATCH,73,73,MATCH,MATCH,2020-10-21T11:13:17,2020-10-21T11:13:17,MATCH
session801|non_registered_export,non_registered_export,false,460,460,MATCH,33,33,MATCH,MATCH,2020-10-19T11:19:37,2020-10-19T11:19:37,MATCH
session802|non_registered_export,non_registered_export,false,85,85,MATCH,22,22,MATCH,MATCH,2020-11-13T12:15:22,2020-11-13T12:15:22,MATCH
session803|non_registered_export,non_registered_export,false,34,34,MATCH,7,7,MATCH,MATCH,2020-10-09T10:43:19,2020-10-09T10:43:19,MATCH
session804|non_registered_export,non_registered_export,false,114,114,MATCH,58,58,MATCH,MATCH,2020-11-10T11:12:35,2020-11-10T11:12:35,MATCH
session805|non_registered_export,non_registered_export,false,319,319,MATCH,63,63,MATCH,MATCH,2020-10-22T11:39:24,2020-10-22T11:39:24,MATCH
session806|registered_export,registered_export,false,569,569,MATCH,54,54,MATCH,MATCH,2020-10-12T10:44:21,2020-10-12T10:44:21,MATCH
session807|non_registered_export,non_registered_export,false,10,10,MATCH,46,46,MATCH,MATCH,2020-10-26T10:40:48,2020-10-26T10:40:48,MATCH
session808|non_registered_export,non_registered_export,false,93,93,MATCH,17,17,MATCH,MATCH,2020-10-14T11:22:24,2020-10-14T11:22:24,MATCH
session809|non_registered_export,non_registered_export,false,4,4,MATCH,0,0,MATCH,MATCH,2020-10-05T11:22:13,2020-10-05T11:22:13,MATCH
session80|non_registered_export,non_registered_export,false,395,395,MATCH,68,68,MATCH,MATCH,2020-10-08T11:49:43,2020-10-08T11:49:43,MATCH
session810|registered_export,registered_export,false,435,435,MATCH,74,74,MATCH,MATCH,2020-10-20T12:17:20,2020-10-20T12:17:20,MATCH
session811|registered_export,registered_export,false,528,528,MATCH,81,81,MATCH,MATCH,2020-11-06T12:01:45,2020-11-06T12:01:45,MATCH
session812|non_registered_export,non_registered_export,false,379,379,MATCH,45,45,MATCH,MATCH,2020-10-08T11:09:15,2020-10-08T11:09:15,MATCH
session813|registered_export,registered_export,false,608,608,MATCH,115,115,MATCH,MATCH,2020-10-21T12:19:33,2020-10-21T12:19:33,MATCH
session814|registered_export,registered_export,false,513,513,MATCH,76,76,MATCH,MATCH,2020-11-04T11:19:15,2020-11-04T11:19:15,MATCH
session815|non_registered_export,non_registered_export,false,286,286,MATCH,82,82,MATCH,MATCH,2020-10-19T10:52:27,2020-10-19T10:52:27,MATCH
session816|non_registered_export,non_registered_export,false,264,264,MATCH,40,40,MATCH,MATCH,2020-10-29T11:21:12,2020-10-29T11:21:12,MATCH
session817|registered_export,registered_export,false,459,459,MATCH,34,34,MATCH,MATCH,2020-11-03T12:16:09,2020-11-03T12:16:09,MATCH
session818|non_registered_export,non_registered_export,false,2,2,MATCH,0,0,MATCH,MATCH,2020-10-07T12:18:48,2020-10-07T12:18:48,MATCH
session819|non_registered_export,non_registered_export,false,417,417,MATCH,0,0,MATCH,MATCH,2020-11-06T11:10:05,2020-11-06T11:10:05,MATCH
session81|registered_export,registered_export,false,1555,1555,MATCH,95,95,MATCH,MATCH,2020-10-12T11:52:57,2020-10-12T11:52:57,MATCH
session820|non_registered_export,non_registered_export,false,3,3,MATCH,0,0,MATCH,MATCH,2020-11-04T12:49:50,2020-11-04T12:49:50,MATCH
session821|non_registered_export,non_registered_export,false,4,4,MATCH,0,0,MATCH,MATCH,2020-11-04T12:21:46,2020-11-04T12:21:46,MATCH
session822|registered_export,registered_export,false,350,350,MATCH,48,48,MATCH,MATCH,2020-11-06T11:38:53,2020-11-06T11:38:53,MATCH
session823|registered_export,registered_export,false,590,590,MATCH,69,69,MATCH,MATCH,2020-11-03T11:01:58,2020-11-03T11:01:58,MATCH
session824|registered_export,registered_export,false,417,417,MATCH,57,57,MATCH,MATCH,2020-11-10T11:14:49,2020-11-10T11:14:49,MATCH
session825|registered_export,registered_export,false,370,370,MATCH,93,93,MATCH,MATCH,2020-11-10T11:30:25,2020-11-10T11:30:25,MATCH
session826|non_registered_export,non_registered_export,false,253,253,MATCH,0,0,MATCH,MATCH,2020-10-15T13:22:06,2020-10-15T13:22:06,MATCH
session827|non_registered_export,non_registered_export,false,84,84,MATCH,0,0,MATCH,MATCH,2020-11-12T11:04:14,2020-11-12T11:04:14,MATCH
session828|registered_export,registered_export,false,296,296,MATCH,0,0,MATCH,MATCH,2020-11-02T10:14:50,2020-11-02T10:14:50,MATCH
session829|registered_export,registered_export,false,1260,1260,MATCH,117,117,MATCH,MATCH,2020-10-06T10:59:30,2020-10-06T10:59:30,MATCH
session82|non_registered_export,non_registered_export,false,1865,1865,MATCH,91,91,MATCH,MATCH,2020-10-19T11:58:57,2020-10-19T11:58:57,MATCH
session830|registered_export,registered_export,false,375,375,MATCH,44,44,MATCH,MATCH,2020-10-28T12:04:07,2020-10-28T12:04:07,MATCH
session831|registered_export,registered_export,false,637,637,MATCH,63,63,MATCH,MATCH,2020-10-21T12:06:24,2020-10-21T12:06:24,MATCH
session832|registered_export,registered_export,false,480,480,MATCH,50,50,MATCH,MATCH,2020-10-26T11:48:08,2020-10-26T11:48:08,MATCH
session833|registered_export,registered_export,false,522,522,MATCH,82,82,MATCH,MATCH,2020-11-10T12:06:43,2020-11-10T12:06:43,MATCH
session834|registered_export,registered_export,false,436,436,MATCH,72,72,MATCH,MATCH,2020-10-27T12:01:00,2020-10-27T12:01:00,MATCH
session835|non_registered_export,non_registered_export,false,282,282,MATCH,75,75,MATCH,MATCH,2020-10-20T11:12:07,2020-10-20T11:12:07,MATCH
session836|non_registered_export,non_registered_export,false,871,871,MATCH,52,52,MATCH,MATCH,2020-10-22T10:52:31,2020-10-22T10:52:31,MATCH
session837|non_registered_export,non_registered_export,false,218,218,MATCH,0,0,MATCH,MATCH,2020-11-09T13:05:01,2020-11-09T13:05:01,MATCH
session838|registered_export,registered_export,false,419,419,MATCH,65,65,MATCH,MATCH,2020-11-04T12:10:46,2020-11-04T12:10:46,MATCH
session839|registered_export,registered_export,false,581,581,MATCH,50,50,MATCH,MATCH,2020-11-06T11:51:24,2020-11-06T11:51:24,MATCH
session83|non_registered_export,non_registered_export,false,209,209,MATCH,29,29,MATCH,MATCH,2020-11-13T12:41:29,2020-11-13T12:41:29,MATCH
session840|registered_export,registered_export,false,776,776,MATCH,93,93,MATCH,MATCH,2020-11-03T12:23:28,2020-11-03T12:23:28,MATCH
session841|non_registered_export,non_registered_export,false,128,128,MATCH,0,0,MATCH,MATCH,2020-10-06T13:03:33,2020-10-06T13:03:33,MATCH
session842|registered_export,registered_export,false,107,107,MATCH,16,16,MATCH,MATCH,2020-11-11T11:34:22,2020-11-11T11:34:22,MATCH
session843|registered_export,registered_export,false,351,351,MATCH,94,94,MATCH,MATCH,2020-10-05T12:27:07,2020-10-05T12:27:07,MATCH
session844|registered_export,registered_export,false,407,407,MATCH,70,70,MATCH,MATCH,2020-10-27T11:24:06,2020-10-27T11:24:06,MATCH
session845|registered_export,registered_export,false,300,300,MATCH,81,81,MATCH,MATCH,2020-11-20T12:24:03,2020-11-20T12:24:03,MATCH
session846|non_registered_export,non_registered_export,false,455,455,MATCH,105,105,MATCH,MATCH,2020-11-13T10:42:23,2020-11-13T10:42:23,MATCH
session847|non_registered_export,non_registered_export,false,41,41,MATCH,0,0,MATCH,MATCH,2020-11-06T10:58:46,2020-11-06T10:58:46,MATCH
session848|registered_export,registered_export,false,590,590,MATCH,92,92,MATCH,MATCH,2020-10-26T12:23:52,2020-10-26T12:23:52,MATCH
session849|registered_export,registered_export,false,561,561,MATCH,94,94,MATCH,MATCH,2020-11-20T10:36:15,2020-11-20T10:36:15,MATCH
session84|registered_export,registered_export,false,373,373,MATCH,45,45,MATCH,MATCH,2020-10-26T11:02:34,2020-10-26T11:02:34,MATCH
session850|registered_export,registered_export,false,511,511,MATCH,71,71,MATCH,MATCH,2020-11-20T11:55:49,2020-11-20T11:55:49,MATCH
session851|registered_export,registered_export,false,1109,1109,MATCH,53,53,MATCH,MATCH,2020-10-21T10:56:32,2020-10-21T10:56:32,MATCH
session852|non_registered_export,non_registered_export,false,482,482,MATCH,0,0,MATCH,MATCH,2020-10-16T11:16:09,2020-10-16T11:16:09,MATCH
session853|non_registered_export,non_registered_export,false,287,287,MATCH,0,0,MATCH,MATCH,2020-10-15T11:19:00,2020-10-15T11:19:00,MATCH
session854|registered_export,registered_export,false,610,610,MATCH,116,116,MATCH,MATCH,2020-10-28T12:25:28,2020-10-28T12:25:28,MATCH
session855|non_registered_export,non_registered_export,false,435,435,MATCH,0,0,MATCH,MATCH,2020-10-15T11:56:31,2020-10-15T11:56:31,MATCH
session856|non_registered_export,non_registered_export,false,341,341,MATCH,90,90,MATCH,MATCH,2020-10-20T12:28:22,2020-10-20T12:28:22,MATCH
session857|registered_export,registered_export,false,466,466,MATCH,74,74,MATCH,MATCH,2020-10-21T11:27:02,2020-10-21T11:27:02,MATCH
session858|registered_export,registered_export,false,679,679,MATCH,85,85,MATCH,MATCH,2020-10-27T11:17:52,2020-10-27T11:17:52,MATCH
session859|registered_export,registered_export,false,434,434,MATCH,80,80,MATCH,MATCH,2020-11-20T10:33:20,2020-11-20T10:33:20,MATCH
session85|non_registered_export,non_registered_export,false,135,135,MATCH,21,21,MATCH,MATCH,2020-10-14T11:48:46,2020-10-14T11:48:46,MATCH
session860|non_registered_export,non_registered_export,false,431,431,MATCH,65,65,MATCH,MATCH,2020-11-10T12:41:53,2020-11-10T12:41:53,MATCH
session861|non_registered_export,non_registered_export,false,142,142,MATCH,64,64,MATCH,MATCH,2020-10-09T11:20:27,2020-10-09T11:20:27,MATCH
session862|registered_export,registered_export,false,354,354,MATCH,87,87,MATCH,MATCH,2020-10-06T11:27:00,2020-10-06T11:27:00,MATCH
session863|registered_export,registered_export,false,495,495,MATCH,81,81,MATCH,MATCH,2020-10-14T11:58:17,2020-10-14T11:58:17,MATCH
session864|registered_export,registered_export,false,474,474,MATCH,111,111,MATCH,MATCH,2020-10-21T12:18:57,2020-10-21T12:18:57,MATCH
session865|non_registered_export,non_registered_export,false,1396,1396,MATCH,45,45,MATCH,MATCH,2020-11-03T13:09:52,2020-11-03T13:09:52,MATCH
session866|registered_export,registered_export,false,1081,1081,MATCH,92,92,MATCH,MATCH,2020-10-19T11:40:13,2020-10-19T11:40:13,MATCH
session867|registered_export,registered_export,false,603,603,MATCH,72,72,MATCH,MATCH,2020-10-14T10:48:22,2020-10-14T10:48:22,MATCH
session868|non_registered_export,non_registered_export,false,7,7,MATCH,0,0,MATCH,MATCH,2020-10-08T11:07:33,2020-10-08T11:07:33,MATCH
session869|registered_export,registered_export,false,426,426,MATCH,58,58,MATCH,MATCH,2020-11-10T12:15:23,2020-11-10T12:15:23,MATCH
session86|non_registered_export,non_registered_export,false,1143,1143,MATCH,58,58,MATCH,MATCH,2020-11-10T11:57:30,2020-11-10T11:57:30,MATCH
session870|non_registered_export,non_registered_export,false,178,178,MATCH,0,0,MATCH,MATCH,2020-10-06T11:51:29,2020-10-06T11:51:29,MATCH
session871|registered_export,registered_export,false,385,385,MATCH,84,84,MATCH,MATCH,2020-11-03T10:53:46,2020-11-03T10:53:46,MATCH
session872|non_registered_export,non_registered_export,false,966,966,MATCH,35,35,MATCH,MATCH,2020-11-06T10:48:44,2020-11-06T10:48:44,MATCH
session873|registered_export,registered_export,false,787,787,MATCH,89,89,MATCH,MATCH,2020-11-04T10:33:32,2020-11-04T10:33:32,MATCH
session874|registered_export,registered_export,false,418,418,MATCH,71,71,MATCH,MATCH,2020-11-03T12:13:54,2020-11-03T12:13:54,MATCH
session875|registered_export,registered_export,false,535,535,MATCH,52,52,MATCH,MATCH,2020-10-27T11:27:09,2020-10-27T11:27:09,MATCH
session876|registered_export,registered_export,false,313,313,MATCH,60,60,MATCH,MATCH,2020-11-18T11:47:23,2020-11-18T11:47:23,MATCH
session877|registered_export,registered_export,false,193,193,MATCH,49,49,MATCH,MATCH,2020-11-06T10:32:12,2020-11-06T10:32:12,MATCH
session878|registered_export,registered_export,false,797,797,MATCH,60,60,MATCH,MATCH,2020-11-12T11:18:17,2020-11-12T11:18:17,MATCH
session879|non_registered_export,non_registered_export,false,58,58,MATCH,45,45,MATCH,MATCH,2020-11-04T11:02:16,2020-11-04T11:02:16,MATCH
session87|non_registered_export,non_registered_export,false,1438,1438,MATCH,46,46,MATCH,MATCH,2020-10-07T11:33:38,2020-10-07T11:33:38,MATCH
session880|non_registered_export,non_registered_export,false,106,106,MATCH,0,0,MATCH,MATCH,2020-11-13T12:29:12,2020-11-13T12:29:12,MATCH
session881|registered_export,registered_export,false,671,671,MATCH,126,126,MATCH,MATCH,2020-10-26T10:59:11,2020-10-26T10:59:11,MATCH
session882|non_registered_export,non_registered_export,false,800,800,MATCH,92,92,MATCH,MATCH,2020-10-07T12:22:27,2020-10-07T12:22:27,MATCH
session883|registered_export,registered_export,false,396,396,MATCH,116,116,MATCH,MATCH,2020-10-21T12:25:30,2020-10-21T12:25:30,MATCH
session884|registered_export,registered_export,false,523,523,MATCH,105,105,MATCH,MATCH,2020-11-12T11:59:41,2020-11-12T11:59:41,MATCH
session885|registered_export,registered_export,false,556,556,MATCH,62,62,MATCH,MATCH,2020-11-09T11:27:20,2020-11-09T11:27:20,MATCH
session886|registered_export,registered_export,false,640,640,MATCH,94,94,MATCH,MATCH,2020-10-20T11:16:48,2020-10-20T11:16:48,MATCH
session887|registered_export,registered_export,false,286,286,MATCH,63,63,MATCH,MATCH,2020-10-06T11:22:40,2020-10-06T11:22:40,MATCH
session888|non_registered_export,non_registered_export,false,557,557,MATCH,75,75,MATCH,MATCH,2020-10-14T13:13:56,2020-10-14T13:13:56,MATCH
session889|non_registered_export,non_registered_export,false,202,202,MATCH,38,38,MATCH,MATCH,2020-11-09T12:34:11,2020-11-09T12:34:11,MATCH
session88|registered_export,registered_export,false,542,542,MATCH,80,80,MATCH,MATCH,2020-10-29T10:55:14,2020-10-29T10:55:14,MATCH
session890|non_registered_export,non_registered_export,false,58,58,MATCH,0,0,MATCH,MATCH,2020-10-07T11:47:23,2020-10-07T11:47:23,MATCH
session891|registered_export,registered_export,false,418,418,MATCH,92,92,MATCH,MATCH,2020-10-12T11:42:57,2020-10-12T11:42:57,MATCH
session892|non_registered_export,non_registered_export,false,17,17,MATCH,13,13,MATCH,MATCH,2020-11-06T12:27:18,2020-11-06T12:27:18,MATCH
session893|non_registered_export,non_registered_export,false,204,204,MATCH,34,34,MATCH,MATCH,2020-11-02T11:09:08,2020-11-02T11:09:08,MATCH
session894|registered_export,registered_export,false,704,704,MATCH,98,98,MATCH,MATCH,2020-11-04T11:39:05,2020-11-04T11:39:05,MATCH
session895|registered_export,registered_export,false,1289,1289,MATCH,73,73,MATCH,MATCH,2020-10-26T11:34:54,2020-10-26T11:34:54,MATCH
session896|registered_export,registered_export,false,288,288,MATCH,66,66,MATCH,MATCH,2020-10-07T11:24:31,2020-10-07T11:24:31,MATCH
session897|non_registered_export,non_registered_export,false,106,106,MATCH,81,81,MATCH,MATCH,2020-11-04T12:28:35,2020-11-04T12:28:35,MATCH
session898|registered_export,registered_export,false,519,519,MATCH,71,71,MATCH,MATCH,2020-11-03T10:34:50,2020-11-03T10:34:50,MATCH
session899|non_registered_export,non_registered_export,false,153,153,MATCH,0,0,MATCH,MATCH,2020-11-12T10:46:56,2020-11-12T10:46:56,MATCH
session89|registered_export,registered_export,false,556,556,MATCH,65,65,MATCH,MATCH,2020-10-27T12:11:28,2020-10-27T12:11:28,MATCH
session8|non_registered_export,non_registered_export,false,24,24,MATCH,0,0,MATCH,MATCH,2020-10-05T10:27:29,2020-10-05T10:27:29,MATCH
session900|non_registered_export,non_registered_export,false,36,36,MATCH,0,0,MATCH,MATCH,2020-10-16T12:23:03,2020-10-16T12:23:03,MATCH
session901|registered_export,registered_export,false,481,481,MATCH,49,49,MATCH,MATCH,2020-10-26T12:15:07,2020-10-26T12:15:07,MATCH
session902|registered_export,registered_export,false,72,72,MATCH,55,55,MATCH,MATCH,2020-11-03T11:26:16,2020-11-03T11:26:16,MATCH
session903|registered_export,registered_export,false,319,319,MATCH,63,63,MATCH,MATCH,2020-11-03T11:59:35,2020-11-03T11:59:35,MATCH
session904|non_registered_export,non_registered_export,false,428,428,MATCH,0,0,MATCH,MATCH,2020-10-05T12:48:28,2020-10-05T12:48:28,MATCH
session905|non_registered_export,non_registered_export,false,961,961,MATCH,48,48,MATCH,MATCH,2020-10-07T10:42:06,2020-10-07T10:42:06,MATCH
session906|non_registered_export,non_registered_export,false,150,150,MATCH,40,40,MATCH,MATCH,2020-10-20T10:55:58,2020-10-20T10:55:58,MATCH
session907|non_registered_export,non_registered_export,false,451,451,MATCH,61,61,MATCH,MATCH,2020-10-19T11:07:49,2020-10-19T11:07:49,MATCH
session908|non_registered_export,non_registered_export,false,34,34,MATCH,32,32,MATCH,MATCH,2020-11-05T11:23:48,2020-11-05T11:23:48,MATCH
session909|registered_export,registered_export,false,412,412,MATCH,58,58,MATCH,MATCH,2020-11-10T11:27:19,2020-11-10T11:27:19,MATCH
session90|registered_export,registered_export,false,509,509,MATCH,93,93,MATCH,MATCH,2020-11-04T11:53:29,2020-11-04T11:53:29,MATCH
session910|registered_export,registered_export,false,656,656,MATCH,66,66,MATCH,MATCH,2020-10-22T11:22:53,2020-10-22T11:22:53,MATCH
session911|non_registered_export,non_registered_export,false,270,270,MATCH,44,44,MATCH,MATCH,2020-11-09T12:52:03,2020-11-09T12:52:03,MATCH
session912|registered_export,registered_export,false,1311,1311,MATCH,60,60,MATCH,MATCH,2020-10-19T12:26:47,2020-10-19T12:26:47,MATCH
session913|registered_export,registered_export,false,505,505,MATCH,66,66,MATCH,MATCH,2020-10-16T11:08:00,2020-10-16T11:08:00,MATCH
session914|non_registered_export,non_registered_export,false,219,219,MATCH,18,18,MATCH,MATCH,2020-10-06T11:26:10,2020-10-06T11:26:10,MATCH
session915|registered_export,registered_export,false,170,170,MATCH,24,24,MATCH,MATCH,2020-10-30T11:07:05,2020-10-30T11:07:05,MATCH
session916|registered_export,registered_export,false,648,648,MATCH,94,94,MATCH,MATCH,2020-10-22T10:58:47,2020-10-22T10:58:47,MATCH
session917|non_registered_export,non_registered_export,false,149,149,MATCH,0,0,MATCH,MATCH,2020-10-22T13:09:55,2020-10-22T13:09:55,MATCH
session918|registered_export,registered_export,false,381,381,MATCH,118,118,MATCH,MATCH,2020-10-27T11:19:27,2020-10-27T11:19:27,MATCH
session919|non_registered_export,non_registered_export,false,7,7,MATCH,0,0,MATCH,MATCH,2020-10-13T12:49:27,2020-10-13T12:49:27,MATCH
session91|non_registered_export,non_registered_export,false,1035,1035,MATCH,78,78,MATCH,MATCH,2020-10-27T11:35:56,2020-10-27T11:35:56,MATCH
session920|non_registered_export,non_registered_export,false,9,9,MATCH,0,0,MATCH,MATCH,2020-10-13T11:56:05,2020-10-13T11:56:05,MATCH
session921|non_registered_export,non_registered_export,false,4,4,MATCH,0,0,MATCH,MATCH,2020-10-16T11:06:43,2020-10-16T11:06:43,MATCH
session922|non_registered_export,non_registered_export,false,2,2,MATCH,0,0,MATCH,MATCH,2020-10-23T11:34:27,2020-10-23T11:34:27,MATCH
session923|registered_export,registered_export,false,1346,1346,MATCH,75,75,MATCH,MATCH,2020-10-19T11:04:11,2020-10-19T11:04:11,MATCH
session924|registered_export,registered_export,false,447,447,MATCH,53,53,MATCH,MATCH,2020-10-12T12:16:19,2020-10-12T12:16:19,MATCH
session925|non_registered_export,non_registered_export,false,650,650,MATCH,46,46,MATCH,MATCH,2020-11-04T11:02:27,2020-11-04T11:02:27,MATCH
session926|non_registered_export,non_registered_export,false,8,8,MATCH,12,12,MATCH,MATCH,2020-11-05T11:38:42,2020-11-05T11:38:42,MATCH
session927|non_registered_export,non_registered_export,false,1,1,MATCH,0,0,MATCH,MATCH,2020-11-02T11:13:02,2020-11-02T11:13:02,MATCH
session928|registered_export,registered_export,false,298,298,MATCH,49,49,MATCH,MATCH,2020-11-10T11:46:09,2020-11-10T11:46:09,MATCH
session929|non_registered_export,non_registered_export,false,307,307,MATCH,51,51,MATCH,MATCH,2020-10-15T10:30:48,2020-10-15T10:30:48,MATCH
session92|registered_export,registered_export,false,569,569,MATCH,60,60,MATCH,MATCH,2020-11-04T10:34:43,2020-11-04T10:34:43,MATCH
session930|non_registered_export,non_registered_export,false,753,753,MATCH,0,0,MATCH,MATCH,2020-10-23T11:13:48,2020-10-23T11:13:48,MATCH
session931|registered_export,registered_export,false,433,433,MATCH,97,97,MATCH,MATCH,2020-11-20T12:30:22,2020-11-20T12:30:22,MATCH
session932|non_registered_export,non_registered_export,false,282,282,MATCH,0,0,MATCH,MATCH,2020-10-29T11:48:22,2020-10-29T11:48:22,MATCH
session933|non_registered_export,non_registered_export,false,192,192,MATCH,90,90,MATCH,MATCH,2020-11-04T10:43:49,2020-11-04T10:43:49,MATCH
session934|registered_export,registered_export,false,1719,1719,MATCH,115,115,MATCH,MATCH,2020-10-13T12:16:40,2020-10-13T12:16:40,MATCH
session935|non_registered_export,non_registered_export,false,38,38,MATCH,24,24,MATCH,MATCH,2020-10-05T11:57:13,2020-10-05T11:57:13,MATCH
session936|non_registered_export,non_registered_export,false,835,835,MATCH,54,54,MATCH,MATCH,2020-11-06T11:45:10,2020-11-06T11:45:10,MATCH
session937|registered_export,registered_export,false,590,590,MATCH,34,34,MATCH,MATCH,2020-10-26T11:50:03,2020-10-26T11:50:03,MATCH
session938|registered_export,registered_export,false,242,242,MATCH,17,17,MATCH,MATCH,2020-10-14T11:12:40,2020-10-14T11:12:40,MATCH
session939|registered_export,registered_export,false,2060,2060,MATCH,83,83,MATCH,MATCH,2020-10-21T10:33:18,2020-10-21T10:33:18,MATCH
session93|non_registered_export,non_registered_export,false,164,164,MATCH,0,0,MATCH,MATCH,2020-10-05T13:26:32,2020-10-05T13:26:32,MATCH
session940|registered_export,registered_export,false,1274,1274,MATCH,39,39,MATCH,MATCH,2020-11-20T11:47:32,2020-11-20T11:47:32,MATCH
session941|registered_export,registered_export,false,477,477,MATCH,45,45,MATCH,MATCH,2020-11-09T11:04:00,2020-11-09T11:04:00,MATCH
session942|non_registered_export,non_registered_export,false,419,419,MATCH,38,38,MATCH,MATCH,2020-11-13T11:59:59,2020-11-13T11:59:59,MATCH
session943|non_registered_export,non_registered_export,false,25,25,MATCH,33,33,MATCH,MATCH,2020-10-12T12:22:59,2020-10-12T12:22:59,MATCH
session944|non_registered_export,non_registered_export,false,4,4,MATCH,0,0,MATCH,MATCH,2020-11-02T11:32:21,2020-11-02T11:32:21,MATCH
session945|non_registered_export,non_registered_export,false,118,118,MATCH,48,48,MATCH,MATCH,2020-11-02T11:39:30,2020-11-02T11:39:30,MATCH
session946|non_registered_export,non_registered_export,false,242,242,MATCH,16,16,MATCH,MATCH,2020-10-22T12:40:35,2020-10-22T12:40:35,MATCH
session947|registered_export,registered_export,false,465,465,MATCH,87,87,MATCH,MATCH,2020-10-06T12:27:24,2020-10-06T12:27:24,MATCH
session948|registered_export,registered_export,false,908,908,MATCH,178,178,MATCH,MATCH,2020-11-20T13:00:54,2020-11-20T13:00:54,MATCH
session949|registered_export,registered_export,false,361,361,MATCH,61,61,MATCH,MATCH,2020-10-14T10:41:31,2020-10-14T10:41:31,MATCH
session94|non_registered_export,non_registered_export,false,5,5,MATCH,0,0,MATCH,MATCH,2020-11-02T11:09:37,2020-11-02T11:09:37,MATCH
session950|registered_export,registered_export,false,648,648,MATCH,74,74,MATCH,MATCH,2020-10-12T12:23:58,2020-10-12T12:23:58,MATCH
session951|non_registered_export,non_registered_export,false,15,15,MATCH,20,20,MATCH,MATCH,2020-11-09T11:32:23,2020-11-09T11:32:23,MATCH
session952|registered_export,registered_export,false,565,565,MATCH,0,0,MATCH,MATCH,2020-11-19T10:49:03,2020-11-19T10:49:03,MATCH
session953|registered_export,registered_export,false,288,288,MATCH,62,62,MATCH,MATCH,2020-10-28T10:35:41,2020-10-28T10:35:41,MATCH
session954|non_registered_export,non_registered_export,false,349,349,MATCH,33,33,MATCH,MATCH,2020-11-09T12:44:21,2020-11-09T12:44:21,MATCH
session955|non_registered_export,non_registered_export,false,75,75,MATCH,23,23,MATCH,MATCH,2020-11-10T10:36:02,2020-11-10T10:36:02,MATCH
session956|non_registered_export,non_registered_export,false,962,962,MATCH,59,59,MATCH,MATCH,2020-11-04T12:28:34,2020-11-04T12:28:34,MATCH
session957|non_registered_export,non_registered_export,false,483,483,MATCH,128,128,MATCH,MATCH,2020-10-06T11:49:35,2020-10-06T11:49:35,MATCH
session958|registered_export,registered_export,false,520,520,MATCH,142,142,MATCH,MATCH,2020-10-20T11:00:18,2020-10-20T11:00:18,MATCH
session959|registered_export,registered_export,false,248,248,MATCH,75,75,MATCH,MATCH,2020-10-20T11:59:38,2020-10-20T11:59:38,MATCH
session95|non_registered_export,non_registered_export,false,91,91,MATCH,67,67,MATCH,MATCH,2020-10-14T12:01:52,2020-10-14T12:01:52,MATCH
session960|registered_export,registered_export,false,417,417,MATCH,66,66,MATCH,MATCH,2020-11-09T11:36:10,2020-11-09T11:36:10,MATCH
session961|registered_export,registered_export,false,317,317,MATCH,43,43,MATCH,MATCH,2020-11-11T10:51:33,2020-11-11T10:51:33,MATCH
session962|non_registered_export,non_registered_export,false,312,312,MATCH,0,0,MATCH,MATCH,2020-10-09T11:11:58,2020-10-09T11:11:58,MATCH
session963|non_registered_export,non_registered_export,false,109,109,MATCH,27,27,MATCH,MATCH,2020-10-15T12:09:16,2020-10-15T12:09:16,MATCH
session964|non_registered_export,non_registered_export,false,99,99,MATCH,28,28,MATCH,MATCH,2020-10-30T10:38:25,2020-10-30T10:38:25,MATCH
session965|registered_export,registered_export,false,458,458,MATCH,95,95,MATCH,MATCH,2020-10-14T10:30:51,2020-10-14T10:30:51,MATCH
session966|non_registered_export,non_registered_export,false,1004,1004,MATCH,0,0,MATCH,MATCH,2020-10-29T13:18:00,2020-10-29T13:18:00,MATCH
session967|registered_export,registered_export,false,827,827,MATCH,171,171,MATCH,MATCH,2020-11-06T11:26:57,2020-11-06T11:26:57,MATCH
session968|registered_export,registered_export,false,728,728,MATCH,58,58,MATCH,MATCH,2020-10-26T11:47:41,2020-10-26T11:47:41,MATCH
session969|registered_export,registered_export,false,527,527,MATCH,11,11,MATCH,MATCH,2020-11-02T10:13:08,2020-11-02T10:13:08,MATCH
session96|registered_export,registered_export,false,499,499,MATCH,92,92,MATCH,MATCH,2020-10-06T11:50:25,2020-10-06T11:50:25,MATCH
session970|registered_export,registered_export,false,485,485,MATCH,39,39,MATCH,MATCH,2020-11-13T11:04:04,2020-11-13T11:04:04,MATCH
session971|registered_export,registered_export,false,372,372,MATCH,58,58,MATCH,MATCH,2020-10-13T12:04:05,2020-10-13T12:04:05,MATCH
session972|non_registered_export,non_registered_export,false,680,680,MATCH,117,117,MATCH,MATCH,2020-11-12T10:48:48,2020-11-12T10:48:48,MATCH
session973|registered_export,registered_export,false,798,798,MATCH,85,85,MATCH,MATCH,2020-10-27T11:03:43,2020-10-27T11:03:43,MATCH
session974|registered_export,registered_export,false,403,403,MATCH,51,51,MATCH,MATCH,2020-11-17T11:16:13,2020-11-17T11:16:13,MATCH
session975|non_registered_export,non_registered_export,false,1060,1060,MATCH,0,0,MATCH,MATCH,2020-11-11T11:26:26,2020-11-11T11:26:26,MATCH
session976|registered_export,registered_export,false,1106,1106,MATCH,79,79,MATCH,MATCH,2020-11-20T12:13:52,2020-11-20T12:13:52,MATCH
session977|registered_export,registered_export,false,391,391,MATCH,61,61,MATCH,MATCH,2020-10-05T10:41:10,2020-10-05T10:41:10,MATCH
session978|non_registered_export,non_registered_export,false,1,1,MATCH,0,0,MATCH,MATCH,2020-10-30T10:39:56,2020-10-30T10:39:56,MATCH
session979|non_registered_export,non_registered_export,false,75,75,MATCH,0,0,MATCH,MATCH,2020-11-10T12:07:13,2020-11-10T12:07:13,MATCH
session97|non_registered_export,non_registered_export,false,177,177,MATCH,19,19,MATCH,MATCH,2020-10-30T12:01:00,2020-10-30T12:01:00,MATCH
session980|non_registered_export,non_registered_export,false,30,30,MATCH,79,79,MATCH,MATCH,2020-11-04T11:15:48,2020-11-04T11:15:48,MATCH
session981|non_registered_export,non_registered_export,false,171,171,MATCH,34,34,MATCH,MATCH,2020-11-02T12:52:42,2020-11-02T12:52:42,MATCH
session982|registered_export,registered_export,false,361,361,MATCH,55,55,MATCH,MATCH,2020-10-07T11:59:20,2020-10-07T11:59:20,MATCH
session983|non_registered_export,non_registered_export,false,428,428,MATCH,45,45,MATCH,MATCH,2020-10-05T10:32:52,2020-10-05T10:32:52,MATCH
session984|non_registered_export,non_registered_export,false,377,377,MATCH,82,82,MATCH,MATCH,2020-11-03T13:19:07,2020-11-03T13:19:07,MATCH
session985|registered_export,registered_export,false,321,321,MATCH,37,37,MATCH,MATCH,2020-10-26T10:44:18,2020-10-26T10:44:18,MATCH
session986|registered_export,registered_export,false,287,287,MATCH,61,61,MATCH,MATCH,2020-10-26T11:30:16,2020-10-26T11:30:16,MATCH
session987|registered_export,registered_export,false,481,481,MATCH,72,72,MATCH,MATCH,2020-11-20T10:56:24,2020-11-20T10:56:24,MATCH
session988|non_registered_export,non_registered_export,false,1336,1336,MATCH,84,84,MATCH,MATCH,2020-10-15T11:27:05,2020-10-15T11:27:05,MATCH
session989|non_registered_export,non_registered_export,false,179,179,MATCH,13,13,MATCH,MATCH,2020-10-21T13:23:31,2020-10-21T13:23:31,MATCH
session98|registered_export,registered_export,false,1031,1031,MATCH,33,33,MATCH,MATCH,2020-11-09T12:15:42,2020-11-09T12:15:42,MATCH
session990|registered_export,registered_export,false,71,71,MATCH,0,0,MATCH,MATCH,2020-11-09T10:49:28,2020-11-09T10:49:28,MATCH
session991|non_registered_export,non_registered_export,false,426,426,MATCH,0,0,MATCH,MATCH,2020-10-27T10:54:57,2020-10-27T10:54:57,MATCH
session992|non_registered_export,non_registered_export,false,469,469,MATCH,57,57,MATCH,MATCH,2020-11-12T11:12:16,2020-11-12T11:12:16,MATCH
session993|non_registered_export,non_registered_export,false,272,272,MATCH,52,52,MATCH,MATCH,2020-10-13T12:33:38,2020-10-13T12:33:38,MATCH
session994|non_registered_export,non_registered_export,false,4,4,MATCH,27,27,MATCH,MATCH,2020-10-08T12:44:03,2020-10-08T12:44:03,MATCH
session995|non_registered_export,non_registered_export,false,1310,1310,MATCH,67,67,MATCH,MATCH,2020-10-15T13:04:12,2020-10-15T13:04:12,MATCH
session996|registered_export,registered_export,false,573,573,MATCH,66,66,MATCH,MATCH,2020-11-06T11:00:57,2020-11-06T11:00:57,MATCH
session997|non_registered_export,non_registered_export,false,180,180,MATCH,26,26,MATCH,MATCH,2020-10-13T12:29:16,2020-10-13T12:29:16,MATCH
session998|non_registered_export,non_registered_export,false,49,49,MATCH,29,29,MATCH,MATCH,2020-10-27T12:03:24,2020-10-27T12:03:24,MATCH
session999|registered_export,registered_export,false,1134,1134,MATCH,44,44,MATCH,MATCH,2020-10-07T12:26:23,2020-10-07T12:26:23,MATCH
session99|non_registered_export,non_registered_export,false,404,404,MATCH,54,54,MATCH,MATCH,2020-10-12T12:33:40,2020-10-12T12:33:40,MATCH
session9|non_registered_export,non_registered_export,false,2,2,MATCH,0,0,MATCH,MATCH,2020-11-04T11:11:19,2020-11-04T11:11:19,MATCH
